codigo_negocio,nombre_patrimonio,codigo_entidad,nombre_subtipo_patrimonio,fmin,fmax,n,anio
58908,CASA DE BOLSA QUIMBAYA FONDO  ABIERTO CON PACTO DE PERMANENCIA,76,FIC DE TIPO GENERAL,2016-01-01T00:00:00.000,2016-12-31T00:00:00.000,366,2016
58980,FONDO DE INVERSION COLECTIVA CERRADO DENOMINADO FACTORING,62,FIC DE TIPO GENERAL,2016-01-01T00:00:00.000,2016-12-31T00:00:00.000,366,2016
50406,FONDO DE CAPITAL PRIVADO TRIBECA TERMINAL DE CARGA EL DORADO,16,FONDOS DE CAPITAL PRIVADO,2016-01-01T00:00:00.000,2016-12-31T00:00:00.000,366,2016
58930,FONVAL GLOBAL ESTRUCTURADO II,28,FIC DE TIPO GENERAL,2016-01-01T00:00:00.000,2016-12-31T00:00:00.000,366,2016
59355,FONDO DE INVERSION COLECTIVA CERRADO RENTA CRÉDITO,68,FIC DE TIPO GENERAL,2016-01-01T00:00:00.000,2016-12-31T00:00:00.000,366,2016
46197,NEXUS INMOBILIARIO - COMPARTIMENTO TORRE ALIANZA,21,FONDOS DE CAPITAL PRIVADO,2016-01-01T00:00:00.000,2016-12-31T00:00:00.000,364,2016
64826,FONDO DE CAPITAL PRIVADO INVERSIONES GANADERAS COMPARTIMENTO 38,21,FONDOS DE CAPITAL PRIVADO,2016-09-01T00:00:00.000,2016-12-31T00:00:00.000,122,2016
10936,FONDO ABIERTO ALIANZA,16,FIC DE TIPO GENERAL,2016-01-01T00:00:00.000,2016-12-31T00:00:00.000,3654,2016
58452,"FONDO DE INVERSION COLECTIVA ""SERFINCO AIC GRUPO ARGOS""",62,FIC DE TIPO GENERAL,2016-01-01T00:00:00.000,2016-12-31T00:00:00.000,366,2016
60174,FIC CERRADO MIDAS ALTERNATIVO,10,FIC DE TIPO GENERAL,2016-01-01T00:00:00.000,2016-12-31T00:00:00.000,366,2016
59555,FCP VALOR FORESTAL CAUCHO NATURAL 11,21,FONDOS DE CAPITAL PRIVADO,2016-01-01T00:00:00.000,2016-12-31T00:00:00.000,366,2016
44388,"FONDO DE CAPITAL PRIVADO 11:11 FUND I, FCP",23,FONDOS DE CAPITAL PRIVADO,2016-01-01T00:00:00.000,2016-12-12T00:00:00.000,347,2016
58958,FONDO DE CAPITAL PRIVADO INVERSOR COMPARTIMENTO B,26,FONDOS DE CAPITAL PRIVADO,2016-01-01T00:00:00.000,2016-12-31T00:00:00.000,366,2016
58919,FONVAL GLOBAL VISTA,28,FIC DE TIPO GENERAL,2016-01-01T00:00:00.000,2016-09-15T00:00:00.000,259,2016
54582,COMPARTIMENTO 6 DEL FONDO DE CO-INVERSIÓN CON EL FONDO DE INFRAESTRUCTURA ASHMORE I FCP,16,FONDOS DE CAPITAL PRIVADO,2016-01-01T00:00:00.000,2016-12-31T00:00:00.000,366,2016
58521,FONDO DE INVERSIÓN COLECTIVA CON PACTO DE PERMANENCIA ULTRACCIÓN PREC,62,FIC DE TIPO GENERAL,2016-01-01T00:00:00.000,2016-11-30T00:00:00.000,335,2016
60504,FONDO DE INVERSIÓN COLECTIVA ABIERTO INVERTIR GRUPO ARGOS,9,FIC DE TIPO GENERAL,2016-01-01T00:00:00.000,2016-05-12T00:00:00.000,133,2016
58743,CASA DE BOLSA ACCIONES GLOBALES  FONDO  ABIERTO CON PACTO DE PERMANENCIA,76,FIC DE TIPO GENERAL,2016-01-01T00:00:00.000,2016-12-31T00:00:00.000,366,2016
51953,FONDO DE INVERSIÓN COLECTIVA SKANDIA EFECTIVO,7,FIC DE TIPO GENERAL,2016-01-01T00:00:00.000,2016-12-31T00:00:00.000,1960,2016
60167,FIC ABIERTO MIDAS RENTA FIJA,10,FIC DE MERCADO MONETARIO,2016-01-01T00:00:00.000,2016-12-31T00:00:00.000,366,2016
10440,FONDO DE INVERSION ABIERTO CASH,34,FIC DE TIPO GENERAL,2016-01-01T00:00:00.000,2016-12-31T00:00:00.000,366,2016
62556,FONDO DE CAPITAL PRIVADO INVERSIONES GANADERAS COMPARTIMENTO 36,21,FONDOS DE CAPITAL PRIVADO,2016-04-06T00:00:00.000,2016-12-31T00:00:00.000,270,2016
9641,F.I.C. CON PACTO DE PERMANENCIA MULTIPLICAR,20,FIC DE TIPO GENERAL,2016-01-01T00:00:00.000,2016-12-31T00:00:00.000,366,2016
60927,COMP I - FCP FONDO BBP REAL,9,FONDOS DE CAPITAL PRIVADO,2016-01-01T00:00:00.000,2016-12-31T00:00:00.000,366,2016
11207,FONDO AUREOS COLOMBIA,40,FONDOS DE CAPITAL PRIVADO,2016-01-01T00:00:00.000,2016-12-31T00:00:00.000,366,2016
61384,"MAS EQUITY FUND III COLOMBIA, FCP",9,FONDOS DE CAPITAL PRIVADO,2016-02-29T00:00:00.000,2016-12-31T00:00:00.000,307,2016
53965,FIC CORPORATIVO II,58,FIC DE TIPO GENERAL,2016-01-01T00:00:00.000,2016-12-31T00:00:00.000,366,2016
66648,FONDO INMOBILIARIO FIDUPAÍS FIC CERRADO NO. 1 EN DERECHOS FIDUCIARIOS SOBRE INMUEBLES,68,FIC INMOBILIARIAS,2016-12-12T00:00:00.000,2016-12-31T00:00:00.000,20,2016
53966,FIC CORPORATIVO III,58,FIC DE TIPO GENERAL,2016-01-01T00:00:00.000,2016-12-31T00:00:00.000,366,2016
60404,FONDO DE INVERSION COLECTIVA ACCIONES COLOMBIA,5,FIC DE TIPO GENERAL,2016-01-01T00:00:00.000,2016-12-31T00:00:00.000,366,2016
62717,FICC FONDO DE DERECHOS FIDUCIARIOS SOBRE INMUEBLES NO 1,57,FIC INMOBILIARIAS,2016-01-01T00:00:00.000,2016-12-11T00:00:00.000,346,2016
58699,FONDO DE INVERSIÓN COLECTIVA ABIERTO CON PACTO DE PERMANENCIA BTG PACTUAL ACCIONES COLOMBIA,14,FIC DE TIPO GENERAL,2016-01-01T00:00:00.000,2016-12-31T00:00:00.000,1755,2016
59551,FCP VALOR FORESTAL CAUCHO NATURAL 10,21,FONDOS DE CAPITAL PRIVADO,2016-01-01T00:00:00.000,2016-12-31T00:00:00.000,366,2016
9448,FONDO DE INVERSIÓN COLECTIVA ABIERTO SIN PACTO DE PERMANENCIA AVANZA RENTA FIJA,21,FIC DE TIPO GENERAL,2016-01-01T00:00:00.000,2016-12-31T00:00:00.000,364,2016
58710,FONDO DE INVERSIÓN COLECTIVA ABIERTO CON PACTO DE PERMANENCIA BTG PACTUAL MILA,14,FIC DE TIPO GENERAL,2016-01-01T00:00:00.000,2016-12-31T00:00:00.000,561,2016
9792,FONDO DE INVERSION COLECTIVA DAVIPLUS RENTA FIJA PESOS,42,FIC DE TIPO GENERAL,2016-01-01T00:00:00.000,2016-12-31T00:00:00.000,366,2016
58695,FONDO DE INVERSION COLECTIVA ACCIVAL VISTA,3,FIC DE TIPO GENERAL,2016-01-01T00:00:00.000,2016-12-31T00:00:00.000,366,2016
53957,F.I.C. VALOR PLUS IV,20,FIC DE TIPO GENERAL,2016-01-01T00:00:00.000,2016-12-31T00:00:00.000,366,2016
60619,OLD MUTUAL FONDO DE INVERSIÓN COLECTIVA LIQUIDEZ,93,FIC DE TIPO GENERAL,2016-01-01T00:00:00.000,2016-12-31T00:00:00.000,366,2016
58970,FONVAL GLOBAL ESTRUCTURADO V,28,FIC DE TIPO GENERAL,2016-01-01T00:00:00.000,2016-12-31T00:00:00.000,366,2016
59717,FONDO DE CAPITAL PRIVADO INVERSIONES GANADERAS COMPARTIMENTO 9,21,FONDOS DE CAPITAL PRIVADO,2016-01-01T00:00:00.000,2016-12-31T00:00:00.000,366,2016
60386,FONDO DE INVERSIÓN COLECTIVA CON PACTO DE PERMANENCIA ULTRACCIÓN NUTRESA,62,FIC DE TIPO GENERAL,2016-01-01T00:00:00.000,2016-04-01T00:00:00.000,92,2016
43502,FONDO BURSÁTIL GLOBAL X COLOMBIA SELECT DE S&P,22,FIC BURSATILES,2016-01-01T00:00:00.000,2016-12-31T00:00:00.000,366,2016
60479,FONDO DE INVERSIÓN COLECTIVA ABIERTO INVERTIR BANCOLOMBIA,9,FIC DE TIPO GENERAL,2016-01-01T00:00:00.000,2016-12-31T00:00:00.000,366,2016
60541,FONDO DE INVERSIÓN COLECTIVA ABIERTO INVERTIR ENERGÍA,9,FIC DE TIPO GENERAL,2016-01-01T00:00:00.000,2016-05-12T00:00:00.000,133,2016
58903,FONVAL DEUDA PUBLICA MEDIANO PLAZO,28,FIC DE TIPO GENERAL,2016-01-01T00:00:00.000,2016-12-31T00:00:00.000,366,2016
59114,FIC ABIERTO CON PACTO DE PERMANENCIA VALOR TESORO,21,FIC DE TIPO GENERAL,2016-01-01T00:00:00.000,2016-12-31T00:00:00.000,366,2016
59422,FONVAL DERECHOS ECONOMICOS 2020 EN LIQUIDACIÓN,28,FIC DE TIPO GENERAL,2016-01-01T00:00:00.000,2016-12-31T00:00:00.000,366,2016
59356,FONDO DE INVERSION COLECTIVA CERRADO GLOBAL SECURITIES CREDIT OPPORTUNITIES FUND TITULOS VALORES,68,FIC DE TIPO GENERAL,2016-01-01T00:00:00.000,2016-12-31T00:00:00.000,366,2016
59505,CARTERA COLECTIVA ESCALONADA INTERBOLSA FACTORING,68,FIC DE TIPO GENERAL,2016-01-01T00:00:00.000,2016-12-31T00:00:00.000,366,2016
58437,"FONDO DE INVERSION COLECTIVA ""SERFINCO AIC ECOPETROL""",62,FIC DE TIPO GENERAL,2016-01-01T00:00:00.000,2016-12-31T00:00:00.000,366,2016
53967,FIC COLECTIVO II,58,FIC DE TIPO GENERAL,2016-01-01T00:00:00.000,2016-12-31T00:00:00.000,366,2016
59417,FONVAL DERECHOS ECONOMICOS 2017,28,FIC DE TIPO GENERAL,2016-01-01T00:00:00.000,2016-12-31T00:00:00.000,366,2016
62633,FIDUCOLDEX CAPITAL INTELIGENTE FONDO DE INVERSION COLECTIVA,40,FIC DE TIPO GENERAL,2016-04-27T00:00:00.000,2016-12-31T00:00:00.000,498,2016
58916,FONVAL ACCIONES RECURSOS NATURALES,28,FIC DE TIPO GENERAL,2016-01-01T00:00:00.000,2016-12-31T00:00:00.000,366,2016
11714,FONDO ABIERTO FIDUCIARIA CENTRAL,38,FIC DE TIPO GENERAL,2016-01-01T00:00:00.000,2016-12-31T00:00:00.000,366,2016
48153,FONDO DE INVERSION COLECTIVA ABIERTO ITAU CORTO PLAZO,23,FIC DE TIPO GENERAL,2016-01-01T00:00:00.000,2016-12-31T00:00:00.000,366,2016
59120,FIC ABIERTO CON PACTO DE PERMANENCIA RENTA TOTAL 180,21,FIC DE TIPO GENERAL,2016-01-01T00:00:00.000,2016-12-31T00:00:00.000,366,2016
59404,FCP VALOR FORESTAL CAUCHO NATURAL 4,21,FONDOS DE CAPITAL PRIVADO,2016-01-01T00:00:00.000,2016-12-31T00:00:00.000,366,2016
58684,FONDO DE INVERSIÓN COLECTIVA ABIERTO BTG PACTUAL DEUDA PÚBLICA,14,FIC DE TIPO GENERAL,2016-01-01T00:00:00.000,2016-12-31T00:00:00.000,366,2016
60507,FONDO DE INVERSIÓN COLECTIVA ABIERTO INVERTIR GRUPO SURA,9,FIC DE TIPO GENERAL,2016-01-01T00:00:00.000,2016-05-12T00:00:00.000,133,2016
50277,FONDO DE CAPITAL PRIVADO RUTA DEL SOL COMPARTIMENTO A2,16,FONDOS DE CAPITAL PRIVADO,2016-01-01T00:00:00.000,2016-12-31T00:00:00.000,366,2016
66509,"FONDO DE INVERSION COLECTIVA CERRADO INMOBILIARIO ""PROGRESION RENTAR 2015""",11,FIC INMOBILIARIAS,2016-12-05T00:00:00.000,2016-12-31T00:00:00.000,27,2016
60349,FONDO DE INVERSIÓN COLECTIVA ABIERTO CON PACTO DE PERMANENCIA ULTRAINVERSIÓN,62,FIC DE TIPO GENERAL,2016-01-01T00:00:00.000,2016-12-31T00:00:00.000,366,2016
50280,FONDO DE CAPITAL PRIVADO RUTA DEL SOL COMPARTIMENTO B2,16,FONDOS DE CAPITAL PRIVADO,2016-01-01T00:00:00.000,2016-12-31T00:00:00.000,366,2016
59954,INMOVAL DESARROLLOS - EN LIQUIDACION,28,FIC INMOBILIARIAS,2016-01-01T00:00:00.000,2016-12-31T00:00:00.000,366,2016
60194,FONDO DE INVERSIÓN COLECTIVA ABIERTO BTG PACTUAL BALANCEADO,14,FIC DE TIPO GENERAL,2016-01-01T00:00:00.000,2016-01-26T00:00:00.000,26,2016
59953,CPVAL DISTRIBUCION DE COMBUSTIBLES,28,FONDOS DE CAPITAL PRIVADO,2016-01-01T00:00:00.000,2016-12-28T00:00:00.000,363,2016
65869,FONDO DE CAPITAL PRIVADO YELLOWSTONE CAPITAL FUND I- COMPARTIMENTO AI,16,FONDOS DE CAPITAL PRIVADO,2016-11-17T00:00:00.000,2016-12-31T00:00:00.000,45,2016
11403,CARTERA COLECTIVA ABIERTA CON PACTO DE PERMANENCIA EFECTIVO A PLAZOS - CARTERA CON COMPARTIMENTOS,12,FIC DE TIPO GENERAL,2016-01-01T00:00:00.000,2016-12-31T00:00:00.000,732,2016
66652,FONDO DE CAPITAL TERRANUM COMPARTIMENTO,16,FONDOS DE CAPITAL PRIVADO,2016-12-15T00:00:00.000,2016-12-31T00:00:00.000,17,2016
59002,FONDO DE CAPITAL PRIVADO ALTRA FCP II,26,FONDOS DE CAPITAL PRIVADO,2016-01-01T00:00:00.000,2016-12-31T00:00:00.000,366,2016
58438,"FONDO DE INVERSION COLECTIVA ""SERFINCO ACCIONES""",62,FIC DE TIPO GENERAL,2016-01-01T00:00:00.000,2016-12-31T00:00:00.000,366,2016
60539,FONDO DE INVERSIÓN COLECTIVA ABIERTO CON PACTO  DE PERMANENCIA AFIN ECOPETROL,5,FIC DE TIPO GENERAL,2016-01-01T00:00:00.000,2016-08-31T00:00:00.000,244,2016
51220,COMPARTIMENTO DIVERSIFICADO DE DESARROLLOS INMOBILIARIOS,21,FONDOS DE CAPITAL PRIVADO,2016-01-01T00:00:00.000,2016-12-31T00:00:00.000,364,2016
61078,FONDO DE INVERSION COLECTIVA CERRADO PODER,91,FIC DE TIPO GENERAL,2016-01-01T00:00:00.000,2016-12-31T00:00:00.000,366,2016
62722,FICC FONDO DE DERECHOS FIDUCIARIOS SOBRE INMUEBLES NO 2,57,FIC INMOBILIARIAS,2016-01-01T00:00:00.000,2016-12-11T00:00:00.000,346,2016
63109,FONDO DE INVERSION COLECTIVA ABIERTO PROGRESION LIQUIDEZ,11,FIC DE TIPO GENERAL,2016-05-16T00:00:00.000,2016-12-31T00:00:00.000,230,2016
60599,FONDO DE CAPITAL PRIVADO BTG PACUAL CACAO SUBCOMP Z ECOCACAO - COMP I - FCP BTG PACTUAL FCP CACAO,14,FONDOS DE CAPITAL PRIVADO,2016-01-01T00:00:00.000,2016-12-31T00:00:00.000,366,2016
59807,FONDO DE CAPITAL PRIVADO  INVERSIONES GANADERAS COMPARTIMENTO 8,21,FONDOS DE CAPITAL PRIVADO,2016-01-01T00:00:00.000,2016-12-31T00:00:00.000,366,2016
58447,"FONDO DE INVERSION COLECTIVA ""SERFINCO AIC ISAGEN""",62,FIC DE TIPO GENERAL,2016-01-01T00:00:00.000,2016-06-07T00:00:00.000,159,2016
50509,FONDO DE CAPITAL PRIVADO INVERLINK ESTRUCTURAS INMOBILIARIAS COMPARTIMENTO UNO TIPO DE UNIDAD B,16,FONDOS DE CAPITAL PRIVADO,2016-01-01T00:00:00.000,2016-12-31T00:00:00.000,366,2016
42259,COMPARTIMENTO II DEL FONDO DE CAPITAL PRIVADO FINTRA,20,FONDOS DE CAPITAL PRIVADO,2016-01-01T00:00:00.000,2016-12-31T00:00:00.000,366,2016
60646,FONDO DE INVERSIÓN COLECTIVA CERRADO LIBRANZAS 2009 CLASE A SEPTIMO TRAMO,11,FIC DE TIPO GENERAL,2016-01-01T00:00:00.000,2016-08-10T00:00:00.000,223,2016
49410,FONDO DE INVERSION COLECTIVA CERRADA ACCICOLF VANGUARDIA ACCIONES ORDINARIAS,23,FIC DE TIPO GENERAL,2016-01-01T00:00:00.000,2016-12-31T00:00:00.000,366,2016
58564,FONDO DE INVERSIÓN COLECTIVA ABIERTO BTG PACTUAL LIQUIDEZ,14,FIC DE MERCADO MONETARIO,2016-01-01T00:00:00.000,2016-12-31T00:00:00.000,1830,2016
51325,FONDO NAZCA INVESTMENT,21,FONDOS DE CAPITAL PRIVADO,2016-01-01T00:00:00.000,2016-12-31T00:00:00.000,364,2016
60567,FONDO DE CAPITAL PRIVADO BTG PACUAL CACAO SUBCOMP A - COMP I - FCP BTG PACTUAL FCP CACAO,14,FONDOS DE CAPITAL PRIVADO,2016-01-01T00:00:00.000,2016-12-31T00:00:00.000,366,2016
54573,FONDO DE INVERSIÓN COLECTIVA ABIERTO SIN PACTO DE PERMANENCIA ARCO IRIS CONSERVADOR,33,FIC DE TIPO GENERAL,2016-01-01T00:00:00.000,2016-12-31T00:00:00.000,366,2016
60196,FONDO DE INVERSIÓN COLECTIVA ABIERTO BTG PACTUAL BALANCEADO CRECIMIENTO,14,FIC DE TIPO GENERAL,2016-01-01T00:00:00.000,2016-02-08T00:00:00.000,39,2016
50413,FONDO DE CAPITAL PRIVADO TRIBECA FUND I FCP,16,FONDOS DE CAPITAL PRIVADO,2016-01-01T00:00:00.000,2016-12-31T00:00:00.000,366,2016
59692,FCP VALOR INMOBILIARIO TERMINALES LOGISTICOS DE COLOMBIA - CARTAGENA,21,FONDOS DE CAPITAL PRIVADO,2016-01-01T00:00:00.000,2016-12-31T00:00:00.000,366,2016
60200,FONDO DE INVERSIÓN COLECTIVA CERRADO BTG PACTUAL CREDIVALORES I,14,FIC DE TIPO GENERAL,2016-01-01T00:00:00.000,2016-12-31T00:00:00.000,732,2016
22969,FONDO DE INVERSION COLECTIVA ABIERTO SUMAR,22,FIC DE TIPO GENERAL,2016-01-01T00:00:00.000,2016-12-31T00:00:00.000,4026,2016
59354,FONDO DE INVERSION COLECTIVA CERRADO GLOBAL SECURITIES CREDIT OPPORTUNITIES FUND FACTURAS,68,FIC DE TIPO GENERAL,2016-01-01T00:00:00.000,2016-12-31T00:00:00.000,366,2016
65422,FONDO DE CAPITAL PRIVADO INVERSIONES GANADERAS COMPARTIMENTO 39,21,FONDOS DE CAPITAL PRIVADO,2016-10-04T00:00:00.000,2016-12-31T00:00:00.000,89,2016
58744,CASA DE BOLSA ESTRATEGIA MODERADA  FONDO  ABIERTO CON PACTO DE PERMANENCIA,76,FIC DE TIPO GENERAL,2016-01-01T00:00:00.000,2016-12-31T00:00:00.000,366,2016
58440,"FONDO DE INVERSION COLECTIVA ""SERFINCO AIC BANCOLOMBIA""",62,FIC DE TIPO GENERAL,2016-01-01T00:00:00.000,2016-12-31T00:00:00.000,366,2016
53956,F.I.C. VALOR PLUS III,20,FIC DE TIPO GENERAL,2016-01-01T00:00:00.000,2016-12-31T00:00:00.000,366,2016
59252,FONDO DE CAPITAL PRIVADO FONDO ESCALA CAPITAL EN LIQUIDACIÓN,22,FONDOS DE CAPITAL PRIVADO,2016-01-01T00:00:00.000,2016-12-31T00:00:00.000,732,2016
58957,FONDO DE CAPITAL PRIVADO INVERSOR COMPARTIMENTO A,26,FONDOS DE CAPITAL PRIVADO,2016-01-01T00:00:00.000,2016-12-31T00:00:00.000,366,2016
67318,FONDO DE CAPITAL PRIVADO VALOR INMOBILIARIO COMPARTIMENTO 4 SENIOR  CAPITAL,21,FONDOS DE CAPITAL PRIVADO,2016-12-29T00:00:00.000,2016-12-31T00:00:00.000,3,2016
60921,"SUBFONDO E - TRANSANDINO COLOMBIA, FCP",9,FONDOS DE CAPITAL PRIVADO,2016-01-01T00:00:00.000,2016-12-31T00:00:00.000,366,2016
8686,FONDO DE INVERSIÓN COLECTIVA ABIERTO CON PACTO DE PERMANENCIA Y  PARTICIPACIONES DIFERENCIALES BBVA,3,FIC DE TIPO GENERAL,2016-01-01T00:00:00.000,2016-12-31T00:00:00.000,366,2016
62250,FONDO DE INVERSIÓN COLECTIVA OPCIÓN CERRADA A 550 DÍAS,62,FIC DE TIPO GENERAL,2016-03-17T00:00:00.000,2016-12-31T00:00:00.000,290,2016
58921,CREDICORP CAPITAL RENTA FIJA GLOBAL,28,FIC DE TIPO GENERAL,2016-01-01T00:00:00.000,2016-12-31T00:00:00.000,366,2016
58740,FICS SIN  PACTO DE PERMANENCIA ACCIVAL ACCIONES GLOBAL,3,FIC DE TIPO GENERAL,2016-01-01T00:00:00.000,2016-12-31T00:00:00.000,366,2016
60544,FONDO DE INVERSIÓN COLECTIVA CON PACTO DE PERMANENCIA ULTRACCIÓN GRUPO SURA,62,FIC DE TIPO GENERAL,2016-01-01T00:00:00.000,2016-08-24T00:00:00.000,237,2016
60483,FONDO DE INVERSIÓN COLECTIVA ABIERTO INVERTIR CEMENTOS ARGOS,9,FIC DE TIPO GENERAL,2016-01-01T00:00:00.000,2016-12-31T00:00:00.000,366,2016
8734,FONDO DE INVERSIÓN COLECTIVA ABIERTO BBVA EFECTIVO CON PARTICIPACIONES DIFERENCIALES,3,FIC DE TIPO GENERAL,2016-01-01T00:00:00.000,2016-12-31T00:00:00.000,1769,2016
58534,FONDO DE INVERSIÓN COLECTIVA CON PACTO DE PERMANENCIA ULTRACCIÓN AVIANCA,62,FIC DE TIPO GENERAL,2016-01-01T00:00:00.000,2016-08-24T00:00:00.000,237,2016
50398,FONDO DE CAPITAL PRIVADO INVERLINK ESTRUCTURAS INMOBILIARIAS- COMPARTIMENTO PARALELO 26,16,FONDOS DE CAPITAL PRIVADO,2016-01-01T00:00:00.000,2016-12-31T00:00:00.000,366,2016
60604,FONDO DE INVESRION COLECTIVA AFIN-FACTORING EN LIQUIDACION,5,FIC DE TIPO GENERAL,2016-01-01T00:00:00.000,2016-12-31T00:00:00.000,366,2016
17653,FONDO DE INVERSION COLECTIVA ABIERTO 1525,25,FIC DE MERCADO MONETARIO,2016-01-01T00:00:00.000,2016-12-31T00:00:00.000,366,2016
58946,FONDO DE CAPITAL PRIVADO ENERGETICO - COMPARTIMENTO A,26,FONDOS DE CAPITAL PRIVADO,2016-01-01T00:00:00.000,2016-12-31T00:00:00.000,366,2016
29497,FONDO DE INVERSIÓN COLECTIVA ABIERTO CON PACTO DE PERMANENCIA CUBRIR BALANCEADO INTERNACIONAL,22,FIC DE TIPO GENERAL,2016-01-01T00:00:00.000,2016-12-31T00:00:00.000,366,2016
58512,FONDO DE INVERSIÓN COLECTIVA CON PACTO DE PERMANENCIA ULTRACCIÓN ETB,62,FIC DE TIPO GENERAL,2016-01-01T00:00:00.000,2016-08-24T00:00:00.000,237,2016
54077,FONDO DE INVERSIÓN COLECTIVA ABIERTO CON PACTO DE PERMANENCIA ES+,22,FIC DE TIPO GENERAL,2016-02-26T00:00:00.000,2016-12-31T00:00:00.000,930,2016
10779,RENTAFACIL FONDO DE INVERSION COLECTIVA ABIERTO,6,FIC DE TIPO GENERAL,2016-01-01T00:00:00.000,2016-12-31T00:00:00.000,366,2016
60527,FONDO DE CAPITAL PRIVADO BTG PACUAL CACAO COMPARTIMENTO I,14,FONDOS DE CAPITAL PRIVADO,2016-01-01T00:00:00.000,2016-01-01T00:00:00.000,1,2016
58897,CREDICORP CAPITAL RENTA FIJA COLOMBIA,28,FIC DE TIPO GENERAL,2016-01-01T00:00:00.000,2016-12-31T00:00:00.000,366,2016
60606,FONDO DE CAPITAL PRIVADO BTG PACUAL CACAO SUBCOMP Z NECOCLI - COMP I - FCP BTG PACTUAL FCP CACAO,14,FONDOS DE CAPITAL PRIVADO,2016-01-01T00:00:00.000,2016-12-31T00:00:00.000,366,2016
59537,FCP VALOR FORESTAL CAUCHO NATURAL 8,21,FONDOS DE CAPITAL PRIVADO,2016-01-01T00:00:00.000,2016-12-31T00:00:00.000,366,2016
58444,"FONDO DE INVERSION COLECTIVA ""SERFINCO AIC DAVIVIENDA""",62,FIC DE TIPO GENERAL,2016-01-01T00:00:00.000,2016-12-31T00:00:00.000,366,2016
51965,OLD MUTUAL  FONDO DE INVERSIÓN COLECTIVA ACCIONES GLOBAL,7,FIC DE TIPO GENERAL,2016-01-01T00:00:00.000,2016-05-12T00:00:00.000,307,2016
59295,FONDO DE INVERSIÓN COLECTIVA ABIERTO ALIANZA LIQUIDEZ,51,FIC DE TIPO GENERAL,2016-01-01T00:00:00.000,2016-12-31T00:00:00.000,3072,2016
64880,OLD MUTUAL  FONDO DE INVERSIÓN COLECTIVA CAT IV,7,FIC DE TIPO GENERAL,2016-09-09T00:00:00.000,2016-12-31T00:00:00.000,114,2016
36570,FONDO ABIERTO 1525 FIDUCENTRAL,38,FIC DE TIPO GENERAL,2016-01-01T00:00:00.000,2016-12-31T00:00:00.000,366,2016
3895,FONDO DE INVERSIÓN COLECTIVA ABIERTA SIN PACTO DE PERMANENCIA FIDUEXCEDENTES,31,FIC DE TIPO GENERAL,2016-01-01T00:00:00.000,2016-12-31T00:00:00.000,364,2016
58442,"FONDO DE INVERSION COLECTIVA ""SERFINCO AIC PACIFIC RUBIALES""",62,FIC DE TIPO GENERAL,2016-01-01T00:00:00.000,2016-12-11T00:00:00.000,346,2016
59144,FONDO DE CAPITAL PRIVADO TEKA COLOMBIA I COMPARTIMENTO LP,26,FONDOS DE CAPITAL PRIVADO,2016-01-01T00:00:00.000,2016-12-31T00:00:00.000,366,2016
51615,COMPARTIMENTO A FCP AVENIDA COLOMBIA PEF,20,FONDOS DE CAPITAL PRIVADO,2016-01-01T00:00:00.000,2016-12-31T00:00:00.000,366,2016
60103,FONDO DE INVERSION COLECTIVA ABIERTO SIN PACTO DE PERMANENCIA PERFIL MODERADO,62,FIC DE TIPO GENERAL,2016-01-01T00:00:00.000,2016-12-31T00:00:00.000,366,2016
58454,FONDO DE INVERSIÓN COLECTIVA CON PACTO DE PERMANENCIA ULTRACCIÓN RECOMENDADO,62,FIC DE TIPO GENERAL,2016-01-01T00:00:00.000,2016-06-24T00:00:00.000,176,2016
14173,FONDO DE CAPITAL PRIVADO NEXUS INFRAESTRUCTURA I FCP EN LIQUIDACION,31,FONDOS DE CAPITAL PRIVADO,2016-01-01T00:00:00.000,2016-12-31T00:00:00.000,728,2016
28403,FONDO DE CAPITAL PRIVADO OXO - PROPIEDADES SOSTENIBLES COMPARTIMENTO I. CARTAGENA. OXO - PROPIEDADE,16,FONDOS DE CAPITAL PRIVADO,2016-01-01T00:00:00.000,2016-12-31T00:00:00.000,366,2016
58612,FONDO DE INVERSIÓN COLECTIVA CON PACTO DE PERMANENCIA ULTRACCIÓN ECOPETROL II,62,FIC DE TIPO GENERAL,2016-01-01T00:00:00.000,2016-06-24T00:00:00.000,176,2016
51968,FONDO DE INVERSIÓN COLECTIVA INMOBILIARIO CERRADO SKANDIA COMPRAR PARA ARRENDAR-I,7,FIC INMOBILIARIAS,2016-01-01T00:00:00.000,2016-12-31T00:00:00.000,533,2016
11627,FONDO DE INVERSION COLECTIVA ABIERTO RENDIR,25,FIC DE TIPO GENERAL,2016-01-01T00:00:00.000,2016-12-31T00:00:00.000,366,2016
10824,FONDO ABIERTO CON PACTO DE PERMANENCIA CXC,16,FIC DE TIPO GENERAL,2016-01-01T00:00:00.000,2016-12-31T00:00:00.000,2196,2016
62622,FIC ABIERTO MIDAS MIDAS MONEY MARKET,10,FIC DE MERCADO MONETARIO,2016-04-11T00:00:00.000,2016-12-31T00:00:00.000,265,2016
64228,FONDO DE CAPITAL PRIVADO COMPARTIMENTO SANTANDER I,97,FONDOS DE CAPITAL PRIVADO,2016-07-22T00:00:00.000,2016-12-31T00:00:00.000,163,2016
61588,OLD MUTUAL  FONDO DE INVERSIÓN COLECTIVA ACCIONES PESOS,7,FIC DE TIPO GENERAL,2016-02-04T00:00:00.000,2016-09-26T00:00:00.000,460,2016
59721,FONDO DE CAPITAL PRIVADO  INVERSIONES GANADERAS COMPARTIMENTO 10,21,FONDOS DE CAPITAL PRIVADO,2016-01-01T00:00:00.000,2016-12-31T00:00:00.000,366,2016
11407,CARTERA COLECTIVA ABIERTA DE ALTA LIQUIDEZ,12,FIC DE TIPO GENERAL,2016-01-01T00:00:00.000,2016-12-31T00:00:00.000,366,2016
59830,FONDO DE CAPITAL PRIVADO ? INVERSIONES GANADERAS COMPARTIMENTO 26,21,FONDOS DE CAPITAL PRIVADO,2016-01-01T00:00:00.000,2016-04-06T00:00:00.000,97,2016
29496,FONDO DE INVERSIÓN COLECTIVA ABIERTO CON PACTO DE PERMANENCIA FIDUACCIÓN,22,FIC DE TIPO GENERAL,2016-01-01T00:00:00.000,2016-12-31T00:00:00.000,366,2016
59143,FONDO DE CAPITAL PRIVADO TEKA COLOMBIA I COMPARTIMENTO GP,26,FONDOS DE CAPITAL PRIVADO,2016-01-01T00:00:00.000,2016-12-31T00:00:00.000,366,2016
59103,FONDO DE INVERSION COLECTIVA ABIERTO SEGURIDAD BOLIVAR,5,FIC DE TIPO GENERAL,2016-01-01T00:00:00.000,2016-10-30T00:00:00.000,304,2016
59741,FONDO DE INVERSION COLECTIVA ABIERTO RENTA FIJA PLUS,22,FIC DE TIPO GENERAL,2016-01-01T00:00:00.000,2016-12-31T00:00:00.000,366,2016
51218,COMPARTIMENTO INMOBILIARIO TRIPLE A,21,FONDOS DE CAPITAL PRIVADO,2016-01-01T00:00:00.000,2016-12-31T00:00:00.000,364,2016
60070,FONDO DE INVERSIÓN COLECTIVA ABIERTO CON PACTO DE PERMANENCIA POR 30 DÍAS DE NATURALEZA APALANCADA,62,FIC DE TIPO GENERAL,2016-01-01T00:00:00.000,2016-12-31T00:00:00.000,366,2016
56834,FIC F3 DE LA FAMILIA DE FONDOS RENTASEMILLA,39,FIC DE TIPO GENERAL,2016-01-01T00:00:00.000,2016-12-31T00:00:00.000,366,2016
60509,FONDO DE INVERSIÓN COLECTIVA ABIERTO CON PACTO DE PERMANENCIA ADCAP MULTIPLAZOS,9,FIC DE TIPO GENERAL,2016-01-01T00:00:00.000,2016-12-31T00:00:00.000,366,2016
58920,FONVAL GLOBAL DEUDA ALTO RENDIMIENTO,28,FIC DE TIPO GENERAL,2016-01-01T00:00:00.000,2016-02-29T00:00:00.000,60,2016
13263,FONDO DE CAPITAL PRIVADO PROGRESA CAPITAL EN LIQUIDACIÓN,31,FONDOS DE CAPITAL PRIVADO,2016-01-01T00:00:00.000,2016-12-31T00:00:00.000,364,2016
59078,FONDO DE INVERSIÓN COLECTIVA DIVERSIFICADO MODERADO,26,FIC DE TIPO GENERAL,2016-01-01T00:00:00.000,2016-12-31T00:00:00.000,366,2016
58439,FONDO DE INVERSION COLECTIVA CERRADO DENOMINADO ESPARTA 180,62,FIC DE TIPO GENERAL,2016-01-01T00:00:00.000,2016-12-31T00:00:00.000,366,2016
58971,FONVAL GLOBAL ESTRUCTURADO VI,28,FIC DE TIPO GENERAL,2016-01-01T00:00:00.000,2016-12-31T00:00:00.000,366,2016
58455,FONDO DE INVERSIÓN COLECTIVA CON PACTO DE PERMANENCIA ULTRACCIÓN ECOPETROL,62,FIC DE TIPO GENERAL,2016-01-01T00:00:00.000,2016-06-24T00:00:00.000,176,2016
59545,FCP VALOR FORESTAL CAUCHO NATURAL 9,21,FONDOS DE CAPITAL PRIVADO,2016-01-01T00:00:00.000,2016-12-31T00:00:00.000,366,2016
9644,F.I.C. RENTA PLUS,20,FIC DE TIPO GENERAL,2016-01-01T00:00:00.000,2016-12-31T00:00:00.000,366,2016
60117,FONDO DE INVERSION COLECTIVA ABIERTO SIN PACTO DE PERMANENCIA PERFIL CONSERVADOR,62,FIC DE TIPO GENERAL,2016-01-01T00:00:00.000,2016-12-31T00:00:00.000,366,2016
59371,FCP VALOR FORESTAL CAUCHO NATURAL 3,21,FONDOS DE CAPITAL PRIVADO,2016-01-01T00:00:00.000,2016-12-31T00:00:00.000,366,2016
58907,FONVAL ACCIONES VALOR,28,FIC DE TIPO GENERAL,2016-01-01T00:00:00.000,2016-12-31T00:00:00.000,366,2016
63806,FONDO DE INVERSION COLECTIVA INMOBILIARIO EDIFICAR,58,FIC INMOBILIARIAS,2016-08-02T00:00:00.000,2016-12-31T00:00:00.000,152,2016
60230,FONDO DE CAPITAL PRIVADO MEDICAL,11,FONDOS DE CAPITAL PRIVADO,2016-01-01T00:00:00.000,2016-12-31T00:00:00.000,366,2016
53972,FIC PENSIONES V,58,FIC DE TIPO GENERAL,2016-01-01T00:00:00.000,2016-12-31T00:00:00.000,366,2016
59859,FONDO DE CAPITAL PRIVADO  INVERSIONES GANADERAS COMPARTIMENTO 32,21,FONDOS DE CAPITAL PRIVADO,2016-01-01T00:00:00.000,2016-12-31T00:00:00.000,366,2016
64129,FONDO ASHMORE ANDINO II - FCP COMPARTIMENTO B,16,FONDOS DE CAPITAL PRIVADO,2016-10-12T00:00:00.000,2016-12-31T00:00:00.000,81,2016
60925,COMP III MAS COLOMBIA OPPORTUNITY - FCP MAS COLOMBIA LATAM,9,FONDOS DE CAPITAL PRIVADO,2016-01-01T00:00:00.000,2016-12-31T00:00:00.000,366,2016
29133,FONDO DE INVERSIÓN COLECTIVA ABIERTO FIDUCREDICORP VISTA,59,FIC DE TIPO GENERAL,2016-01-01T00:00:00.000,2016-12-31T00:00:00.000,366,2016
59201,FIC FACTOR FUTURO - EN LIQUIDACIÓN,26,FIC DE TIPO GENERAL,2016-01-01T00:00:00.000,2016-12-31T00:00:00.000,366,2016
54577,FONDO DE INVERSION COLECTIVA ABIERTO CON PACTO DE PERMANENCIA ARCO IRIS DEUDA PRIVADA,33,FIC DE TIPO GENERAL,2016-01-01T00:00:00.000,2016-12-31T00:00:00.000,366,2016
51954,OLD MUTUAL FONDO DE INVERSIÓN COLECTIVA LIQUIDEZ COLOMBIA,7,FIC DE TIPO GENERAL,2016-01-01T00:00:00.000,2016-08-02T00:00:00.000,430,2016
58735,FONDO DE INVERSION COLECTIVA  ABIERTO ACCIVAL ACCIONES DINAMICO,3,FIC DE TIPO GENERAL,2016-01-01T00:00:00.000,2016-12-31T00:00:00.000,366,2016
57620,OLD MUTUAL FONDO DE INVERSIÓN COLECTIVA CAT 180 VII,7,FIC DE TIPO GENERAL,2016-01-01T00:00:00.000,2016-05-25T00:00:00.000,146,2016
31508,FONDO DE INVERSION COLECTIVA ABIERTO RENTAR 30,18,FIC DE TIPO GENERAL,2016-01-01T00:00:00.000,2016-12-31T00:00:00.000,366,2016
60535,FONDO DE INVERSIÓN COLECTIVA ABIERTO INVERTIR ETF S&P 500,9,FIC DE TIPO GENERAL,2016-01-01T00:00:00.000,2016-12-31T00:00:00.000,366,2016
61354,FONDO DE CAPITAL PRIVADO POR COMPARTIMENTOS SERFINCO AGRONEGOCIOS- COMPARTIMENTO CACAO AGROFORESTAL,62,FONDOS DE CAPITAL PRIVADO,2016-01-01T00:00:00.000,2016-12-31T00:00:00.000,366,2016
59008,FONDO DE CAPITAL PRIVADO TC LATAM - COMPARTIMENTO A,26,FONDOS DE CAPITAL PRIVADO,2016-01-01T00:00:00.000,2016-12-31T00:00:00.000,366,2016
9438,FONDO DE INVERSIÓN COLECTIVA ABIERTO SIN PACTO DE PERMANENCIA OCCIRENTA,21,FIC DE TIPO GENERAL,2016-01-01T00:00:00.000,2016-12-31T00:00:00.000,968,2016
50408,FONDO DE CAPITAL PRIVADO TRIBECA HOMECARE FUND I,16,FONDOS DE CAPITAL PRIVADO,2016-01-01T00:00:00.000,2016-12-31T00:00:00.000,366,2016
42258,COMPARTIMENTO I DEL FONDO DE CAPITAL PRIVADO FINTRA,20,FONDOS DE CAPITAL PRIVADO,2016-01-01T00:00:00.000,2016-12-31T00:00:00.000,366,2016
54613,FICC FIDUPAÍS LIBRANZAS PREMIUM RENTA MÁS,57,FIC DE TIPO GENERAL,2016-01-01T00:00:00.000,2016-12-31T00:00:00.000,366,2016
50287,FONDO DE CAPITAL PRIVADO RUTA DEL SOL COMPARTIMENTO B1,16,FONDOS DE CAPITAL PRIVADO,2016-01-01T00:00:00.000,2016-12-31T00:00:00.000,366,2016
60520,FONDO DE INVERSIÓN COLECTIVA ABIERTO INVERTIR AHORRO PLUS,9,FIC DE TIPO GENERAL,2016-01-01T00:00:00.000,2016-12-31T00:00:00.000,366,2016
60491,FONDO DE INVERSIÓN COLECTIVA ABIERTO CON PACTO DE PERMANENCIA INVERTIR GESTIONADO COLOMBIA,9,FIC DE TIPO GENERAL,2016-01-01T00:00:00.000,2016-12-31T00:00:00.000,366,2016
58917,FONVAL ACCIONES PETROLERAS I,28,FIC DE TIPO GENERAL,2016-01-01T00:00:00.000,2016-12-28T00:00:00.000,363,2016
55295,FONDO DE CAPITAL PRIVADO SANTANDER INMOBILIARIO,59,FONDOS DE CAPITAL PRIVADO,2016-01-01T00:00:00.000,2016-07-21T00:00:00.000,203,2016
59014,FONDO DE CAPITAL PRIVADO TC LATAM - COMPARTIMENTO D,26,FONDOS DE CAPITAL PRIVADO,2016-01-01T00:00:00.000,2016-12-31T00:00:00.000,366,2016
53962,FONDO DE INVERSION COLECTA ABIERTO CON PACTO DE PERMANENCIA SURA MULTIESTRATEGIA CREDITO COLOMBIA,58,FIC DE TIPO GENERAL,2016-01-01T00:00:00.000,2016-12-31T00:00:00.000,366,2016
58731,FONDO DE CAPITAL PRIVADO 90º NORTE,3,FIC INMOBILIARIAS,2016-01-01T00:00:00.000,2016-12-31T00:00:00.000,366,2016
50278,FIC COMPARTIMENTO B SECCIÓN I ASHMORE DEL FONDO DE INFRAESTRUCTURA COLOMBIA ASHMORE - FCP,16,FONDOS DE CAPITAL PRIVADO,2016-01-01T00:00:00.000,2016-12-31T00:00:00.000,366,2016
50402,FONDO DE CAPITAL PRIVADO FUTURO INMOBILIARIO - COMPARTIMENTO UNO,16,FONDOS DE CAPITAL PRIVADO,2016-01-01T00:00:00.000,2016-12-31T00:00:00.000,366,2016
50403,FONDO DE CAPITAL PRIVADO FUTURO INMOBILIARIO - COMPARTIMENTO UNO PARTICIPACIÓN B,16,FONDOS DE CAPITAL PRIVADO,2016-01-01T00:00:00.000,2016-12-31T00:00:00.000,366,2016
61997,OLD MUTUAL  FONDO DE INVERSIÓN COLECTIVA ABIERTO CON PACTO DE PERMANENCIA CAT I,7,FIC DE TIPO GENERAL,2016-02-22T00:00:00.000,2016-12-31T00:00:00.000,314,2016
66532,COMPARTIMENTO INMUEBLES I,21,FONDOS DE CAPITAL PRIVADO,2016-12-29T00:00:00.000,2016-12-31T00:00:00.000,2,2016
32436,FONDO DE CAPITAL PRIVADO AMERIGO VENTURES PACIFICO,31,FONDOS DE CAPITAL PRIVADO,2016-01-01T00:00:00.000,2016-12-31T00:00:00.000,364,2016
59336,FONDO DE INVERSION COLECTIVA ABIERTO CON PACTO DE PERMANENCIA GLOBAL SECURITIES ACCIONES,68,FIC DE TIPO GENERAL,2016-01-01T00:00:00.000,2016-12-31T00:00:00.000,366,2016
13534,CARTERA COLECTIVA FONDO DE INVERSION FORESTAL COLOMBIA,39,FONDOS DE CAPITAL PRIVADO,2016-01-01T00:00:00.000,2016-12-31T00:00:00.000,366,2016
63732,FONDO DE INVERSIÓN COLECTIVA CERRADO BTG PACTUAL OBLIGACIONES DIVERSIFICADO II,14,FIC DE TIPO GENERAL,2016-06-22T00:00:00.000,2016-12-31T00:00:00.000,386,2016
59407,FCP VALOR FORESTAL CAUCHO NATURAL 5,21,FONDOS DE CAPITAL PRIVADO,2016-01-01T00:00:00.000,2016-12-31T00:00:00.000,366,2016
58613,FONDO DE INVERSIÓN COLECTIVA CON PACTO DE PERMANENCIA ULTRACCIÓN ISA,62,FIC DE TIPO GENERAL,2016-01-01T00:00:00.000,2016-04-01T00:00:00.000,92,2016
59367,FONDO DE INVERSIÓN COLECTIVA CERRADO HELM ECOPETROL,88,FIC DE TIPO GENERAL,2016-01-01T00:00:00.000,2016-10-17T00:00:00.000,291,2016
60540,FONDO DE INVERSIÓN COLECTIVA ABIERTO INVERTIR ECOPETROL,9,FIC DE TIPO GENERAL,2016-01-01T00:00:00.000,2016-12-31T00:00:00.000,366,2016
59349,FONDO DE INVERSION COLECTIVA ABIERTO GS RENTA,68,FIC DE TIPO GENERAL,2016-01-01T00:00:00.000,2016-12-31T00:00:00.000,366,2016
21080,"F.C.P. KANDEO FUND I (COLOMBIA), FCP (KFIC)",20,FONDOS DE CAPITAL PRIVADO,2016-01-01T00:00:00.000,2016-12-31T00:00:00.000,366,2016
64546,FONDO DE INVERSION COLECTIVA ABIERTO INVERTIR ADCAP GLOBAL,9,FIC DE TIPO GENERAL,2016-08-17T00:00:00.000,2016-12-31T00:00:00.000,137,2016
58926,FONVAL GLOBAL BALANCEADO,28,FIC DE TIPO GENERAL,2016-01-01T00:00:00.000,2016-12-16T00:00:00.000,351,2016
9452,FONDO DE INVERSIÓN COLECTIVA ABIERTO CON PACTO DE PERMANENCIA META CRECIMIENTO,21,FIC DE TIPO GENERAL,2016-01-01T00:00:00.000,2016-12-31T00:00:00.000,364,2016
58954,ALTRA - FONDO DE CAPITAL PRIVADO ALTRA FCP 1 EN LIQUIDACION,26,FONDOS DE CAPITAL PRIVADO,2016-01-01T00:00:00.000,2016-12-31T00:00:00.000,366,2016
62533,FCP VALOR FORESTAL CACAO 1,21,FONDOS DE CAPITAL PRIVADO,2016-04-05T00:00:00.000,2016-12-31T00:00:00.000,271,2016
59374,FONDO DE INVERSIÓN COLECTIVA CERRADO HELM DINÁMICO 12 MESES,88,FIC DE TIPO GENERAL,2016-01-01T00:00:00.000,2016-07-10T00:00:00.000,192,2016
66857,FONDO DE CAPITAL PRIVADO LA MONTERA COMPARTIMENTO ALEJANDRIA,16,FONDOS DE CAPITAL PRIVADO,2016-12-29T00:00:00.000,2016-12-31T00:00:00.000,3,2016
65419,FONDO DE CAPITAL PRIVADO INVERSIONES GANADERAS COMPARTIMENTO 35,21,FONDOS DE CAPITAL PRIVADO,2016-10-12T00:00:00.000,2016-12-31T00:00:00.000,81,2016
59248,FONDO DE INVERSIÓN COLECTIVA ABIERTO HELM VALOR,88,FIC DE TIPO GENERAL,2016-01-01T00:00:00.000,2016-12-31T00:00:00.000,366,2016
33187,FONDO DE INVERSION COLECTIVA DAVIPLUS ACCIONES COLOMBIA,42,FIC DE TIPO GENERAL,2016-01-01T00:00:00.000,2016-12-31T00:00:00.000,366,2016
62546,OLD MUTUAL  FONDO DE INVERSIÓN COLECTIVA ABIERTO CON PACTO DE PERMANENCIA CAT II,7,FIC DE TIPO GENERAL,2016-04-10T00:00:00.000,2016-10-26T00:00:00.000,200,2016
59740,FONDO DE INVERSION COLECTIVA ABIERTO RENTA SOSTENIBLE GLOBAL,22,FIC DE TIPO GENERAL,2016-01-01T00:00:00.000,2016-12-31T00:00:00.000,366,2016
50410,FONDO DE CAPITAL PRIVADO TRIBECA NATURAL RESOURCES FUND COMP. A TRIBECA NATURAL RESOURCES,16,FONDOS DE CAPITAL PRIVADO,2016-01-01T00:00:00.000,2016-12-31T00:00:00.000,366,2016
58923,FONVAL GLOBAL FONDOS INMOBILIARIOS,28,FIC DE TIPO GENERAL,2016-01-01T00:00:00.000,2016-06-07T00:00:00.000,159,2016
15397,FONDO DE INVERSION COLECTIVA ABIERTO CON PACTO DE PERMANENCIA ITAU LARGO PLAZO,23,FIC DE TIPO GENERAL,2016-01-01T00:00:00.000,2016-12-31T00:00:00.000,366,2016
60923,COMP I MAS COLOMBIA LATAM - FCP MAS LATAM,9,FONDOS DE CAPITAL PRIVADO,2016-01-01T00:00:00.000,2016-12-31T00:00:00.000,366,2016
59563,FCP INMOBILIARIO TERMINALES LOGISTICOS DE COLOMBIA - BOGOTA,21,FONDOS DE CAPITAL PRIVADO,2016-01-01T00:00:00.000,2016-12-31T00:00:00.000,366,2016
58453,FONDO ABIERTO DE INVERSIÓN COLECTIVA ULTRAVALORES,62,FIC DE TIPO GENERAL,2016-01-01T00:00:00.000,2016-08-25T00:00:00.000,238,2016
58877,FONDO DE INVERSION COLECTIVA ABIERTO CON PACTO DE PERMANENCIA BTG PACTUAL RENTA FIJA COLOMBIA,14,FIC DE TIPO GENERAL,2016-01-01T00:00:00.000,2016-12-31T00:00:00.000,1537,2016
34166,COMPARTIMENTO RENTAS,16,FIC INMOBILIARIAS,2016-01-01T00:00:00.000,2016-12-31T00:00:00.000,366,2016
58927,CREDICORP CAPITAL BALANCEADO III,28,FIC DE TIPO GENERAL,2016-01-01T00:00:00.000,2016-12-31T00:00:00.000,366,2016
59500,CARTERA COLECTIVA ESCALONADA INTERBOLSA CREDIT,68,FIC DE TIPO GENERAL,2016-01-01T00:00:00.000,2016-12-31T00:00:00.000,366,2016
50261,FONDO DE CAPITAL PRIVADO INVERLINK ESTRUCTURAS INMOBILIARIAS COMPARTIMENTO UNO TIPO DE UNIDAD A,16,FONDOS DE CAPITAL PRIVADO,2016-01-01T00:00:00.000,2016-12-31T00:00:00.000,366,2016
59094,FONDO DE INVERSION COLECTIVA VALOR,21,FIC DE TIPO GENERAL,2016-01-01T00:00:00.000,2016-12-31T00:00:00.000,732,2016
58446,"FONDO DE INVERSION COLECTIVA ""SERFINCO AIC GRUPO NUTRESA""",62,FIC DE TIPO GENERAL,2016-01-01T00:00:00.000,2016-12-22T00:00:00.000,357,2016
59621,COMPARTIMENTO VACUNAS I,21,FONDOS DE CAPITAL PRIVADO,2016-01-01T00:00:00.000,2016-12-31T00:00:00.000,364,2016
66147,OLD MUTUAL FONDO DE INVERSION COLECTIVA CAT V,7,FIC DE TIPO GENERAL,2016-11-22T00:00:00.000,2016-12-31T00:00:00.000,40,2016
60561,FONDO ABIERTO DE INVERSIÓN COLECTIVA ULTRACTIVO,62,FIC DE TIPO GENERAL,2016-01-01T00:00:00.000,2016-12-31T00:00:00.000,366,2016
59364,FCP VALOR FORESTAL CAUCHO NATURAL 2,21,FONDOS DE CAPITAL PRIVADO,2016-01-01T00:00:00.000,2016-12-31T00:00:00.000,366,2016
61583,UNIVERSITAS  FONDO DE INVERSION  COLECTIVA ABIERTO CON  PACTO DE  PERMANENCIA,6,FIC DE TIPO GENERAL,2016-01-01T00:00:00.000,2016-12-31T00:00:00.000,366,2016
59509,FONDO DE INVERSIÓN COLECTIVA ABIERTO CON PACTO DE PERMANENCIA ALIANZA ACCIONES,51,FIC DE TIPO GENERAL,2016-01-01T00:00:00.000,2016-12-31T00:00:00.000,1100,2016
62512,FIC F4 DE LA FAMILIA DE FONDOS FIDUAGRARIA RENTASEMILLA,39,FIC DE TIPO GENERAL,2016-04-01T00:00:00.000,2016-12-31T00:00:00.000,275,2016
60338,FONDO DE INVERSIÓN COLECTIVA CON PACTO DE PERMANENCIA ULTRACCIÓN ENERGETICO,62,FIC DE TIPO GENERAL,2016-01-01T00:00:00.000,2016-09-12T00:00:00.000,256,2016
60197,FONDO DE INVERSIÓN COLECTIVA CERRADO BTG PACTUAL OBLIGACIONES DIVERSIFICADO I,14,FIC DE TIPO GENERAL,2016-01-01T00:00:00.000,2016-12-31T00:00:00.000,366,2016
26960,FONDO DE CAPITAL PRIVADO BRICAPITAL,31,FONDOS DE CAPITAL PRIVADO,2016-01-01T00:00:00.000,2016-12-31T00:00:00.000,364,2016
59856,FONDO DE CAPITAL PRIVADO  INVERSIONES GANADERAS COMPARTIMENTO 30,21,FONDOS DE CAPITAL PRIVADO,2016-01-01T00:00:00.000,2016-12-31T00:00:00.000,366,2016
59523,FCP EMPRENDIMIENTO E INNOVACION S P - EN LIQUIDACIÓN,28,FONDOS DE CAPITAL PRIVADO,2016-01-01T00:00:00.000,2016-12-31T00:00:00.000,366,2016
65792,FONDO BURSATIL ISHARES MSCI COLOMBIA RISK WEIGHTED,73,FIC BURSATILES,2016-10-27T00:00:00.000,2016-12-31T00:00:00.000,66,2016
59012,FONDO DE CAPITAL PRIVADO TC LATAM - COMPARTIMENTO C,26,FONDOS DE CAPITAL PRIVADO,2016-01-01T00:00:00.000,2016-12-31T00:00:00.000,366,2016
51964,OLD MUTUAL  FONDO DE INVERSIÓN COLECTIVA RENTA FIJA GLOBAL,7,FIC DE TIPO GENERAL,2016-01-01T00:00:00.000,2016-05-19T00:00:00.000,140,2016
59304,FONDO DE INVERSION COLECTIVA ABIERTO RENTA LIQUIDEZ,22,FIC DE TIPO GENERAL,2016-01-01T00:00:00.000,2016-12-31T00:00:00.000,366,2016
63935,FONDO DE INVERSIÓN COLECTIVA INMOBILIARIO DESARROLLO COLOMBIA I,26,FIC INMOBILIARIAS,2016-10-19T00:00:00.000,2016-12-31T00:00:00.000,74,2016
25826,FONDO CERRADO MAS COLOMBIA OPPORTUNITY,16,FIC DE TIPO GENERAL,2016-01-01T00:00:00.000,2016-12-31T00:00:00.000,366,2016
58451,"FONDO DE INVERSION COLECTIVA ""SERFINCO AIC CORPORACION FINANCIERA DE COLOMBIA""",62,FIC DE TIPO GENERAL,2016-01-01T00:00:00.000,2016-12-31T00:00:00.000,366,2016
58323,FONDO DE INVERSION COLECTIVA CERRADO DENOMINADO CRÉDITO,62,FIC DE TIPO GENERAL,2016-01-01T00:00:00.000,2016-11-30T00:00:00.000,335,2016
58436,FONDO DE INVERSION COLECTIVA ABIERTO CON PACTO DE PERMANECIA ESPARTA 30,62,FIC DE TIPO GENERAL,2016-01-01T00:00:00.000,2016-12-31T00:00:00.000,366,2016
61653,RENDIR FONDO DE INVERSION COLECTIVA ABIERTO,6,FIC DE TIPO GENERAL,2016-01-01T00:00:00.000,2016-12-31T00:00:00.000,366,2016
63301,FONDO DE INVERSION COLECTIVA ABIERTO RENTA ALTA CONVICCION,22,FIC DE TIPO GENERAL,2016-06-20T00:00:00.000,2016-12-31T00:00:00.000,195,2016
59155,FONDO DE INVERSION COLECTIVA ACCION MOMENTUM,21,FIC DE TIPO GENERAL,2016-01-01T00:00:00.000,2016-06-21T00:00:00.000,173,2016
60919,FCP SUBFOBDO C TRASANDINO COLOMBIA,9,FONDOS DE CAPITAL PRIVADO,2016-01-01T00:00:00.000,2016-12-31T00:00:00.000,366,2016
59524,FONDO DE CAPITAL PRIVADO EOLO,68,FONDOS DE CAPITAL PRIVADO,2016-01-01T00:00:00.000,2016-12-31T00:00:00.000,366,2016
51959,FONDO DE INVERSIÓN COLECTIVA SKANDIA MULTIPLAZO,7,FIC DE TIPO GENERAL,2016-01-01T00:00:00.000,2016-12-31T00:00:00.000,512,2016
59560,CPVAL HIDROCARBUROS,28,FONDOS DE CAPITAL PRIVADO,2016-01-01T00:00:00.000,2016-12-31T00:00:00.000,366,2016
60342,FONDO DE INVERSIÓN COLECTIVA ABIERTO SIN PACTO DE PERMANENCIA DOLAR EFECTIVO,62,FIC DE TIPO GENERAL,2016-01-01T00:00:00.000,2016-12-31T00:00:00.000,366,2016
58134,FONDO DE INVERSION COLECTIVA FONDO GNB ABIERTO,34,FIC DE TIPO GENERAL,2016-01-01T00:00:00.000,2016-12-31T00:00:00.000,366,2016
11427,CARTERA COLECTIVA ABIERTA EFECTIVO A LA VISTA,12,FIC DE TIPO GENERAL,2016-01-01T00:00:00.000,2016-12-31T00:00:00.000,366,2016
50276,FIC COMPARTIMENTO A SECCIÓN I ASHMORE DEL FONDO DE INFRAESTRUCTURA COLOMBIA ASHMORE - FCP,16,FONDOS DE CAPITAL PRIVADO,2016-01-01T00:00:00.000,2016-12-31T00:00:00.000,366,2016
66363,FCP INVERLINK EST INMOBILIARIAS - COMPARTIMENTO RENTAS INMOBILIARIAS,16,FONDOS DE CAPITAL PRIVADO,2016-12-02T00:00:00.000,2016-12-31T00:00:00.000,30,2016
34630,FONDO DE INFRAESTRUCTURA BROOKFIELD COLOMBIA - SUBCOMPARTIMENTO LP,16,FONDOS DE CAPITAL PRIVADO,2016-01-01T00:00:00.000,2016-12-31T00:00:00.000,366,2016
59725,FONDO DE CAPITAL PRIVADO  INVERSIONES GANADERAS COMPARTIMENTO 12,21,FONDOS DE CAPITAL PRIVADO,2016-01-01T00:00:00.000,2016-12-31T00:00:00.000,366,2016
53968,FIC PENSIONES II,58,FIC DE TIPO GENERAL,2016-01-01T00:00:00.000,2016-12-31T00:00:00.000,366,2016
58947,FONDO DE CAPITAL PRIVADO ENERGETICO - COMPARTIMENTO B,26,FONDOS DE CAPITAL PRIVADO,2016-01-01T00:00:00.000,2016-12-31T00:00:00.000,366,2016
54615,FICC FIDUPAÍS LIBRANZAS PREMIUM RENTA SUPERIOR,57,FIC DE TIPO GENERAL,2016-01-01T00:00:00.000,2016-12-31T00:00:00.000,366,2016
50411,FONDO DE CAPITAL PRIVADO TRIBECA NATURAL RESOURCES FUND COMP. B TRIBECA NATURAL RESOURCES,16,FONDOS DE CAPITAL PRIVADO,2016-01-01T00:00:00.000,2016-12-31T00:00:00.000,366,2016
27283,FONDO DE INFRAESTRUCTURA BROOKFIELD COLOMBIA - COMPARTIMENTO II,16,FONDOS DE CAPITAL PRIVADO,2016-01-01T00:00:00.000,2016-12-31T00:00:00.000,366,2016
59079,FIC ACCIONES GLOBALES,26,FIC DE TIPO GENERAL,2016-01-01T00:00:00.000,2016-12-31T00:00:00.000,599,2016
59513,FONDO DE INVERSIÓN COLECTIVA ABIERTO CON PACTO DE PERMANENCIA ALIANZA RENTA FIJA 90,51,FIC DE TIPO GENERAL,2016-01-01T00:00:00.000,2016-12-31T00:00:00.000,2249,2016
59950,CPVAL TERMICO - EN LIQUIDACIÓN,28,FONDOS DE CAPITAL PRIVADO,2016-01-01T00:00:00.000,2016-12-31T00:00:00.000,366,2016
59533,FCP VALOR FORESTAL VII-REGION CARIBE,21,FONDOS DE CAPITAL PRIVADO,2016-01-01T00:00:00.000,2016-12-31T00:00:00.000,366,2016
59724,FONDO DE CAPITAL PRIVADO  INVERSIONES GANADERAS COMPARTIMENTO 11,21,FONDOS DE CAPITAL PRIVADO,2016-01-01T00:00:00.000,2016-12-31T00:00:00.000,366,2016
59582,FCP VALOR INMOBILIARIO POLIGONOS INDUSTRIALES DE COLOMBIA - CARTAGENA (PIC),21,FONDOS DE CAPITAL PRIVADO,2016-01-01T00:00:00.000,2016-12-31T00:00:00.000,366,2016
10026,FONDO DE INVERSION COLECTIVA SUPERIOR,42,FIC DE TIPO GENERAL,2016-01-01T00:00:00.000,2016-12-31T00:00:00.000,2231,2016
2852,FONDO DE INVERSIÓN COLECTIVA ABIERTO FIDUCUENTA,31,FIC DE TIPO GENERAL,2016-01-01T00:00:00.000,2016-12-31T00:00:00.000,364,2016
59345,FONDO DE INVERSION COLECTIVA ABIERTO CON PACTO DE PERMANENCIA CG SMALL CAPS ANDINO,32,FIC DE TIPO GENERAL,2016-01-01T00:00:00.000,2016-12-31T00:00:00.000,366,2016
59826,FCP VALOR FORESTAL CAUCHO NATURAL 1,21,FONDOS DE CAPITAL PRIVADO,2016-01-01T00:00:00.000,2016-12-31T00:00:00.000,366,2016
58448,"FONDO DE INVERSION COLECTIVA ""SERFINCO AIC GRUPO AVAL""",62,FIC DE TIPO GENERAL,2016-01-01T00:00:00.000,2016-12-31T00:00:00.000,366,2016
60275,FONDO DE INVERSION COLECTIVA ABIERTO RENTAVAL,91,FIC DE TIPO GENERAL,2016-01-01T00:00:00.000,2016-12-31T00:00:00.000,366,2016
58698,CASA DE BOLSA ACCIONES PLUS  FONDO  ABIERTO CON PACTO DE PERMANENCIA,76,FIC DE TIPO GENERAL,2016-01-01T00:00:00.000,2016-12-31T00:00:00.000,366,2016
58247,FONDO DE DEUDA SENIOR PARA INFRAESTRUCTURA EN COLOMBIA CAF ASHMORE I,16,FONDOS DE CAPITAL PRIVADO,2016-03-15T00:00:00.000,2016-12-31T00:00:00.000,292,2016
3644,FONDO DE INVERSIÓN COLECTIVA ABIERTO RENTA ACCIONES LATAM,31,FIC DE TIPO GENERAL,2016-01-01T00:00:00.000,2016-12-31T00:00:00.000,1092,2016
60106,FONDO DE INVERSION COLECTIVA ABIERTO SIN PACTO DE PERMANENCIA PERFIL CRECIMIENTO,62,FIC DE TIPO GENERAL,2016-01-01T00:00:00.000,2016-12-31T00:00:00.000,366,2016
44227,FONDO DE CAPITAL PRIVADO VELUM EARLY STAGE FUND I,23,FONDOS DE CAPITAL PRIVADO,2016-01-01T00:00:00.000,2016-12-31T00:00:00.000,366,2016
58433,FONDO DE INVERSION COLECTIVA ABIERTO CON PACTO DE PERMANENCIA PERSONALITY,62,FIC DE TIPO GENERAL,2016-01-01T00:00:00.000,2016-02-10T00:00:00.000,41,2016
60353,FONDO DE INVERSIÓN COLECTIVA CON PACTO DE PERMANENCIA ULTRACCIÓN EEB,62,FIC DE TIPO GENERAL,2016-01-01T00:00:00.000,2016-03-21T00:00:00.000,81,2016
60248,FONDO DE INVERSIÓN COLECTIVA CERRADO BTG PACTUAL CREDIVALORES II,14,FIC DE TIPO GENERAL,2016-01-01T00:00:00.000,2016-12-31T00:00:00.000,732,2016
51967,OLD MUTUAL  FONDO DE INVERSIÓN COLECTIVA ACCIONES COLOMBIA,7,FIC DE TIPO GENERAL,2016-01-01T00:00:00.000,2016-02-02T00:00:00.000,105,2016
59328,FONDO DE INVERSION COLECTIVA ABIERTO GLOBAL VISTA,68,FIC DE TIPO GENERAL,2016-01-01T00:00:00.000,2016-12-31T00:00:00.000,366,2016
11014,FONDO DE INVERSIÓN COLECTIVA ABIERTO SIN PACTO DE PERMANENCIA ACCION UNO,33,FIC DE TIPO GENERAL,2016-01-01T00:00:00.000,2016-12-31T00:00:00.000,366,2016
60046,FONDO DE INVERSION COLECTIVA CERRADO PROGRESION RENTAMAS,11,FIC DE TIPO GENERAL,2016-01-01T00:00:00.000,2016-12-31T00:00:00.000,1464,2016
58750,FONDO DE INVERSION COLECTIVA CERRADA OCCIDECOL,21,FIC DE TIPO GENERAL,2016-01-01T00:00:00.000,2016-12-31T00:00:00.000,364,2016
59501,INMOVAL FONDO INMOBILIARIO,28,FIC INMOBILIARIAS,2016-01-01T00:00:00.000,2016-12-31T00:00:00.000,366,2016
54619,FICC FIDUPAÍS PLAZOS 730 DIAS,57,FIC DE TIPO GENERAL,2016-01-01T00:00:00.000,2016-12-31T00:00:00.000,366,2016
58883,CREDICORP CAPITAL DEUDA CORPORATIVA,28,FIC DE TIPO GENERAL,2016-01-01T00:00:00.000,2016-12-31T00:00:00.000,366,2016
60553,FONDO DE INVERSIÓN COLECTIVA ABIERTO CON PACTO DE PERMANENCIA ULTRAHORRO,62,FIC DE TIPO GENERAL,2016-01-01T00:00:00.000,2016-12-27T00:00:00.000,362,2016
3049,FONDO DE INVERSION COLECTIVA ABIERTO CON PACTO DE PERMANENCIA PLAN SEMILLA,31,FIC DE TIPO GENERAL,2016-01-01T00:00:00.000,2016-12-31T00:00:00.000,364,2016
60239,FONDO DE CAPITAL PRIVADO PROGRESION INMOBILIARIO,11,FONDOS DE CAPITAL PRIVADO,2016-01-01T00:00:00.000,2016-12-31T00:00:00.000,366,2016
54616,FICC FIDUPAÍS PLAZOS 180 DIAS,57,FIC DE TIPO GENERAL,2016-01-01T00:00:00.000,2016-06-28T00:00:00.000,180,2016
11356,FONDO DE INVERSIÓN COLECTIVA ABIERTO FIDULIQUIDEZ,18,FIC DE TIPO GENERAL,2016-01-01T00:00:00.000,2016-12-31T00:00:00.000,366,2016
10648,FONDO DE INVERSION COLECTIVA ABIERTO ITAU MONEY MARKET,23,FIC DE TIPO GENERAL,2016-01-01T00:00:00.000,2016-12-31T00:00:00.000,366,2016
64219,FONDO DE INVERSION COLECTIVA CERRADO INMOBILIARIO,11,FIC DE TIPO GENERAL,2016-07-23T00:00:00.000,2016-08-23T00:00:00.000,32,2016
60678,FONDO BURSÁTIL ISHARES  MSCI COLCAP,73,FIC BURSATILES,2016-01-01T00:00:00.000,2016-12-31T00:00:00.000,366,2016
59009,FONDO DE CAPITAL PRIVADO TC LATAM - COMPARTIMENTO B,26,FONDOS DE CAPITAL PRIVADO,2016-01-01T00:00:00.000,2016-12-31T00:00:00.000,366,2016
58347,FIC INTERÉS,26,FIC DE TIPO GENERAL,2016-01-01T00:00:00.000,2016-12-31T00:00:00.000,366,2016
16373,FIC GESTIÓN,58,FIC DE MERCADO MONETARIO,2016-01-01T00:00:00.000,2016-12-31T00:00:00.000,366,2016
53969,FIC PENSIONES III,58,FIC DE TIPO GENERAL,2016-01-01T00:00:00.000,2016-12-31T00:00:00.000,366,2016
58915,FONVAL ACCIONES ECOPETROL,28,FIC DE TIPO GENERAL,2016-01-01T00:00:00.000,2016-02-03T00:00:00.000,34,2016
3814,FONDO DE INVERSIÓN COLECTIVA ABIERTO RENTA FIJA PLAZO,31,FIC DE TIPO GENERAL,2016-01-01T00:00:00.000,2016-12-31T00:00:00.000,364,2016
58948,FONDO DE CAPITAL PRIVADO ENERGETICO - COMPARTIMENTO C,26,FONDOS DE CAPITAL PRIVADO,2016-01-01T00:00:00.000,2016-12-31T00:00:00.000,366,2016
58441,"FONDO DE INVERSION COLECTIVA ""SERFINCO AIC ISA""",62,FIC DE TIPO GENERAL,2016-01-01T00:00:00.000,2016-12-31T00:00:00.000,366,2016
9453,FONDO DE INVERSIÓN COLECTIVA ABIERTO SIN PACTO DE PERMANENCIA OCCITESOROS,21,FIC DE TIPO GENERAL,2016-01-01T00:00:00.000,2016-12-31T00:00:00.000,364,2016
66651,FONDO INMOBILIARIO FIDUPAÍS FIC CERRADO NO. 2 EN DERECHOS FIDUCIARIOS SOBRE INMUEBLES,68,FIC INMOBILIARIAS,2016-12-12T00:00:00.000,2016-12-31T00:00:00.000,20,2016
59614,FONVAL GLOBAL DINAMICO,28,FIC DE TIPO GENERAL,2016-01-01T00:00:00.000,2016-07-27T00:00:00.000,209,2016
16912,CARTERA COLECTIVA ABIERTA FIDUPAÍS RENTA CRECER,57,FIC DE TIPO GENERAL,2016-01-01T00:00:00.000,2016-11-23T00:00:00.000,328,2016
4786,FONDO DE INVERSION COLECTIVA ABIERTO CONFIRENTA,39,FIC DE MERCADO MONETARIO,2016-01-01T00:00:00.000,2016-12-31T00:00:00.000,366,2016
59080,FIC MULTIACCIÓN CONSTRUCCIÓN,26,FIC DE TIPO GENERAL,2016-01-01T00:00:00.000,2016-02-12T00:00:00.000,43,2016
50272,FONDO DE CAPITAL PRIVADO RUTA DEL SOL COMPARTIMENTO A1,16,FONDOS DE CAPITAL PRIVADO,2016-01-01T00:00:00.000,2016-12-31T00:00:00.000,366,2016
58741,FICS ABIERTO SIN PACTO DE PERMANENCIA ACCIVAL BALANCEADO,3,FIC DE TIPO GENERAL,2016-01-01T00:00:00.000,2016-12-31T00:00:00.000,366,2016
58445,"FONDO DE INVERSION COLECTIVA ""SERFINCO AIC GRUPO SURA""",62,FIC DE TIPO GENERAL,2016-01-01T00:00:00.000,2016-12-31T00:00:00.000,366,2016
61306,FONDO DE CAPITAL INMOBILIARIO,62,FONDOS DE CAPITAL PRIVADO,2016-01-01T00:00:00.000,2016-12-31T00:00:00.000,366,2016
59854,FONDO DE CAPITAL PRIVADO INVERSIONES GANADERAS COMPARTIMENTO 29,21,FONDOS DE CAPITAL PRIVADO,2016-01-01T00:00:00.000,2016-12-31T00:00:00.000,366,2016
13174,F.I.C. A. MERCADO MONETARIO CONFIANZA PLUS,20,FIC DE MERCADO MONETARIO,2016-01-01T00:00:00.000,2016-12-31T00:00:00.000,366,2016
60168,FONDO DE INVERSIÓN COLECTIVA CERRADO PROGRESIÓN RENTAPLÚS,11,FIC DE TIPO GENERAL,2016-01-01T00:00:00.000,2016-12-31T00:00:00.000,366,2016
59346,FONDO DE INVERSIÓN COLETIVA CERRADO HELM INDICE,88,FIC DE TIPO GENERAL,2016-01-01T00:00:00.000,2016-12-31T00:00:00.000,366,2016
65875,FIC FONDO DE SEGURIDAD BOLIVAR,42,FIC DE TIPO GENERAL,2016-10-31T00:00:00.000,2016-12-31T00:00:00.000,62,2016
58614,FONDO DE INVERSIÓN COLECTIVA CON PACTO DE PERMANENCIA ULTRACCIÓN ISAGEN,62,FIC DE TIPO GENERAL,2016-01-01T00:00:00.000,2016-06-02T00:00:00.000,154,2016
58918,CREDICORP CAPITAL ACCIONES GLOBALES,28,FIC DE TIPO GENERAL,2016-01-01T00:00:00.000,2016-12-31T00:00:00.000,366,2016
41520,COMPARTIMENTO UNO - PROLOGIS I,21,FONDOS DE CAPITAL PRIVADO,2016-01-01T00:00:00.000,2016-12-31T00:00:00.000,364,2016
58443,"FONDO DE INVERSION COLECTIVA ""SERFINCO AIC CEMARGOS""",62,FIC DE TIPO GENERAL,2016-01-01T00:00:00.000,2016-12-31T00:00:00.000,366,2016
9645,F.I.C. CON PACTO DE PERMANENCIA CAPITAL PLUS,20,FIC DE TIPO GENERAL,2016-01-01T00:00:00.000,2016-12-31T00:00:00.000,366,2016
60501,FONDO DE INVERSIÓN COLECTIVA ABIERTO INVERTIR INFRAESTRUCTURA,9,FIC DE TIPO GENERAL,2016-01-01T00:00:00.000,2016-05-12T00:00:00.000,133,2016
8742,FIC ABIERTO BBVA FAM CON PARTICIPACIONES DIFERENCIALES,3,FIC DE TIPO GENERAL,2016-01-01T00:00:00.000,2016-12-31T00:00:00.000,1697,2016
3078,FONDO DE INVERSIÓN COLECTIVA ABIERTO RENTA BALANCEADO,31,FIC DE TIPO GENERAL,2016-01-01T00:00:00.000,2016-12-31T00:00:00.000,364,2016
58745,CASA DE BOLSA DEUDA CORPORATIVA FONDO  ABIERTO CON PACTO DE PERMANENCIA,76,FIC DE TIPO GENERAL,2016-01-01T00:00:00.000,2016-12-31T00:00:00.000,366,2016
58135,FONDO GNB DEUDA PUBLICA,34,FIC DE TIPO GENERAL,2016-01-01T00:00:00.000,2016-12-25T00:00:00.000,360,2016
59922,FCP RENTA INMOBILIARIA,21,FONDOS DE CAPITAL PRIVADO,2016-01-01T00:00:00.000,2016-12-31T00:00:00.000,366,2016
60485,FONDO DE INVERSIÓN COLECTIVA ABIERTO INVERTIR COLCAP,9,FIC DE TIPO GENERAL,2016-01-01T00:00:00.000,2016-05-12T00:00:00.000,133,2016
60514,FONDO DE INVERSIÓN COLECTIVA ABIERTO INVERTIR NUTRESA,9,FIC DE TIPO GENERAL,2016-01-01T00:00:00.000,2016-05-12T00:00:00.000,133,2016
32788,FONDO DE INVERSION COLECTIVA RENTACAFE,42,FIC DE TIPO GENERAL,2016-01-01T00:00:00.000,2016-12-31T00:00:00.000,366,2016
60528,FONDO DE INVERSIÓN COLECTIVA CERRADO CON PLAZO DE REDENCIÓN INVERTIR EN ALTERNATIVOS CLASE 1,9,FIC DE TIPO GENERAL,2016-01-01T00:00:00.000,2016-12-31T00:00:00.000,366,2016
60510,FONDO DE INVERSIÓN COLECTIVA ABIERTO CON PACTO DE PERMANENCIA ADCAP RENTA FIJA COLOMBIA,9,FIC DE TIPO GENERAL,2016-01-01T00:00:00.000,2016-12-31T00:00:00.000,366,2016
59835,FONDO DE CAPITAL PRIVADO ? INVERSIONES GANADERAS COMPARTIMENTO 27,21,FONDOS DE CAPITAL PRIVADO,2016-01-01T00:00:00.000,2016-10-12T00:00:00.000,286,2016
50434,CARTERA COLECTIVA CERRADA INMOBILIARIA INMUEBLES FIDUCOR - COMPARTIMENTO APARTAMENTOS CALLE 92,16,FIC INMOBILIARIAS,2016-01-01T00:00:00.000,2016-12-31T00:00:00.000,366,2016
58434,FONDO DE INVERSIÓN COLECTIVA ABIERTO SIN PACTO DE PERMANENCIA ULTRASERFINCO LIQUIDEZ,62,FIC DE TIPO GENERAL,2016-01-01T00:00:00.000,2016-12-31T00:00:00.000,1006,2016
60543,FONDO DE INVERSIÓN COLECTIVA DEL MERCADO MONETARIO DEL MERCADO MONETARIO DENOMINADO AFIN VALORES V,5,FIC DE MERCADO MONETARIO,2016-01-01T00:00:00.000,2016-12-31T00:00:00.000,366,2016
18462,FONDO CASH CONSERVADOR ALIANZA 1525,16,FIC DE TIPO GENERAL,2016-01-01T00:00:00.000,2016-12-31T00:00:00.000,1098,2016
62010,SERFINCO MERCADOS GLOBALES - ESTRATEGIA PERU,62,FIC DE TIPO GENERAL,2016-01-01T00:00:00.000,2016-02-12T00:00:00.000,43,2016
61112,COMPARTIMENTO DEUDA PRIVADA INFRAESTRUCTURA I,28,FONDOS DE CAPITAL PRIVADO,2016-01-22T00:00:00.000,2016-12-31T00:00:00.000,925,2016
50283,FONDO DE CAPITAL PRIVADO TRG FCP LA I,16,FONDOS DE CAPITAL PRIVADO,2016-01-01T00:00:00.000,2016-12-31T00:00:00.000,366,2016
59128,FONDO DE INVERSION COLECTIVA ACCION COLOMBIA,21,FIC DE TIPO GENERAL,2016-01-01T00:00:00.000,2016-12-31T00:00:00.000,366,2016
10650,FONDO DE INVERSION COLECTIVA ABIERTO CON PACTO DE PERMANENCIA ITAU MEDIANO PLAZO,23,FIC DE TIPO GENERAL,2016-01-01T00:00:00.000,2016-12-31T00:00:00.000,366,2016
53973,FIC GESTIONAR,58,FIC DE TIPO GENERAL,2016-01-01T00:00:00.000,2016-12-31T00:00:00.000,366,2016
50439,COMPARTIMENTO ZONA FRANCA DEL FONDO DE CAPITAL PRIVADO INVERLINK ESTRUCTURAS INMOBILIARIAS,16,FONDOS DE CAPITAL PRIVADO,2016-01-01T00:00:00.000,2016-12-31T00:00:00.000,366,2016
59745,FONDO DE INVERSION COLECTIVA CERRADO RENTA CAPITAL VALORES BANCOLOMBIA,22,FIC DE TIPO GENERAL,2016-01-01T00:00:00.000,2016-12-31T00:00:00.000,366,2016
58756,CREDICORP CAPITAL ALTA LIQUIDEZ,28,FIC DE TIPO GENERAL,2016-01-01T00:00:00.000,2016-12-31T00:00:00.000,366,2016
50518,FONDO DE CO-INVERSIÓN CON EL FONDO DE INFRAESTRUCTURA ASHMORE I - FCP  COMPARTIMENTO 3 - CODAD S.A,16,FONDOS DE CAPITAL PRIVADO,2016-01-01T00:00:00.000,2016-12-31T00:00:00.000,366,2016
10659,FONDO DE INVERSION COLECTIVA ABIERTO FIDUGOB,22,FIC DE TIPO GENERAL,2016-01-01T00:00:00.000,2016-12-31T00:00:00.000,3072,2016
41248,FONDO DE INVERSION COLECTIVA ABIERTO FIC 600,39,FIC DE MERCADO MONETARIO,2016-01-01T00:00:00.000,2016-12-31T00:00:00.000,366,2016
59738,FONDO DE INVERSION COLECTIVA ABIERTO RENTA VARIABLE COLOMBIA,22,FIC DE TIPO GENERAL,2016-01-01T00:00:00.000,2016-12-31T00:00:00.000,366,2016
65531,FIC PACTO 25 DE LA FAMILIA DE FONDOS DE FIDUAGRARIA RENTASEMILLA,39,FIC DE TIPO GENERAL,2016-10-12T00:00:00.000,2016-12-31T00:00:00.000,81,2016
62011,SERFINCO MERCADOS GLOBALES - ESTRATEGIA CHILE,62,FIC DE TIPO GENERAL,2016-01-01T00:00:00.000,2016-02-14T00:00:00.000,45,2016
59517,FONDO DE INVERSIÓN COLECTIVA ABIERTO CON PACTO DE PERMANENCIA ALIANZA INTERNACIONAL,51,FIC DE TIPO GENERAL,2016-01-01T00:00:00.000,2016-12-31T00:00:00.000,1607,2016
58900,FONVAL DEUDA PUBLICA,28,FIC DE TIPO GENERAL,2016-01-01T00:00:00.000,2016-12-31T00:00:00.000,366,2016
59863,FONDO DE CAPITAL PRIVADO  INVERSIONES GANADERAS COMPARTIMENTO 34,21,FONDOS DE CAPITAL PRIVADO,2016-01-01T00:00:00.000,2016-12-31T00:00:00.000,366,2016
58703,FONDO DE CAPITAL PRIVADO CORREDORES CAPITAL I,26,FONDOS DE CAPITAL PRIVADO,2016-01-01T00:00:00.000,2016-12-31T00:00:00.000,366,2016
60924,COMP II MAS COLOMBIA OPPORTUNITY -FCP MAS COLOMBIA LATAM,9,FONDOS DE CAPITAL PRIVADO,2016-01-01T00:00:00.000,2016-12-31T00:00:00.000,366,2016
59198,FIC MULTIACCIÓN FINANCIERO,26,FIC DE TIPO GENERAL,2016-01-01T00:00:00.000,2016-02-12T00:00:00.000,43,2016
60920,"SUBFONDO D TRANSANDINO COLOMBIA, FCP",9,FONDOS DE CAPITAL PRIVADO,2016-01-01T00:00:00.000,2016-12-31T00:00:00.000,366,2016
59162,FIC ACCION MAXIMO DIVIDENDO II,21,FIC DE TIPO GENERAL,2016-01-01T00:00:00.000,2016-10-27T00:00:00.000,301,2016
28405,FONDO DE CAPITAL PRIVADO OXO - PROPIEDADES SOSTENIBLES COMPARTIMENTO II. OXO - PROPIEDADES SOSTENIB,16,FONDOS DE CAPITAL PRIVADO,2016-01-01T00:00:00.000,2016-12-31T00:00:00.000,366,2016
29495,FONDO DE INVERSIÓN COLECTIVA ABIERTO CON PACTO DE PERMANENCIA ÓPTIMO,22,FIC DE TIPO GENERAL,2016-01-01T00:00:00.000,2016-12-31T00:00:00.000,366,2016
64114,FONDO ASHMORE ANDINO II - FCP COMPARTIMENTO A,16,FONDOS DE CAPITAL PRIVADO,2016-10-12T00:00:00.000,2016-12-31T00:00:00.000,162,2016
58928,CREDICORP CAPITAL ESTRATEGICO,28,FIC DE TIPO GENERAL,2016-01-01T00:00:00.000,2016-12-31T00:00:00.000,366,2016
59412,FCP VALOR FORESTAL VI,21,FONDOS DE CAPITAL PRIVADO,2016-01-01T00:00:00.000,2016-12-31T00:00:00.000,366,2016
60348,FONDO DE INVERSIÓN COLECTIVA INMOBILIARIO VISUM RENTAS INMOBILIARIAS,14,FIC INMOBILIARIAS,2016-01-01T00:00:00.000,2016-12-31T00:00:00.000,732,2016
58746,CASA DE BOLSA LIQUIDEZ FONDO ABIERTO,76,FIC DE MERCADO MONETARIO,2016-01-01T00:00:00.000,2016-12-31T00:00:00.000,366,2016
13525,FONDO DE INVERSION COLECTIVA ABIERTO CON PACTO DE PERMANENCIA RENTAPAIS,39,FIC DE TIPO GENERAL,2016-01-01T00:00:00.000,2016-12-31T00:00:00.000,366,2016
60092,FONDO DE INVERSION COLECTIVA OLIMPIA I,62,FIC DE TIPO GENERAL,2016-01-01T00:00:00.000,2016-08-25T00:00:00.000,238,2016
2971,FONDO DE INVERSION COLECTIVA ABIERTO CON PACTO DE PERMANENCIA FIDURENTA,31,FIC DE TIPO GENERAL,2016-01-01T00:00:00.000,2016-12-31T00:00:00.000,1820,2016
59018,FG - FONDO DE CAPITAL PRIVADO FG,26,FONDOS DE CAPITAL PRIVADO,2016-01-01T00:00:00.000,2016-12-31T00:00:00.000,366,2016
59342,FONDO DE INVERSIÓN COLECTIVA CERRADO RENTA FIJA 365,68,FIC DE TIPO GENERAL,2016-01-01T00:00:00.000,2016-12-31T00:00:00.000,366,2016
58922,FONVAL GLOBAL DEUDA EEUU,28,FIC DE TIPO GENERAL,2016-01-01T00:00:00.000,2016-02-07T00:00:00.000,38,2016
53954,F.I.C. VALOR PLUS I,20,FIC DE TIPO GENERAL,2016-01-01T00:00:00.000,2016-12-31T00:00:00.000,310,2016
59842,FONDO DE CAPITAL PRIVADO  INVERSIONES GANADERAS COMPARTIMENTO 28,21,FONDOS DE CAPITAL PRIVADO,2016-01-01T00:00:00.000,2016-12-31T00:00:00.000,366,2016
53955,F.I.C. VALOR PLUS II,20,FIC DE TIPO GENERAL,2016-01-01T00:00:00.000,2016-12-31T00:00:00.000,366,2016
53970,FONDO DE INVERSION COLECTIVA CERRADO SURA CREDITO PRIVADO COLOMBIA,58,FIC DE TIPO GENERAL,2016-01-01T00:00:00.000,2016-12-31T00:00:00.000,732,2016
32814,FONDO DE INVERSION COLECTIVA CCA RENTALIQUIDA FIDUCAFE,42,FIC DE TIPO GENERAL,2016-01-01T00:00:00.000,2016-12-31T00:00:00.000,366,2016
64039,OLD MUTUAL  FONDO DE INVERSIÓN COLECTIVA CAT III,7,FIC DE TIPO GENERAL,2016-07-22T00:00:00.000,2016-12-31T00:00:00.000,163,2016
60532,FONDO DE INVERSIÓN COLECTIVA CERRADO CON PLAZO DE REDENCIÓN INVERTIR EN ALTERNATIVOS CLASE 2,9,FIC DE TIPO GENERAL,2016-01-01T00:00:00.000,2016-12-31T00:00:00.000,366,2016
50377,"FONDO DE CO-INVERSIÓN CON EL FONDO DE INFRAESTRUCTURA ASHMORE I - FCP, COMPARTIMENTO UNO",16,FONDOS DE CAPITAL PRIVADO,2016-01-01T00:00:00.000,2016-12-31T00:00:00.000,483,2016
55264,FIC TEMPORAL ALLIANZ COLSEGUROS DESMONTE CEDULAS COLON,59,FIC DE TIPO GENERAL,2016-01-01T00:00:00.000,2016-12-31T00:00:00.000,366,2016
58528,FONDO DE INVERSIÓN COLECTIVA CON PACTO DE PERMANENCIA ULTRACCIÓN GRUPO AVAL,62,FIC DE TIPO GENERAL,2016-01-01T00:00:00.000,2016-04-01T00:00:00.000,92,2016
50304,FONDO DE CAPITAL PRIVADO VALORAR FUTURO,16,FONDOS DE CAPITAL PRIVADO,2016-01-01T00:00:00.000,2016-12-31T00:00:00.000,367,2016
59105,CREDICORP CAPITAL ACCIONES COLOMBIA,28,FIC DE TIPO GENERAL,2016-01-01T00:00:00.000,2016-12-31T00:00:00.000,366,2016
66567,COMP IV UNO MAS COLOMBIA LATAM,9,FONDOS DE CAPITAL PRIVADO,2016-12-08T00:00:00.000,2016-12-31T00:00:00.000,24,2016
34644,FONDO DE INFRAESTRUCTURA BROOKFIELD COLOMBIA - SUBCOMPARTIMENTO GP,16,FONDOS DE CAPITAL PRIVADO,2016-01-01T00:00:00.000,2016-12-31T00:00:00.000,366,2016
62534,FONDO DE CAPITAL PRIVADO INVERSIONES GANADERAS COMPARTIMENTO 31,21,FONDOS DE CAPITAL PRIVADO,2016-04-04T00:00:00.000,2016-12-31T00:00:00.000,272,2016
38802,FONDO DE CAPITAL PRIVADO OXO - PROPIEDADES SOSTENIBLES COMPARTIMENTO III. BARRANQUILLA. OXO - PROPI,16,FONDOS DE CAPITAL PRIVADO,2016-01-01T00:00:00.000,2016-12-31T00:00:00.000,366,2016
11962,FONDO DE INVERSIÓN COLECTIVA ABIERTO BBVA PAÍS CON PARTICIPACIONES DIFERENCIALES,3,FIC DE TIPO GENERAL,2016-01-01T00:00:00.000,2016-12-31T00:00:00.000,578,2016
10025,FONDO DE INVERSION COLECTIVA CONSOLIDAR,42,FIC DE TIPO GENERAL,2016-01-01T00:00:00.000,2016-12-31T00:00:00.000,366,2016
58973,CREDICORP CAPITAL VISION,28,FIC DE TIPO GENERAL,2016-01-01T00:00:00.000,2016-12-31T00:00:00.000,366,2016
11286,FONDO DE INVERSIÓN COLECTIVA ABIERTO RENTAR,18,FIC DE TIPO GENERAL,2016-01-01T00:00:00.000,2016-12-31T00:00:00.000,366,2016
60918,FCP SUBFONDO B TRASANDINO COLOBIA,9,FONDOS DE CAPITAL PRIVADO,2016-01-01T00:00:00.000,2016-12-31T00:00:00.000,366,2016
60273,FONDO DE INVERSIÓN COLECTIVA CERRADO BTG PACTUAL CRÉDITO,14,FIC DE TIPO GENERAL,2016-01-01T00:00:00.000,2016-12-31T00:00:00.000,1741,2016
11149,FONDO DE INVERSIÓN COLECTIVA FIDUCOLDEX,40,FIC DE TIPO GENERAL,2016-01-01T00:00:00.000,2016-12-31T00:00:00.000,366,2016
59076,FIC RENTA FIJA MEDIANO PLAZO MULTIESCALA,26,FIC DE TIPO GENERAL,2016-01-01T00:00:00.000,2016-12-31T00:00:00.000,366,2016
58456,FONDO DE INVERSIÓN COLECTIVA CON PACTO DE PERMANENCIA ULTRACCIÓN GRUPO GEA,62,FIC DE TIPO GENERAL,2016-01-01T00:00:00.000,2016-12-31T00:00:00.000,366,2016
13520,FONDO DE INVERSION COLECTIVA ABIERTO CON PACTO DE PERMANENCIA RENTAPLAZO,39,FIC DE TIPO GENERAL,2016-01-01T00:00:00.000,2016-12-31T00:00:00.000,366,2016
24475,FONDO DE CAPITAL PRIVADO AVANTI- COMPARTIMENTO  UNO,6,FONDOS DE CAPITAL PRIVADO,2016-01-01T00:00:00.000,2016-12-31T00:00:00.000,366,2016
67066,CREDICORP CAPITAL DEUDA CORPORATIVA LATAM,28,FIC DE TIPO GENERAL,2016-12-27T00:00:00.000,2016-12-31T00:00:00.000,5,2016
2713,FONDO DE CAPITAL PRIVADO FONDO INMOBILIARIO COLOMBIA,31,FONDOS DE CAPITAL PRIVADO,2016-01-01T00:00:00.000,2016-12-31T00:00:00.000,364,2016
54576,FONDO DE INVERSION COLECTIVA ABIERTO CON PACTO DE PERMANENCIA ARCO IRIS TÍTULOS DEUDA PRIVADA,33,FIC DE TIPO GENERAL,2016-01-01T00:00:00.000,2016-12-31T00:00:00.000,366,2016
62013,FONDO DE INVERSIÓN COLECTIVA ABIERTO SIN PACTO DE PERMANENCIA GLOBAL BALANCEADO,62,FIC DE TIPO GENERAL,2016-01-01T00:00:00.000,2016-12-31T00:00:00.000,366,2016
58908,CASA DE BOLSA QUIMBAYA FONDO  ABIERTO CON PACTO DE PERMANENCIA,76,FIC DE TIPO GENERAL,2017-01-01T00:00:00.000,2017-12-31T00:00:00.000,365,2017
58980,FONDO DE INVERSION COLECTIVA CERRADO DENOMINADO FACTORING,62,FIC DE TIPO GENERAL,2017-01-01T00:00:00.000,2017-12-31T00:00:00.000,365,2017
50406,FONDO DE CAPITAL PRIVADO TRIBECA TERMINAL DE CARGA EL DORADO,16,FONDOS DE CAPITAL PRIVADO,2017-01-01T00:00:00.000,2017-12-31T00:00:00.000,365,2017
58930,FONVAL GLOBAL ESTRUCTURADO II,28,FIC DE TIPO GENERAL,2017-01-01T00:00:00.000,2017-12-31T00:00:00.000,365,2017
59355,FONDO DE INVERSION COLECTIVA CERRADO RENTA CRÉDITO,68,FIC DE TIPO GENERAL,2017-01-01T00:00:00.000,2017-12-31T00:00:00.000,365,2017
66289,FCP SURA ASSET MANAGEMENT ? DESARROLLO INMOBILIARIO COMPARTIMENTO GENERAL,16,FONDOS DE CAPITAL PRIVADO,2017-03-21T00:00:00.000,2017-12-31T00:00:00.000,286,2017
73446,FONDO DE INVERSION COLECTIVA ULTRASERFINCO SECTORIAL ENERGIA Y PETROLEO,62,FIC DE TIPO GENERAL,2017-11-16T00:00:00.000,2017-12-31T00:00:00.000,46,2017
46197,NEXUS INMOBILIARIO - COMPARTIMENTO TORRE ALIANZA,21,FONDOS DE CAPITAL PRIVADO,2017-01-01T00:00:00.000,2017-12-31T00:00:00.000,365,2017
64826,FONDO DE CAPITAL PRIVADO INVERSIONES GANADERAS COMPARTIMENTO 38,21,FONDOS DE CAPITAL PRIVADO,2017-01-01T00:00:00.000,2017-12-31T00:00:00.000,365,2017
10936,FONDO ABIERTO ALIANZA,16,FIC DE TIPO GENERAL,2017-01-01T00:00:00.000,2017-12-31T00:00:00.000,3650,2017
58452,"FONDO DE INVERSION COLECTIVA ""SERFINCO AIC GRUPO ARGOS""",62,FIC DE TIPO GENERAL,2017-01-01T00:00:00.000,2017-12-31T00:00:00.000,365,2017
60174,FIC CERRADO MIDAS ALTERNATIVO,10,FIC DE TIPO GENERAL,2017-01-01T00:00:00.000,2017-12-31T00:00:00.000,365,2017
59555,FCP VALOR FORESTAL CAUCHO NATURAL 11,21,FONDOS DE CAPITAL PRIVADO,2017-01-01T00:00:00.000,2017-11-24T00:00:00.000,328,2017
58958,FONDO DE CAPITAL PRIVADO INVERSOR COMPARTIMENTO B,26,FONDOS DE CAPITAL PRIVADO,2017-01-01T00:00:00.000,2017-12-31T00:00:00.000,365,2017
54582,COMPARTIMENTO 6 DEL FONDO DE CO-INVERSIÓN CON EL FONDO DE INFRAESTRUCTURA ASHMORE I FCP,16,FONDOS DE CAPITAL PRIVADO,2017-01-01T00:00:00.000,2017-12-31T00:00:00.000,365,2017
58743,CASA DE BOLSA ACCIONES GLOBALES  FONDO  ABIERTO CON PACTO DE PERMANENCIA,76,FIC DE TIPO GENERAL,2017-01-01T00:00:00.000,2017-12-31T00:00:00.000,365,2017
51953,FONDO DE INVERSIÓN COLECTIVA SKANDIA EFECTIVO,7,FIC DE TIPO GENERAL,2017-01-01T00:00:00.000,2017-12-31T00:00:00.000,2190,2017
60167,FIC ABIERTO MIDAS RENTA FIJA,10,FIC DE MERCADO MONETARIO,2017-01-01T00:00:00.000,2017-05-06T00:00:00.000,126,2017
10440,FONDO DE INVERSION ABIERTO CASH,34,FIC DE TIPO GENERAL,2017-01-01T00:00:00.000,2017-12-31T00:00:00.000,365,2017
62556,FONDO DE CAPITAL PRIVADO INVERSIONES GANADERAS COMPARTIMENTO 36,21,FONDOS DE CAPITAL PRIVADO,2017-01-01T00:00:00.000,2017-12-31T00:00:00.000,365,2017
71259,FONDO DE INVERSIÓN COLECTIVA ABIERTO CON PACTO DE PERMANENCIA BTG PACTUAL RENTA FIJA INTERNACIONAL,14,FIC DE TIPO GENERAL,2017-08-18T00:00:00.000,2017-12-31T00:00:00.000,502,2017
9641,F.I.C. CON PACTO DE PERMANENCIA MULTIPLICAR,20,FIC DE TIPO GENERAL,2017-01-01T00:00:00.000,2017-12-31T00:00:00.000,365,2017
60927,COMP I - FCP FONDO BBP REAL,9,FONDOS DE CAPITAL PRIVADO,2017-01-01T00:00:00.000,2017-10-01T00:00:00.000,274,2017
11207,FONDO AUREOS COLOMBIA,40,FONDOS DE CAPITAL PRIVADO,2017-01-01T00:00:00.000,2017-12-31T00:00:00.000,365,2017
61384,"MAS EQUITY FUND III COLOMBIA, FCP",9,FONDOS DE CAPITAL PRIVADO,2017-01-01T00:00:00.000,2017-12-31T00:00:00.000,365,2017
53965,FIC CORPORATIVO II,58,FIC DE TIPO GENERAL,2017-01-01T00:00:00.000,2017-12-31T00:00:00.000,365,2017
73587,FCP - VALOR FORESTAL - CAUCHO 06(EN LIQUIDACIÓN),38,FONDOS DE CAPITAL PRIVADO,2017-11-25T00:00:00.000,2017-12-31T00:00:00.000,37,2017
66648,FONDO INMOBILIARIO FIDUPAÍS FIC CERRADO NO. 1 EN DERECHOS FIDUCIARIOS SOBRE INMUEBLES,68,FIC INMOBILIARIAS,2017-01-01T00:00:00.000,2017-12-31T00:00:00.000,365,2017
53966,FIC CORPORATIVO III,58,FIC DE TIPO GENERAL,2017-01-01T00:00:00.000,2017-12-31T00:00:00.000,365,2017
60404,FONDO DE INVERSION COLECTIVA ACCIONES COLOMBIA,5,FIC DE TIPO GENERAL,2017-01-01T00:00:00.000,2017-12-31T00:00:00.000,365,2017
58699,FONDO DE INVERSIÓN COLECTIVA ABIERTO CON PACTO DE PERMANENCIA BTG PACTUAL ACCIONES COLOMBIA,14,FIC DE TIPO GENERAL,2017-01-01T00:00:00.000,2017-12-31T00:00:00.000,1707,2017
59551,FCP VALOR FORESTAL CAUCHO NATURAL 10,21,FONDOS DE CAPITAL PRIVADO,2017-01-01T00:00:00.000,2017-11-24T00:00:00.000,328,2017
9448,FONDO DE INVERSIÓN COLECTIVA ABIERTO SIN PACTO DE PERMANENCIA AVANZA RENTA FIJA,21,FIC DE TIPO GENERAL,2017-01-01T00:00:00.000,2017-12-31T00:00:00.000,365,2017
58710,FONDO DE INVERSIÓN COLECTIVA ABIERTO CON PACTO DE PERMANENCIA BTG PACTUAL MILA,14,FIC DE TIPO GENERAL,2017-01-01T00:00:00.000,2017-10-12T00:00:00.000,285,2017
9792,FONDO DE INVERSION COLECTIVA DAVIPLUS RENTA FIJA PESOS,42,FIC DE TIPO GENERAL,2017-01-01T00:00:00.000,2017-12-31T00:00:00.000,365,2017
67402,FONDO DE INVERSIÓN COLECTIVA ABIERTO ALIANZA LIQUIDEZ,16,FIC DE TIPO GENERAL,2017-01-01T00:00:00.000,2017-03-01T00:00:00.000,524,2017
58695,FONDO DE INVERSION COLECTIVA ACCIVAL VISTA,3,FIC DE TIPO GENERAL,2017-01-01T00:00:00.000,2017-12-31T00:00:00.000,365,2017
67539,FONDO DE CAPITAL PRIVADO PACTIA INMOBILIARIO,31,FONDOS DE CAPITAL PRIVADO,2017-01-13T00:00:00.000,2017-12-31T00:00:00.000,353,2017
67470,FONDO DE INVERSION COLECTIVA INMOBILIARIA VALORALTA INMOBILIARIO,10,FIC INMOBILIARIAS,2017-01-13T00:00:00.000,2017-12-31T00:00:00.000,353,2017
53957,F.I.C. VALOR PLUS IV,20,FIC DE TIPO GENERAL,2017-01-01T00:00:00.000,2017-03-31T00:00:00.000,90,2017
60619,OLD MUTUAL FONDO DE INVERSIÓN COLECTIVA LIQUIDEZ,93,FIC DE TIPO GENERAL,2017-01-01T00:00:00.000,2017-12-31T00:00:00.000,365,2017
58970,FONVAL GLOBAL ESTRUCTURADO V,28,FIC DE TIPO GENERAL,2017-01-01T00:00:00.000,2017-12-31T00:00:00.000,365,2017
59717,FONDO DE CAPITAL PRIVADO INVERSIONES GANADERAS COMPARTIMENTO 9,21,FONDOS DE CAPITAL PRIVADO,2017-01-01T00:00:00.000,2017-08-30T00:00:00.000,242,2017
43502,FONDO BURSÁTIL GLOBAL X COLOMBIA SELECT DE S&P,22,FIC BURSATILES,2017-01-01T00:00:00.000,2017-12-31T00:00:00.000,365,2017
60479,FONDO DE INVERSIÓN COLECTIVA ABIERTO INVERTIR BANCOLOMBIA,9,FIC DE TIPO GENERAL,2017-01-01T00:00:00.000,2017-03-30T00:00:00.000,89,2017
58903,FONVAL DEUDA PUBLICA MEDIANO PLAZO,28,FIC DE TIPO GENERAL,2017-01-01T00:00:00.000,2017-12-31T00:00:00.000,365,2017
59114,FIC ABIERTO CON PACTO DE PERMANENCIA VALOR TESORO,21,FIC DE TIPO GENERAL,2017-01-01T00:00:00.000,2017-12-11T00:00:00.000,345,2017
59422,FONVAL DERECHOS ECONOMICOS 2020 EN LIQUIDACIÓN,28,FIC DE TIPO GENERAL,2017-01-01T00:00:00.000,2017-12-31T00:00:00.000,365,2017
59356,FONDO DE INVERSION COLECTIVA CERRADO GLOBAL SECURITIES CREDIT OPPORTUNITIES FUND TITULOS VALORES,68,FIC DE TIPO GENERAL,2017-01-01T00:00:00.000,2017-12-31T00:00:00.000,365,2017
59505,CARTERA COLECTIVA ESCALONADA INTERBOLSA FACTORING,68,FIC DE TIPO GENERAL,2017-01-01T00:00:00.000,2017-12-31T00:00:00.000,365,2017
58437,"FONDO DE INVERSION COLECTIVA ""SERFINCO AIC ECOPETROL""",62,FIC DE TIPO GENERAL,2017-01-01T00:00:00.000,2017-12-31T00:00:00.000,365,2017
53967,FIC COLECTIVO II,58,FIC DE TIPO GENERAL,2017-01-01T00:00:00.000,2017-12-31T00:00:00.000,365,2017
59417,FONVAL DERECHOS ECONOMICOS 2017,28,FIC DE TIPO GENERAL,2017-01-01T00:00:00.000,2017-06-19T00:00:00.000,170,2017
62633,FIDUCOLDEX CAPITAL INTELIGENTE FONDO DE INVERSION COLECTIVA,40,FIC DE TIPO GENERAL,2017-01-01T00:00:00.000,2017-12-31T00:00:00.000,730,2017
58916,FONVAL ACCIONES RECURSOS NATURALES,28,FIC DE TIPO GENERAL,2017-01-01T00:00:00.000,2017-12-31T00:00:00.000,365,2017
11714,FONDO ABIERTO FIDUCIARIA CENTRAL,38,FIC DE TIPO GENERAL,2017-01-01T00:00:00.000,2017-12-31T00:00:00.000,365,2017
48153,FONDO DE INVERSION COLECTIVA ABIERTO ITAU CORTO PLAZO,23,FIC DE TIPO GENERAL,2017-01-01T00:00:00.000,2017-12-31T00:00:00.000,365,2017
59120,FIC ABIERTO CON PACTO DE PERMANENCIA RENTA TOTAL 180,21,FIC DE TIPO GENERAL,2017-01-01T00:00:00.000,2017-09-13T00:00:00.000,256,2017
59404,FCP VALOR FORESTAL CAUCHO NATURAL 4,21,FONDOS DE CAPITAL PRIVADO,2017-01-01T00:00:00.000,2017-11-24T00:00:00.000,328,2017
58684,FONDO DE INVERSIÓN COLECTIVA ABIERTO BTG PACTUAL DEUDA PÚBLICA,14,FIC DE TIPO GENERAL,2017-01-01T00:00:00.000,2017-12-31T00:00:00.000,714,2017
73588,FCP VALOR FORESTAL CAUCHO 7 (EN LIQUIDACIÓN),38,FONDOS DE CAPITAL PRIVADO,2017-11-25T00:00:00.000,2017-12-31T00:00:00.000,37,2017
50277,FONDO DE CAPITAL PRIVADO RUTA DEL SOL COMPARTIMENTO A2,16,FONDOS DE CAPITAL PRIVADO,2017-01-01T00:00:00.000,2017-12-31T00:00:00.000,365,2017
66509,"FONDO DE INVERSION COLECTIVA CERRADO INMOBILIARIO ""PROGRESION RENTAR 2015""",11,FIC INMOBILIARIAS,2017-01-01T00:00:00.000,2017-12-31T00:00:00.000,365,2017
34163,FONDO CERRADO INMOBILIARIO ALIANZA,16,FIC INMOBILIARIAS,2017-11-29T00:00:00.000,2017-12-31T00:00:00.000,33,2017
60349,FONDO DE INVERSIÓN COLECTIVA ABIERTO CON PACTO DE PERMANENCIA ULTRAINVERSIÓN,62,FIC DE TIPO GENERAL,2017-01-01T00:00:00.000,2017-12-31T00:00:00.000,365,2017
67405,FONDO ABIERTO CON PACTO DE PERMANENCIA ALIANZA RENTA FIJA GLOBAL.,16,FIC DE TIPO GENERAL,2017-01-01T00:00:00.000,2017-12-31T00:00:00.000,1431,2017
50280,FONDO DE CAPITAL PRIVADO RUTA DEL SOL COMPARTIMENTO B2,16,FONDOS DE CAPITAL PRIVADO,2017-01-01T00:00:00.000,2017-12-31T00:00:00.000,365,2017
59954,INMOVAL DESARROLLOS - EN LIQUIDACION,28,FIC INMOBILIARIAS,2017-01-01T00:00:00.000,2017-12-31T00:00:00.000,365,2017
25743,FONDO CERRADO MAS COLOMBIA OPPORTUNITY,16,FIC DE TIPO GENERAL,2017-11-29T00:00:00.000,2017-12-31T00:00:00.000,33,2017
65869,FONDO DE CAPITAL PRIVADO YELLOWSTONE CAPITAL FUND I- COMPARTIMENTO AI,16,FONDOS DE CAPITAL PRIVADO,2017-01-01T00:00:00.000,2017-12-31T00:00:00.000,365,2017
11403,CARTERA COLECTIVA ABIERTA CON PACTO DE PERMANENCIA EFECTIVO A PLAZOS - CARTERA CON COMPARTIMENTOS,12,FIC DE TIPO GENERAL,2017-01-01T00:00:00.000,2017-12-31T00:00:00.000,730,2017
66652,FONDO DE CAPITAL TERRANUM COMPARTIMENTO,16,FONDOS DE CAPITAL PRIVADO,2017-01-02T00:00:00.000,2017-12-31T00:00:00.000,364,2017
59002,FONDO DE CAPITAL PRIVADO ALTRA FCP II,26,FONDOS DE CAPITAL PRIVADO,2017-01-01T00:00:00.000,2017-12-31T00:00:00.000,365,2017
58438,"FONDO DE INVERSION COLECTIVA ""SERFINCO ACCIONES""",62,FIC DE TIPO GENERAL,2017-01-01T00:00:00.000,2017-12-31T00:00:00.000,365,2017
51220,COMPARTIMENTO DIVERSIFICADO DE DESARROLLOS INMOBILIARIOS,21,FONDOS DE CAPITAL PRIVADO,2017-01-01T00:00:00.000,2017-12-31T00:00:00.000,365,2017
61078,FONDO DE INVERSION COLECTIVA CERRADO PODER,91,FIC DE TIPO GENERAL,2017-01-01T00:00:00.000,2017-12-31T00:00:00.000,365,2017
63109,FONDO DE INVERSION COLECTIVA ABIERTO PROGRESION LIQUIDEZ,11,FIC DE TIPO GENERAL,2017-01-01T00:00:00.000,2017-12-31T00:00:00.000,365,2017
73493,FONDO DE CAPITAL PRIVADO YELLOWSTONE CAPITAL FUND I -COMPARTIMENTO PROSCENIO AII,16,FONDOS DE CAPITAL PRIVADO,2017-12-06T00:00:00.000,2017-12-31T00:00:00.000,26,2017
60599,FONDO DE CAPITAL PRIVADO BTG PACUAL CACAO SUBCOMP Z ECOCACAO - COMP I - FCP BTG PACTUAL FCP CACAO,14,FONDOS DE CAPITAL PRIVADO,2017-01-01T00:00:00.000,2017-12-31T00:00:00.000,365,2017
59807,FONDO DE CAPITAL PRIVADO  INVERSIONES GANADERAS COMPARTIMENTO 8,21,FONDOS DE CAPITAL PRIVADO,2017-01-01T00:00:00.000,2017-08-30T00:00:00.000,242,2017
50509,FONDO DE CAPITAL PRIVADO INVERLINK ESTRUCTURAS INMOBILIARIAS COMPARTIMENTO UNO TIPO DE UNIDAD B,16,FONDOS DE CAPITAL PRIVADO,2017-01-01T00:00:00.000,2017-03-30T00:00:00.000,89,2017
42259,COMPARTIMENTO II DEL FONDO DE CAPITAL PRIVADO FINTRA,20,FONDOS DE CAPITAL PRIVADO,2017-01-01T00:00:00.000,2017-12-31T00:00:00.000,365,2017
49410,FONDO DE INVERSION COLECTIVA CERRADA ACCICOLF VANGUARDIA ACCIONES ORDINARIAS,23,FIC DE TIPO GENERAL,2017-01-01T00:00:00.000,2017-10-01T00:00:00.000,274,2017
58564,FONDO DE INVERSIÓN COLECTIVA ABIERTO BTG PACTUAL LIQUIDEZ,14,FIC DE MERCADO MONETARIO,2017-01-01T00:00:00.000,2017-12-31T00:00:00.000,1859,2017
51325,FONDO NAZCA INVESTMENT,21,FONDOS DE CAPITAL PRIVADO,2017-01-01T00:00:00.000,2017-12-31T00:00:00.000,365,2017
60567,FONDO DE CAPITAL PRIVADO BTG PACUAL CACAO SUBCOMP A - COMP I - FCP BTG PACTUAL FCP CACAO,14,FONDOS DE CAPITAL PRIVADO,2017-01-01T00:00:00.000,2017-12-31T00:00:00.000,365,2017
54573,FONDO DE INVERSIÓN COLECTIVA ABIERTO SIN PACTO DE PERMANENCIA ARCO IRIS CONSERVADOR,33,FIC DE TIPO GENERAL,2017-01-01T00:00:00.000,2017-12-31T00:00:00.000,365,2017
50413,FONDO DE CAPITAL PRIVADO TRIBECA FUND I FCP,16,FONDOS DE CAPITAL PRIVADO,2017-01-01T00:00:00.000,2017-12-31T00:00:00.000,365,2017
59692,FCP VALOR INMOBILIARIO TERMINALES LOGISTICOS DE COLOMBIA - CARTAGENA,21,FONDOS DE CAPITAL PRIVADO,2017-01-01T00:00:00.000,2017-12-15T00:00:00.000,349,2017
60200,FONDO DE INVERSIÓN COLECTIVA CERRADO BTG PACTUAL CREDIVALORES I,14,FIC DE TIPO GENERAL,2017-01-01T00:00:00.000,2017-12-31T00:00:00.000,730,2017
22969,FONDO DE INVERSION COLECTIVA ABIERTO SUMAR,22,FIC DE TIPO GENERAL,2017-01-01T00:00:00.000,2017-12-31T00:00:00.000,4015,2017
59354,FONDO DE INVERSION COLECTIVA CERRADO GLOBAL SECURITIES CREDIT OPPORTUNITIES FUND FACTURAS,68,FIC DE TIPO GENERAL,2017-01-01T00:00:00.000,2017-12-31T00:00:00.000,365,2017
65422,FONDO DE CAPITAL PRIVADO INVERSIONES GANADERAS COMPARTIMENTO 39,21,FONDOS DE CAPITAL PRIVADO,2017-01-01T00:00:00.000,2017-12-31T00:00:00.000,365,2017
58744,CASA DE BOLSA ESTRATEGIA MODERADA  FONDO  ABIERTO CON PACTO DE PERMANENCIA,76,FIC DE TIPO GENERAL,2017-01-01T00:00:00.000,2017-12-31T00:00:00.000,365,2017
58440,"FONDO DE INVERSION COLECTIVA ""SERFINCO AIC BANCOLOMBIA""",62,FIC DE TIPO GENERAL,2017-01-01T00:00:00.000,2017-12-31T00:00:00.000,365,2017
53956,F.I.C. VALOR PLUS III,20,FIC DE TIPO GENERAL,2017-01-01T00:00:00.000,2017-06-30T00:00:00.000,181,2017
59252,FONDO DE CAPITAL PRIVADO FONDO ESCALA CAPITAL EN LIQUIDACIÓN,22,FONDOS DE CAPITAL PRIVADO,2017-01-01T00:00:00.000,2017-12-31T00:00:00.000,730,2017
58957,FONDO DE CAPITAL PRIVADO INVERSOR COMPARTIMENTO A,26,FONDOS DE CAPITAL PRIVADO,2017-01-01T00:00:00.000,2017-12-31T00:00:00.000,365,2017
67318,FONDO DE CAPITAL PRIVADO VALOR INMOBILIARIO COMPARTIMENTO 4 SENIOR  CAPITAL,21,FONDOS DE CAPITAL PRIVADO,2017-01-01T00:00:00.000,2017-12-31T00:00:00.000,365,2017
60921,"SUBFONDO E - TRANSANDINO COLOMBIA, FCP",9,FONDOS DE CAPITAL PRIVADO,2017-01-01T00:00:00.000,2017-12-31T00:00:00.000,365,2017
8686,FONDO DE INVERSIÓN COLECTIVA ABIERTO CON PACTO DE PERMANENCIA Y  PARTICIPACIONES DIFERENCIALES BBVA,3,FIC DE TIPO GENERAL,2017-01-01T00:00:00.000,2017-12-31T00:00:00.000,365,2017
74052,OLD MUTUAL  FONDO DE INVERSIÓN COLECTIVA NACIÓN DEL MERCADO MONETARIO,7,FIC DE TIPO GENERAL,2017-12-11T00:00:00.000,2017-12-31T00:00:00.000,39,2017
62250,FONDO DE INVERSIÓN COLECTIVA OPCIÓN CERRADA A 550 DÍAS,62,FIC DE TIPO GENERAL,2017-01-01T00:00:00.000,2017-09-24T00:00:00.000,267,2017
58921,CREDICORP CAPITAL RENTA FIJA GLOBAL,28,FIC DE TIPO GENERAL,2017-01-01T00:00:00.000,2017-12-31T00:00:00.000,365,2017
70991,OLD MUTUAL  FONDO DE INVERSIÓN COLECTIVA CERRADO CAT I,7,FIC DE TIPO GENERAL,2017-08-10T00:00:00.000,2017-12-31T00:00:00.000,144,2017
60483,FONDO DE INVERSIÓN COLECTIVA ABIERTO INVERTIR CEMENTOS ARGOS,9,FIC DE TIPO GENERAL,2017-01-01T00:00:00.000,2017-03-30T00:00:00.000,89,2017
74491,FONDO DE CAPITAL PRIVADO POR COMPARTIMENTOS RAIZ - COMPARTIMENTO I,97,FONDOS DE CAPITAL PRIVADO,2017-12-26T00:00:00.000,2017-12-31T00:00:00.000,6,2017
8734,FONDO DE INVERSIÓN COLECTIVA ABIERTO BBVA EFECTIVO CON PARTICIPACIONES DIFERENCIALES,3,FIC DE TIPO GENERAL,2017-01-01T00:00:00.000,2017-12-31T00:00:00.000,2674,2017
50398,FONDO DE CAPITAL PRIVADO INVERLINK ESTRUCTURAS INMOBILIARIAS- COMPARTIMENTO PARALELO 26,16,FONDOS DE CAPITAL PRIVADO,2017-01-01T00:00:00.000,2017-12-31T00:00:00.000,365,2017
60604,FONDO DE INVESRION COLECTIVA AFIN-FACTORING EN LIQUIDACION,5,FIC DE TIPO GENERAL,2017-01-01T00:00:00.000,2017-12-31T00:00:00.000,365,2017
17653,FONDO DE INVERSION COLECTIVA ABIERTO 1525,25,FIC DE MERCADO MONETARIO,2017-01-01T00:00:00.000,2017-12-31T00:00:00.000,365,2017
58946,FONDO DE CAPITAL PRIVADO ENERGETICO - COMPARTIMENTO A,26,FONDOS DE CAPITAL PRIVADO,2017-01-01T00:00:00.000,2017-12-31T00:00:00.000,365,2017
68940,FONDO DE CAPITAL PRIVADOFONDO DE CAPITAL PRIVADO INVERSIONES GANADERAS COMPARTIMENTO 33,21,FONDOS DE CAPITAL PRIVADO,2017-03-27T00:00:00.000,2017-12-31T00:00:00.000,280,2017
29497,FONDO DE INVERSIÓN COLECTIVA ABIERTO CON PACTO DE PERMANENCIA CUBRIR BALANCEADO INTERNACIONAL,22,FIC DE TIPO GENERAL,2017-01-01T00:00:00.000,2017-12-31T00:00:00.000,365,2017
54077,FONDO DE INVERSIÓN COLECTIVA ABIERTO CON PACTO DE PERMANENCIA ES+,22,FIC DE TIPO GENERAL,2017-01-01T00:00:00.000,2017-12-31T00:00:00.000,1095,2017
10779,RENTAFACIL FONDO DE INVERSION COLECTIVA ABIERTO,6,FIC DE TIPO GENERAL,2017-01-01T00:00:00.000,2017-12-31T00:00:00.000,365,2017
58897,CREDICORP CAPITAL RENTA FIJA COLOMBIA,28,FIC DE TIPO GENERAL,2017-01-01T00:00:00.000,2017-12-31T00:00:00.000,365,2017
60606,FONDO DE CAPITAL PRIVADO BTG PACUAL CACAO SUBCOMP Z NECOCLI - COMP I - FCP BTG PACTUAL FCP CACAO,14,FONDOS DE CAPITAL PRIVADO,2017-01-01T00:00:00.000,2017-12-31T00:00:00.000,365,2017
59537,FCP VALOR FORESTAL CAUCHO NATURAL 8,21,FONDOS DE CAPITAL PRIVADO,2017-01-01T00:00:00.000,2017-12-15T00:00:00.000,349,2017
58444,"FONDO DE INVERSION COLECTIVA ""SERFINCO AIC DAVIVIENDA""",62,FIC DE TIPO GENERAL,2017-01-01T00:00:00.000,2017-03-15T00:00:00.000,74,2017
64880,OLD MUTUAL  FONDO DE INVERSIÓN COLECTIVA CAT IV,7,FIC DE TIPO GENERAL,2017-01-01T00:00:00.000,2017-10-10T00:00:00.000,283,2017
36570,FONDO ABIERTO 1525 FIDUCENTRAL,38,FIC DE TIPO GENERAL,2017-01-01T00:00:00.000,2017-12-31T00:00:00.000,365,2017
3895,FONDO DE INVERSIÓN COLECTIVA ABIERTA SIN PACTO DE PERMANENCIA FIDUEXCEDENTES,31,FIC DE TIPO GENERAL,2017-01-01T00:00:00.000,2017-12-31T00:00:00.000,365,2017
59144,FONDO DE CAPITAL PRIVADO TEKA COLOMBIA I COMPARTIMENTO LP,26,FONDOS DE CAPITAL PRIVADO,2017-01-01T00:00:00.000,2017-12-31T00:00:00.000,365,2017
51615,COMPARTIMENTO A FCP AVENIDA COLOMBIA PEF,20,FONDOS DE CAPITAL PRIVADO,2017-01-01T00:00:00.000,2017-12-31T00:00:00.000,365,2017
60103,FONDO DE INVERSION COLECTIVA ABIERTO SIN PACTO DE PERMANENCIA PERFIL MODERADO,62,FIC DE TIPO GENERAL,2017-01-01T00:00:00.000,2017-12-31T00:00:00.000,365,2017
14173,FONDO DE CAPITAL PRIVADO NEXUS INFRAESTRUCTURA I FCP EN LIQUIDACION,31,FONDOS DE CAPITAL PRIVADO,2017-01-01T00:00:00.000,2017-12-31T00:00:00.000,730,2017
28403,FONDO DE CAPITAL PRIVADO OXO - PROPIEDADES SOSTENIBLES COMPARTIMENTO I. CARTAGENA. OXO - PROPIEDADE,16,FONDOS DE CAPITAL PRIVADO,2017-01-01T00:00:00.000,2017-12-31T00:00:00.000,365,2017
69536,FONDO DE INVERSION COLECTIVA ABIERTO CONFIRENTA,39,FIC DE TIPO GENERAL,2017-05-02T00:00:00.000,2017-12-31T00:00:00.000,244,2017
51968,FONDO DE INVERSIÓN COLECTIVA INMOBILIARIO CERRADO SKANDIA COMPRAR PARA ARRENDAR-I,7,FIC INMOBILIARIAS,2017-01-01T00:00:00.000,2017-12-31T00:00:00.000,730,2017
11627,FONDO DE INVERSION COLECTIVA ABIERTO RENDIR,25,FIC DE TIPO GENERAL,2017-01-01T00:00:00.000,2017-12-31T00:00:00.000,365,2017
10824,FONDO ABIERTO CON PACTO DE PERMANENCIA CXC,16,FIC DE TIPO GENERAL,2017-01-01T00:00:00.000,2017-12-31T00:00:00.000,2190,2017
73579,FCP - VALOR FORESTAL - CAUCHO 01 (EN LIQUIDACIÓN),38,FONDOS DE CAPITAL PRIVADO,2017-11-25T00:00:00.000,2017-12-31T00:00:00.000,37,2017
62622,FIC ABIERTO MIDAS MIDAS MONEY MARKET,10,FIC DE MERCADO MONETARIO,2017-01-01T00:00:00.000,2017-12-31T00:00:00.000,365,2017
64228,FONDO DE CAPITAL PRIVADO COMPARTIMENTO SANTANDER I,97,FONDOS DE CAPITAL PRIVADO,2017-01-01T00:00:00.000,2017-12-31T00:00:00.000,365,2017
59721,FONDO DE CAPITAL PRIVADO  INVERSIONES GANADERAS COMPARTIMENTO 10,21,FONDOS DE CAPITAL PRIVADO,2017-01-01T00:00:00.000,2017-12-31T00:00:00.000,365,2017
11407,CARTERA COLECTIVA ABIERTA DE ALTA LIQUIDEZ,12,FIC DE TIPO GENERAL,2017-01-01T00:00:00.000,2017-12-31T00:00:00.000,365,2017
29496,FONDO DE INVERSIÓN COLECTIVA ABIERTO CON PACTO DE PERMANENCIA FIDUACCIÓN,22,FIC DE TIPO GENERAL,2017-01-01T00:00:00.000,2017-12-31T00:00:00.000,365,2017
59143,FONDO DE CAPITAL PRIVADO TEKA COLOMBIA I COMPARTIMENTO GP,26,FONDOS DE CAPITAL PRIVADO,2017-01-01T00:00:00.000,2017-12-31T00:00:00.000,365,2017
59741,FONDO DE INVERSION COLECTIVA ABIERTO RENTA FIJA PLUS,22,FIC DE TIPO GENERAL,2017-01-01T00:00:00.000,2017-12-31T00:00:00.000,365,2017
51218,COMPARTIMENTO INMOBILIARIO TRIPLE A,21,FONDOS DE CAPITAL PRIVADO,2017-01-01T00:00:00.000,2017-12-31T00:00:00.000,365,2017
60070,FONDO DE INVERSIÓN COLECTIVA ABIERTO CON PACTO DE PERMANENCIA POR 30 DÍAS DE NATURALEZA APALANCADA,62,FIC DE TIPO GENERAL,2017-01-01T00:00:00.000,2017-12-31T00:00:00.000,365,2017
56834,FIC F3 DE LA FAMILIA DE FONDOS RENTASEMILLA,39,FIC DE TIPO GENERAL,2017-01-01T00:00:00.000,2017-05-30T00:00:00.000,150,2017
72413,FONDO DE CAPITAL PRIVADO FONDO PLENTIA INVERSIONES,97,FONDOS DE CAPITAL PRIVADO,2017-10-02T00:00:00.000,2017-12-31T00:00:00.000,91,2017
60509,FONDO DE INVERSIÓN COLECTIVA ABIERTO CON PACTO DE PERMANENCIA ADCAP MULTIPLAZOS,9,FIC DE TIPO GENERAL,2017-01-01T00:00:00.000,2017-12-31T00:00:00.000,365,2017
13263,FONDO DE CAPITAL PRIVADO PROGRESA CAPITAL EN LIQUIDACIÓN,31,FONDOS DE CAPITAL PRIVADO,2017-01-01T00:00:00.000,2017-12-31T00:00:00.000,365,2017
69940,FCP DEUDA INFRAESTRUCTURA COLOMBIA,31,FONDOS DE CAPITAL PRIVADO,2017-05-26T00:00:00.000,2017-12-31T00:00:00.000,220,2017
59078,FONDO DE INVERSIÓN COLECTIVA DIVERSIFICADO MODERADO,26,FIC DE TIPO GENERAL,2017-01-01T00:00:00.000,2017-12-31T00:00:00.000,365,2017
58439,FONDO DE INVERSION COLECTIVA CERRADO DENOMINADO ESPARTA 180,62,FIC DE TIPO GENERAL,2017-01-01T00:00:00.000,2017-12-31T00:00:00.000,365,2017
70843,FONDO DE INVERSIÓN COLECTIVA ABIERTO CON PACTO DE PERMANENCIA ALTARENTA,22,FIC DE TIPO GENERAL,2017-08-18T00:00:00.000,2017-12-31T00:00:00.000,406,2017
58971,FONVAL GLOBAL ESTRUCTURADO VI,28,FIC DE TIPO GENERAL,2017-01-01T00:00:00.000,2017-12-27T00:00:00.000,361,2017
59545,FCP VALOR FORESTAL CAUCHO NATURAL 9,21,FONDOS DE CAPITAL PRIVADO,2017-01-01T00:00:00.000,2017-11-24T00:00:00.000,328,2017
9644,F.I.C. RENTA PLUS,20,FIC DE TIPO GENERAL,2017-01-01T00:00:00.000,2017-03-31T00:00:00.000,90,2017
60117,FONDO DE INVERSION COLECTIVA ABIERTO SIN PACTO DE PERMANENCIA PERFIL CONSERVADOR,62,FIC DE TIPO GENERAL,2017-01-01T00:00:00.000,2017-12-31T00:00:00.000,365,2017
73585,FCP - VALOR FORESTAL - CAUCHO 04 (EN LIQUIDACIÓN),38,FONDOS DE CAPITAL PRIVADO,2017-11-25T00:00:00.000,2017-12-31T00:00:00.000,37,2017
59371,FCP VALOR FORESTAL CAUCHO NATURAL 3,21,FONDOS DE CAPITAL PRIVADO,2017-01-01T00:00:00.000,2017-11-24T00:00:00.000,328,2017
58907,FONVAL ACCIONES VALOR,28,FIC DE TIPO GENERAL,2017-01-01T00:00:00.000,2017-12-31T00:00:00.000,365,2017
63806,FONDO DE INVERSION COLECTIVA INMOBILIARIO EDIFICAR,58,FIC INMOBILIARIAS,2017-01-01T00:00:00.000,2017-01-30T00:00:00.000,30,2017
60230,FONDO DE CAPITAL PRIVADO MEDICAL,11,FONDOS DE CAPITAL PRIVADO,2017-01-01T00:00:00.000,2017-12-31T00:00:00.000,365,2017
53972,FIC PENSIONES V,58,FIC DE TIPO GENERAL,2017-01-01T00:00:00.000,2017-12-31T00:00:00.000,365,2017
59859,FONDO DE CAPITAL PRIVADO  INVERSIONES GANADERAS COMPARTIMENTO 32,21,FONDOS DE CAPITAL PRIVADO,2017-01-01T00:00:00.000,2017-12-31T00:00:00.000,365,2017
64129,FONDO ASHMORE ANDINO II - FCP COMPARTIMENTO B,16,FONDOS DE CAPITAL PRIVADO,2017-01-01T00:00:00.000,2017-12-31T00:00:00.000,365,2017
60925,COMP III MAS COLOMBIA OPPORTUNITY - FCP MAS COLOMBIA LATAM,9,FONDOS DE CAPITAL PRIVADO,2017-01-01T00:00:00.000,2017-12-31T00:00:00.000,365,2017
29133,FONDO DE INVERSIÓN COLECTIVA ABIERTO FIDUCREDICORP VISTA,59,FIC DE TIPO GENERAL,2017-01-01T00:00:00.000,2017-12-31T00:00:00.000,365,2017
59201,FIC FACTOR FUTURO - EN LIQUIDACIÓN,26,FIC DE TIPO GENERAL,2017-01-01T00:00:00.000,2017-12-31T00:00:00.000,365,2017
54577,FONDO DE INVERSION COLECTIVA ABIERTO CON PACTO DE PERMANENCIA ARCO IRIS DEUDA PRIVADA,33,FIC DE TIPO GENERAL,2017-01-01T00:00:00.000,2017-12-31T00:00:00.000,365,2017
58735,FONDO DE INVERSION COLECTIVA  ABIERTO ACCIVAL ACCIONES DINAMICO,3,FIC DE TIPO GENERAL,2017-01-01T00:00:00.000,2017-12-31T00:00:00.000,365,2017
31508,FONDO DE INVERSION COLECTIVA ABIERTO RENTAR 30,18,FIC DE TIPO GENERAL,2017-01-01T00:00:00.000,2017-12-31T00:00:00.000,365,2017
60535,FONDO DE INVERSIÓN COLECTIVA ABIERTO INVERTIR ETF S&P 500,9,FIC DE TIPO GENERAL,2017-01-01T00:00:00.000,2017-06-22T00:00:00.000,173,2017
61354,FONDO DE CAPITAL PRIVADO POR COMPARTIMENTOS SERFINCO AGRONEGOCIOS- COMPARTIMENTO CACAO AGROFORESTAL,62,FONDOS DE CAPITAL PRIVADO,2017-01-01T00:00:00.000,2017-12-31T00:00:00.000,365,2017
59008,FONDO DE CAPITAL PRIVADO TC LATAM - COMPARTIMENTO A,26,FONDOS DE CAPITAL PRIVADO,2017-01-01T00:00:00.000,2017-12-31T00:00:00.000,365,2017
9438,FONDO DE INVERSIÓN COLECTIVA ABIERTO SIN PACTO DE PERMANENCIA OCCIRENTA,21,FIC DE TIPO GENERAL,2017-01-01T00:00:00.000,2017-12-31T00:00:00.000,1825,2017
50408,FONDO DE CAPITAL PRIVADO TRIBECA HOMECARE FUND I,16,FONDOS DE CAPITAL PRIVADO,2017-01-01T00:00:00.000,2017-12-31T00:00:00.000,365,2017
42258,COMPARTIMENTO I DEL FONDO DE CAPITAL PRIVADO FINTRA,20,FONDOS DE CAPITAL PRIVADO,2017-01-01T00:00:00.000,2017-12-31T00:00:00.000,365,2017
54613,FICC FIDUPAÍS LIBRANZAS PREMIUM RENTA MÁS,57,FIC DE TIPO GENERAL,2017-01-01T00:00:00.000,2017-01-31T00:00:00.000,31,2017
50287,FONDO DE CAPITAL PRIVADO RUTA DEL SOL COMPARTIMENTO B1,16,FONDOS DE CAPITAL PRIVADO,2017-01-01T00:00:00.000,2017-12-31T00:00:00.000,365,2017
60520,FONDO DE INVERSIÓN COLECTIVA ABIERTO INVERTIR AHORRO PLUS,9,FIC DE TIPO GENERAL,2017-01-01T00:00:00.000,2017-12-31T00:00:00.000,365,2017
60491,FONDO DE INVERSIÓN COLECTIVA ABIERTO CON PACTO DE PERMANENCIA INVERTIR GESTIONADO COLOMBIA,9,FIC DE TIPO GENERAL,2017-01-01T00:00:00.000,2017-12-31T00:00:00.000,365,2017
73589,FCP VALOR FORESTAL CAUCHO 8 (EN LIQUIDACIÓN),38,FONDOS DE CAPITAL PRIVADO,2017-11-25T00:00:00.000,2017-12-31T00:00:00.000,37,2017
59014,FONDO DE CAPITAL PRIVADO TC LATAM - COMPARTIMENTO D,26,FONDOS DE CAPITAL PRIVADO,2017-01-01T00:00:00.000,2017-12-31T00:00:00.000,365,2017
53962,FONDO DE INVERSION COLECTA ABIERTO CON PACTO DE PERMANENCIA SURA MULTIESTRATEGIA CREDITO COLOMBIA,58,FIC DE TIPO GENERAL,2017-01-01T00:00:00.000,2017-12-31T00:00:00.000,365,2017
58731,FONDO DE CAPITAL PRIVADO 90º NORTE,3,FIC INMOBILIARIAS,2017-01-01T00:00:00.000,2017-12-31T00:00:00.000,365,2017
50278,FIC COMPARTIMENTO B SECCIÓN I ASHMORE DEL FONDO DE INFRAESTRUCTURA COLOMBIA ASHMORE - FCP,16,FONDOS DE CAPITAL PRIVADO,2017-01-01T00:00:00.000,2017-12-31T00:00:00.000,365,2017
50402,FONDO DE CAPITAL PRIVADO FUTURO INMOBILIARIO - COMPARTIMENTO UNO,16,FONDOS DE CAPITAL PRIVADO,2017-01-01T00:00:00.000,2017-12-31T00:00:00.000,365,2017
72709,FONDO DE INVERSIÓN COLECTIVA ULTRASERFINCO SECTORIAL HOLDING,62,FIC DE TIPO GENERAL,2017-10-17T00:00:00.000,2017-12-31T00:00:00.000,150,2017
50403,FONDO DE CAPITAL PRIVADO FUTURO INMOBILIARIO - COMPARTIMENTO UNO PARTICIPACIÓN B,16,FONDOS DE CAPITAL PRIVADO,2017-01-01T00:00:00.000,2017-12-31T00:00:00.000,365,2017
61997,OLD MUTUAL  FONDO DE INVERSIÓN COLECTIVA ABIERTO CON PACTO DE PERMANENCIA CAT I,7,FIC DE TIPO GENERAL,2017-01-01T00:00:00.000,2017-12-31T00:00:00.000,365,2017
66532,COMPARTIMENTO INMUEBLES I,21,FONDOS DE CAPITAL PRIVADO,2017-01-01T00:00:00.000,2017-12-31T00:00:00.000,365,2017
32436,FONDO DE CAPITAL PRIVADO AMERIGO VENTURES PACIFICO,31,FONDOS DE CAPITAL PRIVADO,2017-01-01T00:00:00.000,2017-12-31T00:00:00.000,365,2017
59336,FONDO DE INVERSION COLECTIVA ABIERTO CON PACTO DE PERMANENCIA GLOBAL SECURITIES ACCIONES,68,FIC DE TIPO GENERAL,2017-01-01T00:00:00.000,2017-12-31T00:00:00.000,365,2017
13534,CARTERA COLECTIVA FONDO DE INVERSION FORESTAL COLOMBIA,39,FONDOS DE CAPITAL PRIVADO,2017-01-01T00:00:00.000,2017-12-31T00:00:00.000,365,2017
63732,FONDO DE INVERSIÓN COLECTIVA CERRADO BTG PACTUAL OBLIGACIONES DIVERSIFICADO II,14,FIC DE TIPO GENERAL,2017-01-01T00:00:00.000,2017-12-31T00:00:00.000,730,2017
59407,FCP VALOR FORESTAL CAUCHO NATURAL 5,21,FONDOS DE CAPITAL PRIVADO,2017-01-01T00:00:00.000,2017-11-24T00:00:00.000,328,2017
60540,FONDO DE INVERSIÓN COLECTIVA ABIERTO INVERTIR ECOPETROL,9,FIC DE TIPO GENERAL,2017-01-01T00:00:00.000,2017-07-28T00:00:00.000,209,2017
59349,FONDO DE INVERSION COLECTIVA ABIERTO GS RENTA,68,FIC DE TIPO GENERAL,2017-01-01T00:00:00.000,2017-12-31T00:00:00.000,365,2017
21080,"F.C.P. KANDEO FUND I (COLOMBIA), FCP (KFIC)",20,FONDOS DE CAPITAL PRIVADO,2017-01-01T00:00:00.000,2017-12-31T00:00:00.000,365,2017
64546,FONDO DE INVERSION COLECTIVA ABIERTO INVERTIR ADCAP GLOBAL,9,FIC DE TIPO GENERAL,2017-01-01T00:00:00.000,2017-12-31T00:00:00.000,365,2017
67718,OLD MUTUAL  FONDO DE INVERSIÓN COLECTIVA CAT VI,7,FIC DE TIPO GENERAL,2017-01-26T00:00:00.000,2017-05-25T00:00:00.000,120,2017
9452,FONDO DE INVERSIÓN COLECTIVA ABIERTO CON PACTO DE PERMANENCIA META CRECIMIENTO,21,FIC DE TIPO GENERAL,2017-01-01T00:00:00.000,2017-12-31T00:00:00.000,365,2017
58954,ALTRA - FONDO DE CAPITAL PRIVADO ALTRA FCP 1 EN LIQUIDACION,26,FONDOS DE CAPITAL PRIVADO,2017-01-01T00:00:00.000,2017-12-31T00:00:00.000,365,2017
62533,FCP VALOR FORESTAL CACAO 1,21,FONDOS DE CAPITAL PRIVADO,2017-01-01T00:00:00.000,2017-11-24T00:00:00.000,328,2017
66857,FONDO DE CAPITAL PRIVADO LA MONTERA COMPARTIMENTO ALEJANDRIA,16,FONDOS DE CAPITAL PRIVADO,2017-01-01T00:00:00.000,2017-12-31T00:00:00.000,365,2017
65419,FONDO DE CAPITAL PRIVADO INVERSIONES GANADERAS COMPARTIMENTO 35,21,FONDOS DE CAPITAL PRIVADO,2017-01-01T00:00:00.000,2017-12-31T00:00:00.000,365,2017
59248,FONDO DE INVERSIÓN COLECTIVA ABIERTO HELM VALOR,88,FIC DE TIPO GENERAL,2017-01-01T00:00:00.000,2017-09-29T00:00:00.000,272,2017
67673,COMPARTIMENTO C DEL FCP AVENIDA COLOMBIA PEF,20,FONDOS DE CAPITAL PRIVADO,2017-02-13T00:00:00.000,2017-12-31T00:00:00.000,322,2017
71191,COMPARTIMENTO SQF- FCP INVERLINK EST INMOBILIARIAS,16,FONDOS DE CAPITAL PRIVADO,2017-08-08T00:00:00.000,2017-12-31T00:00:00.000,146,2017
33187,FONDO DE INVERSION COLECTIVA DAVIPLUS ACCIONES COLOMBIA,42,FIC DE TIPO GENERAL,2017-01-01T00:00:00.000,2017-02-10T00:00:00.000,41,2017
59740,FONDO DE INVERSION COLECTIVA ABIERTO RENTA SOSTENIBLE GLOBAL,22,FIC DE TIPO GENERAL,2017-01-01T00:00:00.000,2017-12-31T00:00:00.000,365,2017
50410,FONDO DE CAPITAL PRIVADO TRIBECA NATURAL RESOURCES FUND COMP. A TRIBECA NATURAL RESOURCES,16,FONDOS DE CAPITAL PRIVADO,2017-01-01T00:00:00.000,2017-12-31T00:00:00.000,365,2017
15397,FONDO DE INVERSION COLECTIVA ABIERTO CON PACTO DE PERMANENCIA ITAU LARGO PLAZO,23,FIC DE TIPO GENERAL,2017-01-01T00:00:00.000,2017-12-31T00:00:00.000,365,2017
60923,COMP I MAS COLOMBIA LATAM - FCP MAS LATAM,9,FONDOS DE CAPITAL PRIVADO,2017-01-01T00:00:00.000,2017-12-31T00:00:00.000,365,2017
59563,FCP INMOBILIARIO TERMINALES LOGISTICOS DE COLOMBIA - BOGOTA,21,FONDOS DE CAPITAL PRIVADO,2017-01-01T00:00:00.000,2017-12-31T00:00:00.000,365,2017
58877,FONDO DE INVERSION COLECTIVA ABIERTO CON PACTO DE PERMANENCIA BTG PACTUAL RENTA FIJA COLOMBIA,14,FIC DE TIPO GENERAL,2017-01-01T00:00:00.000,2017-12-31T00:00:00.000,1825,2017
73583,FCP - VALOR FORESTAL - CAUCHO 03(EN LIQUIDACIÓN),38,FONDOS DE CAPITAL PRIVADO,2017-11-25T00:00:00.000,2017-12-31T00:00:00.000,37,2017
34166,COMPARTIMENTO RENTAS,16,FIC INMOBILIARIAS,2017-01-01T00:00:00.000,2017-11-28T00:00:00.000,332,2017
58927,CREDICORP CAPITAL BALANCEADO III,28,FIC DE TIPO GENERAL,2017-01-01T00:00:00.000,2017-12-31T00:00:00.000,365,2017
59500,CARTERA COLECTIVA ESCALONADA INTERBOLSA CREDIT,68,FIC DE TIPO GENERAL,2017-01-01T00:00:00.000,2017-12-31T00:00:00.000,365,2017
72485,FONDO DE INVERSION COLECTIVA RENTA 4 GLOBAL VISTA,63,FIC DE TIPO GENERAL,2017-10-09T00:00:00.000,2017-12-31T00:00:00.000,581,2017
50261,FONDO DE CAPITAL PRIVADO INVERLINK ESTRUCTURAS INMOBILIARIAS COMPARTIMENTO UNO TIPO DE UNIDAD A,16,FONDOS DE CAPITAL PRIVADO,2017-01-01T00:00:00.000,2017-12-31T00:00:00.000,365,2017
59094,FONDO DE INVERSION COLECTIVA VALOR,21,FIC DE TIPO GENERAL,2017-01-01T00:00:00.000,2017-12-31T00:00:00.000,730,2017
59621,COMPARTIMENTO VACUNAS I,21,FONDOS DE CAPITAL PRIVADO,2017-01-01T00:00:00.000,2017-12-31T00:00:00.000,365,2017
69368,FONDO DE INVERSIÓN COLECTIVA ABIERTO CON PACTO DE PERMANENCIA BBVA AM ESTRATEGIA BALANCEADO GLOBAL,3,FIC DE TIPO GENERAL,2017-04-24T00:00:00.000,2017-12-31T00:00:00.000,252,2017
66147,OLD MUTUAL FONDO DE INVERSION COLECTIVA CAT V,7,FIC DE TIPO GENERAL,2017-01-01T00:00:00.000,2017-12-05T00:00:00.000,339,2017
60561,FONDO ABIERTO DE INVERSIÓN COLECTIVA ULTRACTIVO,62,FIC DE TIPO GENERAL,2017-01-01T00:00:00.000,2017-03-16T00:00:00.000,75,2017
59364,FCP VALOR FORESTAL CAUCHO NATURAL 2,21,FONDOS DE CAPITAL PRIVADO,2017-01-01T00:00:00.000,2017-11-24T00:00:00.000,328,2017
61583,UNIVERSITAS  FONDO DE INVERSION  COLECTIVA ABIERTO CON  PACTO DE  PERMANENCIA,6,FIC DE TIPO GENERAL,2017-01-01T00:00:00.000,2017-12-31T00:00:00.000,365,2017
62512,FIC F4 DE LA FAMILIA DE FONDOS FIDUAGRARIA RENTASEMILLA,39,FIC DE TIPO GENERAL,2017-01-01T00:00:00.000,2017-05-30T00:00:00.000,150,2017
60197,FONDO DE INVERSIÓN COLECTIVA CERRADO BTG PACTUAL OBLIGACIONES DIVERSIFICADO I,14,FIC DE TIPO GENERAL,2017-01-01T00:00:00.000,2017-12-31T00:00:00.000,365,2017
26960,FONDO DE CAPITAL PRIVADO BRICAPITAL,31,FONDOS DE CAPITAL PRIVADO,2017-01-01T00:00:00.000,2017-12-31T00:00:00.000,365,2017
59856,FONDO DE CAPITAL PRIVADO  INVERSIONES GANADERAS COMPARTIMENTO 30,21,FONDOS DE CAPITAL PRIVADO,2017-01-01T00:00:00.000,2017-12-31T00:00:00.000,365,2017
59523,FCP EMPRENDIMIENTO E INNOVACION S P - EN LIQUIDACIÓN,28,FONDOS DE CAPITAL PRIVADO,2017-01-01T00:00:00.000,2017-12-31T00:00:00.000,365,2017
65792,FONDO BURSATIL ISHARES MSCI COLOMBIA RISK WEIGHTED,73,FIC BURSATILES,2017-01-01T00:00:00.000,2017-12-31T00:00:00.000,365,2017
59012,FONDO DE CAPITAL PRIVADO TC LATAM - COMPARTIMENTO C,26,FONDOS DE CAPITAL PRIVADO,2017-01-01T00:00:00.000,2017-12-31T00:00:00.000,365,2017
59304,FONDO DE INVERSION COLECTIVA ABIERTO RENTA LIQUIDEZ,22,FIC DE TIPO GENERAL,2017-01-01T00:00:00.000,2017-12-31T00:00:00.000,365,2017
63935,FONDO DE INVERSIÓN COLECTIVA INMOBILIARIO DESARROLLO COLOMBIA I,26,FIC INMOBILIARIAS,2017-01-01T00:00:00.000,2017-12-31T00:00:00.000,365,2017
25826,FONDO CERRADO MAS COLOMBIA OPPORTUNITY,16,FIC DE TIPO GENERAL,2017-01-01T00:00:00.000,2017-11-28T00:00:00.000,332,2017
58451,"FONDO DE INVERSION COLECTIVA ""SERFINCO AIC CORPORACION FINANCIERA DE COLOMBIA""",62,FIC DE TIPO GENERAL,2017-01-01T00:00:00.000,2017-12-31T00:00:00.000,365,2017
73581,FCP VALOR FORESTAL CAUCHO 2 (EN LIQUIDACIÓN),38,FONDOS DE CAPITAL PRIVADO,2017-11-25T00:00:00.000,2017-12-31T00:00:00.000,37,2017
71887,OLD MUTUAL  FONDO DE INVERSIÓN COLECTIVA CERRADO CAT III,7,FIC DE TIPO GENERAL,2017-09-15T00:00:00.000,2017-12-31T00:00:00.000,108,2017
73593,FCP VALOR FORESTAL CACAO 01 (EN LIQUIDACIÓN),38,FONDOS DE CAPITAL PRIVADO,2017-11-25T00:00:00.000,2017-12-31T00:00:00.000,37,2017
58436,FONDO DE INVERSION COLECTIVA ABIERTO CON PACTO DE PERMANECIA ESPARTA 30,62,FIC DE TIPO GENERAL,2017-01-01T00:00:00.000,2017-12-31T00:00:00.000,365,2017
61653,RENDIR FONDO DE INVERSION COLECTIVA ABIERTO,6,FIC DE TIPO GENERAL,2017-01-01T00:00:00.000,2017-12-31T00:00:00.000,365,2017
63301,FONDO DE INVERSION COLECTIVA ABIERTO RENTA ALTA CONVICCION,22,FIC DE TIPO GENERAL,2017-01-01T00:00:00.000,2017-12-31T00:00:00.000,365,2017
66082,FONDO DE INVERSIÓN COLECTIVA INMOBILIARIO DE RENTA DAVIVIENDA CORREDORES,26,FIC INMOBILIARIAS,2017-09-28T00:00:00.000,2017-12-31T00:00:00.000,95,2017
60919,FCP SUBFOBDO C TRASANDINO COLOMBIA,9,FONDOS DE CAPITAL PRIVADO,2017-01-01T00:00:00.000,2017-12-31T00:00:00.000,365,2017
71258,FONDO DE INVERSION COLECTIVA ABIERTO CON PACTO DE PERMANENCIA BTG PACTUAL ACCIONES INTERNACIONALES,14,FIC DE TIPO GENERAL,2017-08-18T00:00:00.000,2017-12-31T00:00:00.000,371,2017
59524,FONDO DE CAPITAL PRIVADO EOLO,68,FONDOS DE CAPITAL PRIVADO,2017-01-01T00:00:00.000,2017-12-31T00:00:00.000,365,2017
69305,FONDO DE INVERSIÓN COLECTIVA CERRADO ACCIVAL ESTRUCTURADO,3,FIC DE TIPO GENERAL,2017-04-20T00:00:00.000,2017-12-31T00:00:00.000,256,2017
51959,FONDO DE INVERSIÓN COLECTIVA SKANDIA MULTIPLAZO,7,FIC DE TIPO GENERAL,2017-01-01T00:00:00.000,2017-12-31T00:00:00.000,1424,2017
71323,FCP FUTURO INMOBILIARIO COMPARTIMENTO II - VIVIENDA,16,FONDOS DE CAPITAL PRIVADO,2017-12-13T00:00:00.000,2017-12-31T00:00:00.000,38,2017
59560,CPVAL HIDROCARBUROS,28,FONDOS DE CAPITAL PRIVADO,2017-01-01T00:00:00.000,2017-12-31T00:00:00.000,365,2017
60342,FONDO DE INVERSIÓN COLECTIVA ABIERTO SIN PACTO DE PERMANENCIA DOLAR EFECTIVO,62,FIC DE TIPO GENERAL,2017-01-01T00:00:00.000,2017-12-31T00:00:00.000,365,2017
58134,FONDO DE INVERSION COLECTIVA FONDO GNB ABIERTO,34,FIC DE TIPO GENERAL,2017-01-01T00:00:00.000,2017-12-31T00:00:00.000,365,2017
11427,CARTERA COLECTIVA ABIERTA EFECTIVO A LA VISTA,12,FIC DE TIPO GENERAL,2017-01-01T00:00:00.000,2017-12-31T00:00:00.000,365,2017
73590,FCP - VALOR FORESTAL - CAUCHO 09 (EN LIQUIDACIÓN),38,FONDOS DE CAPITAL PRIVADO,2017-11-25T00:00:00.000,2017-12-31T00:00:00.000,37,2017
50276,FIC COMPARTIMENTO A SECCIÓN I ASHMORE DEL FONDO DE INFRAESTRUCTURA COLOMBIA ASHMORE - FCP,16,FONDOS DE CAPITAL PRIVADO,2017-01-01T00:00:00.000,2017-12-31T00:00:00.000,365,2017
66363,FCP INVERLINK EST INMOBILIARIAS - COMPARTIMENTO RENTAS INMOBILIARIAS,16,FONDOS DE CAPITAL PRIVADO,2017-01-01T00:00:00.000,2017-12-31T00:00:00.000,365,2017
34630,FONDO DE INFRAESTRUCTURA BROOKFIELD COLOMBIA - SUBCOMPARTIMENTO LP,16,FONDOS DE CAPITAL PRIVADO,2017-01-01T00:00:00.000,2017-12-31T00:00:00.000,365,2017
59725,FONDO DE CAPITAL PRIVADO  INVERSIONES GANADERAS COMPARTIMENTO 12,21,FONDOS DE CAPITAL PRIVADO,2017-01-01T00:00:00.000,2017-12-31T00:00:00.000,365,2017
53968,FIC PENSIONES II,58,FIC DE TIPO GENERAL,2017-01-01T00:00:00.000,2017-12-31T00:00:00.000,365,2017
69537,FONDO DE INVERSION COLECTIVA ABIERTO FIC 600,39,FIC DE TIPO GENERAL,2017-05-02T00:00:00.000,2017-12-31T00:00:00.000,244,2017
58947,FONDO DE CAPITAL PRIVADO ENERGETICO - COMPARTIMENTO B,26,FONDOS DE CAPITAL PRIVADO,2017-01-01T00:00:00.000,2017-12-31T00:00:00.000,365,2017
54615,FICC FIDUPAÍS LIBRANZAS PREMIUM RENTA SUPERIOR,57,FIC DE TIPO GENERAL,2017-01-01T00:00:00.000,2017-01-31T00:00:00.000,31,2017
73586,FCP - VALOR FORESTAL - CAUCHO 05(EN LIQUIDACIÓN),38,FONDOS DE CAPITAL PRIVADO,2017-11-25T00:00:00.000,2017-12-31T00:00:00.000,37,2017
50411,FONDO DE CAPITAL PRIVADO TRIBECA NATURAL RESOURCES FUND COMP. B TRIBECA NATURAL RESOURCES,16,FONDOS DE CAPITAL PRIVADO,2017-01-01T00:00:00.000,2017-12-31T00:00:00.000,365,2017
27283,FONDO DE INFRAESTRUCTURA BROOKFIELD COLOMBIA - COMPARTIMENTO II,16,FONDOS DE CAPITAL PRIVADO,2017-01-01T00:00:00.000,2017-12-31T00:00:00.000,365,2017
59079,FIC ACCIONES GLOBALES,26,FIC DE TIPO GENERAL,2017-01-01T00:00:00.000,2017-12-31T00:00:00.000,549,2017
59950,CPVAL TERMICO - EN LIQUIDACIÓN,28,FONDOS DE CAPITAL PRIVADO,2017-01-01T00:00:00.000,2017-12-31T00:00:00.000,365,2017
59533,FCP VALOR FORESTAL VII-REGION CARIBE,21,FONDOS DE CAPITAL PRIVADO,2017-01-01T00:00:00.000,2017-11-24T00:00:00.000,328,2017
59724,FONDO DE CAPITAL PRIVADO  INVERSIONES GANADERAS COMPARTIMENTO 11,21,FONDOS DE CAPITAL PRIVADO,2017-01-01T00:00:00.000,2017-12-31T00:00:00.000,365,2017
59582,FCP VALOR INMOBILIARIO POLIGONOS INDUSTRIALES DE COLOMBIA - CARTAGENA (PIC),21,FONDOS DE CAPITAL PRIVADO,2017-01-01T00:00:00.000,2017-12-31T00:00:00.000,365,2017
10026,FONDO DE INVERSION COLECTIVA SUPERIOR,42,FIC DE TIPO GENERAL,2017-01-01T00:00:00.000,2017-12-31T00:00:00.000,2633,2017
2852,FONDO DE INVERSIÓN COLECTIVA ABIERTO FIDUCUENTA,31,FIC DE TIPO GENERAL,2017-01-01T00:00:00.000,2017-12-31T00:00:00.000,365,2017
59345,FONDO DE INVERSION COLECTIVA ABIERTO CON PACTO DE PERMANENCIA CG SMALL CAPS ANDINO,32,FIC DE TIPO GENERAL,2017-01-01T00:00:00.000,2017-12-31T00:00:00.000,365,2017
59826,FCP VALOR FORESTAL CAUCHO NATURAL 1,21,FONDOS DE CAPITAL PRIVADO,2017-01-01T00:00:00.000,2017-11-24T00:00:00.000,328,2017
58448,"FONDO DE INVERSION COLECTIVA ""SERFINCO AIC GRUPO AVAL""",62,FIC DE TIPO GENERAL,2017-01-01T00:00:00.000,2017-04-02T00:00:00.000,92,2017
60275,FONDO DE INVERSION COLECTIVA ABIERTO RENTAVAL,91,FIC DE TIPO GENERAL,2017-01-01T00:00:00.000,2017-12-31T00:00:00.000,365,2017
58698,CASA DE BOLSA ACCIONES PLUS  FONDO  ABIERTO CON PACTO DE PERMANENCIA,76,FIC DE TIPO GENERAL,2017-01-01T00:00:00.000,2017-12-31T00:00:00.000,365,2017
58247,FONDO DE DEUDA SENIOR PARA INFRAESTRUCTURA EN COLOMBIA CAF ASHMORE I,16,FONDOS DE CAPITAL PRIVADO,2017-01-01T00:00:00.000,2017-12-31T00:00:00.000,365,2017
74094,"FONDO DE CAPITAL PRIVADO INMOBILIARIO POR COMPARTIMENTOS AZUR, COMPARTIMENTO BLOCPORT",97,FONDOS DE CAPITAL PRIVADO,2017-12-13T00:00:00.000,2017-12-31T00:00:00.000,19,2017
3644,FONDO DE INVERSIÓN COLECTIVA ABIERTO RENTA ACCIONES LATAM,31,FIC DE TIPO GENERAL,2017-01-01T00:00:00.000,2017-12-31T00:00:00.000,1095,2017
60106,FONDO DE INVERSION COLECTIVA ABIERTO SIN PACTO DE PERMANENCIA PERFIL CRECIMIENTO,62,FIC DE TIPO GENERAL,2017-01-01T00:00:00.000,2017-12-31T00:00:00.000,365,2017
44227,FONDO DE CAPITAL PRIVADO VELUM EARLY STAGE FUND I,23,FONDOS DE CAPITAL PRIVADO,2017-01-01T00:00:00.000,2017-12-31T00:00:00.000,365,2017
60248,FONDO DE INVERSIÓN COLECTIVA CERRADO BTG PACTUAL CREDIVALORES II,14,FIC DE TIPO GENERAL,2017-01-01T00:00:00.000,2017-12-31T00:00:00.000,730,2017
59328,FONDO DE INVERSION COLECTIVA ABIERTO GLOBAL VISTA,68,FIC DE TIPO GENERAL,2017-01-01T00:00:00.000,2017-12-31T00:00:00.000,365,2017
11014,FONDO DE INVERSIÓN COLECTIVA ABIERTO SIN PACTO DE PERMANENCIA ACCION UNO,33,FIC DE TIPO GENERAL,2017-01-01T00:00:00.000,2017-12-31T00:00:00.000,365,2017
60046,FONDO DE INVERSION COLECTIVA CERRADO PROGRESION RENTAMAS,11,FIC DE TIPO GENERAL,2017-01-01T00:00:00.000,2017-12-31T00:00:00.000,1460,2017
50433,FONDO DE INVERSIÓN COLECTIVA CERRADA INMUEBLES FIDUCOR POR COMPARTIMENTOS,16,FIC INMOBILIARIAS,2017-11-29T00:00:00.000,2017-12-31T00:00:00.000,33,2017
58750,FONDO DE INVERSION COLECTIVA CERRADA OCCIDECOL,21,FIC DE TIPO GENERAL,2017-01-01T00:00:00.000,2017-12-31T00:00:00.000,365,2017
59501,INMOVAL FONDO INMOBILIARIO,28,FIC INMOBILIARIAS,2017-01-01T00:00:00.000,2017-12-31T00:00:00.000,365,2017
74174,COMPARTIMENTO B FCP AVENIDA COLOMBIA PEF II,20,FONDOS DE CAPITAL PRIVADO,2017-12-26T00:00:00.000,2017-12-31T00:00:00.000,30,2017
74207,FONDO DE CAPITAL PRIVADO VALOR INMOBILIARIO COMPLEJO LOGISTICO DEL CARIBE,11,FONDOS DE CAPITAL PRIVADO,2017-12-16T00:00:00.000,2017-12-31T00:00:00.000,16,2017
54619,FICC FIDUPAÍS PLAZOS 730 DIAS,57,FIC DE TIPO GENERAL,2017-01-01T00:00:00.000,2017-01-31T00:00:00.000,31,2017
58883,CREDICORP CAPITAL DEUDA CORPORATIVA,28,FIC DE TIPO GENERAL,2017-01-01T00:00:00.000,2017-12-31T00:00:00.000,365,2017
66528,COMPARTIMENTO ALIMENTOS VALUARY,21,FONDOS DE CAPITAL PRIVADO,2017-03-01T00:00:00.000,2017-12-31T00:00:00.000,306,2017
3049,FONDO DE INVERSION COLECTIVA ABIERTO CON PACTO DE PERMANENCIA PLAN SEMILLA,31,FIC DE TIPO GENERAL,2017-01-01T00:00:00.000,2017-12-31T00:00:00.000,365,2017
60239,FONDO DE CAPITAL PRIVADO PROGRESION INMOBILIARIO,11,FONDOS DE CAPITAL PRIVADO,2017-01-01T00:00:00.000,2017-12-31T00:00:00.000,365,2017
11356,FONDO DE INVERSIÓN COLECTIVA ABIERTO FIDULIQUIDEZ,18,FIC DE TIPO GENERAL,2017-01-01T00:00:00.000,2017-12-31T00:00:00.000,365,2017
10648,FONDO DE INVERSION COLECTIVA ABIERTO ITAU MONEY MARKET,23,FIC DE TIPO GENERAL,2017-01-01T00:00:00.000,2017-12-31T00:00:00.000,365,2017
72576,FONDO DE INVERSION COLECTIVA ABIERTO CON PACTO DE PERMANENCIA AVANZAR 180 DIAS,62,FIC DE TIPO GENERAL,2017-10-11T00:00:00.000,2017-12-31T00:00:00.000,328,2017
60678,FONDO BURSÁTIL ISHARES  MSCI COLCAP,73,FIC BURSATILES,2017-01-01T00:00:00.000,2017-12-31T00:00:00.000,365,2017
59009,FONDO DE CAPITAL PRIVADO TC LATAM - COMPARTIMENTO B,26,FONDOS DE CAPITAL PRIVADO,2017-01-01T00:00:00.000,2017-12-31T00:00:00.000,365,2017
58347,FIC INTERÉS,26,FIC DE TIPO GENERAL,2017-01-01T00:00:00.000,2017-12-31T00:00:00.000,365,2017
68801,FONDO DE INVERSIÓN COLECTIVA ULTRASERFINCO ACTIVO,62,FIC DE TIPO GENERAL,2017-03-17T00:00:00.000,2017-12-11T00:00:00.000,270,2017
16373,FIC GESTIÓN,58,FIC DE MERCADO MONETARIO,2017-01-01T00:00:00.000,2017-12-31T00:00:00.000,365,2017
53969,FIC PENSIONES III,58,FIC DE TIPO GENERAL,2017-01-01T00:00:00.000,2017-12-31T00:00:00.000,365,2017
3814,FONDO DE INVERSIÓN COLECTIVA ABIERTO RENTA FIJA PLAZO,31,FIC DE TIPO GENERAL,2017-01-01T00:00:00.000,2017-12-31T00:00:00.000,365,2017
58948,FONDO DE CAPITAL PRIVADO ENERGETICO - COMPARTIMENTO C,26,FONDOS DE CAPITAL PRIVADO,2017-01-01T00:00:00.000,2017-12-31T00:00:00.000,365,2017
58441,"FONDO DE INVERSION COLECTIVA ""SERFINCO AIC ISA""",62,FIC DE TIPO GENERAL,2017-01-01T00:00:00.000,2017-03-15T00:00:00.000,74,2017
9453,FONDO DE INVERSIÓN COLECTIVA ABIERTO SIN PACTO DE PERMANENCIA OCCITESOROS,21,FIC DE TIPO GENERAL,2017-01-01T00:00:00.000,2017-12-31T00:00:00.000,365,2017
66651,FONDO INMOBILIARIO FIDUPAÍS FIC CERRADO NO. 2 EN DERECHOS FIDUCIARIOS SOBRE INMUEBLES,68,FIC INMOBILIARIAS,2017-01-01T00:00:00.000,2017-12-31T00:00:00.000,365,2017
4786,FONDO DE INVERSION COLECTIVA ABIERTO CONFIRENTA,39,FIC DE MERCADO MONETARIO,2017-01-01T00:00:00.000,2017-05-01T00:00:00.000,121,2017
71846,FCP 4G CREDICORP CAPITAL - SURA AM COMP LIQUIDEZ I,28,FONDOS DE CAPITAL PRIVADO,2017-09-08T00:00:00.000,2017-12-31T00:00:00.000,460,2017
50272,FONDO DE CAPITAL PRIVADO RUTA DEL SOL COMPARTIMENTO A1,16,FONDOS DE CAPITAL PRIVADO,2017-01-01T00:00:00.000,2017-12-31T00:00:00.000,365,2017
58741,FICS ABIERTO SIN PACTO DE PERMANENCIA ACCIVAL BALANCEADO,3,FIC DE TIPO GENERAL,2017-01-01T00:00:00.000,2017-12-31T00:00:00.000,365,2017
58445,"FONDO DE INVERSION COLECTIVA ""SERFINCO AIC GRUPO SURA""",62,FIC DE TIPO GENERAL,2017-01-01T00:00:00.000,2017-12-31T00:00:00.000,365,2017
61306,FONDO DE CAPITAL INMOBILIARIO,62,FONDOS DE CAPITAL PRIVADO,2017-01-01T00:00:00.000,2017-12-31T00:00:00.000,365,2017
59854,FONDO DE CAPITAL PRIVADO INVERSIONES GANADERAS COMPARTIMENTO 29,21,FONDOS DE CAPITAL PRIVADO,2017-01-01T00:00:00.000,2017-12-31T00:00:00.000,365,2017
13174,F.I.C. A. MERCADO MONETARIO CONFIANZA PLUS,20,FIC DE MERCADO MONETARIO,2017-01-01T00:00:00.000,2017-12-31T00:00:00.000,365,2017
73454,FONDO DE INVERSION COLECTIVA ULTRASERFINCO SECTORIAL BANCOS,62,FIC DE TIPO GENERAL,2017-11-16T00:00:00.000,2017-12-31T00:00:00.000,46,2017
60168,FONDO DE INVERSIÓN COLECTIVA CERRADO PROGRESIÓN RENTAPLÚS,11,FIC DE TIPO GENERAL,2017-01-01T00:00:00.000,2017-12-31T00:00:00.000,365,2017
59346,FONDO DE INVERSIÓN COLETIVA CERRADO HELM INDICE,88,FIC DE TIPO GENERAL,2017-01-01T00:00:00.000,2017-12-31T00:00:00.000,365,2017
65875,FIC FONDO DE SEGURIDAD BOLIVAR,42,FIC DE TIPO GENERAL,2017-01-01T00:00:00.000,2017-12-31T00:00:00.000,365,2017
58918,CREDICORP CAPITAL ACCIONES GLOBALES,28,FIC DE TIPO GENERAL,2017-01-01T00:00:00.000,2017-12-31T00:00:00.000,365,2017
73592,FCP VALOR FORESTAL CAUCHO 11 (EN LIQUIDACIÓN),38,FONDOS DE CAPITAL PRIVADO,2017-11-25T00:00:00.000,2017-12-31T00:00:00.000,37,2017
41520,COMPARTIMENTO UNO - PROLOGIS I,21,FONDOS DE CAPITAL PRIVADO,2017-01-01T00:00:00.000,2017-10-15T00:00:00.000,288,2017
58443,"FONDO DE INVERSION COLECTIVA ""SERFINCO AIC CEMARGOS""",62,FIC DE TIPO GENERAL,2017-01-01T00:00:00.000,2017-06-12T00:00:00.000,163,2017
9645,F.I.C. CON PACTO DE PERMANENCIA CAPITAL PLUS,20,FIC DE TIPO GENERAL,2017-01-01T00:00:00.000,2017-12-31T00:00:00.000,365,2017
8742,FIC ABIERTO BBVA FAM CON PARTICIPACIONES DIFERENCIALES,3,FIC DE TIPO GENERAL,2017-01-01T00:00:00.000,2017-12-31T00:00:00.000,2555,2017
3078,FONDO DE INVERSIÓN COLECTIVA ABIERTO RENTA BALANCEADO,31,FIC DE TIPO GENERAL,2017-01-01T00:00:00.000,2017-12-31T00:00:00.000,365,2017
58745,CASA DE BOLSA DEUDA CORPORATIVA FONDO  ABIERTO CON PACTO DE PERMANENCIA,76,FIC DE TIPO GENERAL,2017-01-01T00:00:00.000,2017-12-31T00:00:00.000,365,2017
59922,FCP RENTA INMOBILIARIA,21,FONDOS DE CAPITAL PRIVADO,2017-01-01T00:00:00.000,2017-12-15T00:00:00.000,349,2017
32788,FONDO DE INVERSION COLECTIVA RENTACAFE,42,FIC DE TIPO GENERAL,2017-01-01T00:00:00.000,2017-06-30T00:00:00.000,181,2017
60528,FONDO DE INVERSIÓN COLECTIVA CERRADO CON PLAZO DE REDENCIÓN INVERTIR EN ALTERNATIVOS CLASE 1,9,FIC DE TIPO GENERAL,2017-01-01T00:00:00.000,2017-12-31T00:00:00.000,365,2017
60510,FONDO DE INVERSIÓN COLECTIVA ABIERTO CON PACTO DE PERMANENCIA ADCAP RENTA FIJA COLOMBIA,9,FIC DE TIPO GENERAL,2017-01-01T00:00:00.000,2017-12-31T00:00:00.000,365,2017
65731,FONDO DE CAPITAL PRIVADO TC LATAM - COMPARTIMENTO E TC LATAM,26,FONDOS DE CAPITAL PRIVADO,2017-02-10T00:00:00.000,2017-12-31T00:00:00.000,325,2017
50434,CARTERA COLECTIVA CERRADA INMOBILIARIA INMUEBLES FIDUCOR - COMPARTIMENTO APARTAMENTOS CALLE 92,16,FIC INMOBILIARIAS,2017-01-02T00:00:00.000,2017-11-28T00:00:00.000,331,2017
58434,FONDO DE INVERSIÓN COLECTIVA ABIERTO SIN PACTO DE PERMANENCIA ULTRASERFINCO LIQUIDEZ,62,FIC DE TIPO GENERAL,2017-01-01T00:00:00.000,2017-12-31T00:00:00.000,2393,2017
60543,FONDO DE INVERSIÓN COLECTIVA DEL MERCADO MONETARIO DEL MERCADO MONETARIO DENOMINADO AFIN VALORES V,5,FIC DE MERCADO MONETARIO,2017-01-01T00:00:00.000,2017-12-31T00:00:00.000,365,2017
18462,FONDO CASH CONSERVADOR ALIANZA 1525,16,FIC DE TIPO GENERAL,2017-01-01T00:00:00.000,2017-12-31T00:00:00.000,1095,2017
61112,COMPARTIMENTO DEUDA PRIVADA INFRAESTRUCTURA I,28,FONDOS DE CAPITAL PRIVADO,2017-01-01T00:00:00.000,2017-12-31T00:00:00.000,1095,2017
74196,FONDO DE CAPITAL PRIVADO RENTA INMOBILIARIA,11,FONDOS DE CAPITAL PRIVADO,2017-12-16T00:00:00.000,2017-12-31T00:00:00.000,16,2017
50283,FONDO DE CAPITAL PRIVADO TRG FCP LA I,16,FONDOS DE CAPITAL PRIVADO,2017-01-01T00:00:00.000,2017-12-31T00:00:00.000,365,2017
67598,FONDO DE CAPITAL AGROEMPRESAS COLOMBIA DE SEAF,21,FONDOS DE CAPITAL PRIVADO,2017-09-04T00:00:00.000,2017-12-31T00:00:00.000,119,2017
59128,FONDO DE INVERSION COLECTIVA ACCION COLOMBIA,21,FIC DE TIPO GENERAL,2017-01-01T00:00:00.000,2017-10-02T00:00:00.000,275,2017
10650,FONDO DE INVERSION COLECTIVA ABIERTO CON PACTO DE PERMANENCIA ITAU MEDIANO PLAZO,23,FIC DE TIPO GENERAL,2017-01-01T00:00:00.000,2017-12-31T00:00:00.000,365,2017
71197,FONDO DE INVERSIÓN COLECTIVA ABIERTO FIC AVANZAR VISTA,62,FIC DE TIPO GENERAL,2017-08-08T00:00:00.000,2017-12-31T00:00:00.000,584,2017
53973,FIC GESTIONAR,58,FIC DE TIPO GENERAL,2017-01-01T00:00:00.000,2017-12-31T00:00:00.000,365,2017
50439,COMPARTIMENTO ZONA FRANCA DEL FONDO DE CAPITAL PRIVADO INVERLINK ESTRUCTURAS INMOBILIARIAS,16,FONDOS DE CAPITAL PRIVADO,2017-01-01T00:00:00.000,2017-12-31T00:00:00.000,365,2017
59745,FONDO DE INVERSION COLECTIVA CERRADO RENTA CAPITAL VALORES BANCOLOMBIA,22,FIC DE TIPO GENERAL,2017-01-01T00:00:00.000,2017-05-16T00:00:00.000,136,2017
58756,CREDICORP CAPITAL ALTA LIQUIDEZ,28,FIC DE TIPO GENERAL,2017-01-01T00:00:00.000,2017-12-31T00:00:00.000,365,2017
50518,FONDO DE CO-INVERSIÓN CON EL FONDO DE INFRAESTRUCTURA ASHMORE I - FCP  COMPARTIMENTO 3 - CODAD S.A,16,FONDOS DE CAPITAL PRIVADO,2017-01-01T00:00:00.000,2017-12-31T00:00:00.000,365,2017
10659,FONDO DE INVERSION COLECTIVA ABIERTO FIDUGOB,22,FIC DE TIPO GENERAL,2017-01-01T00:00:00.000,2017-12-31T00:00:00.000,3285,2017
41248,FONDO DE INVERSION COLECTIVA ABIERTO FIC 600,39,FIC DE MERCADO MONETARIO,2017-01-01T00:00:00.000,2017-05-01T00:00:00.000,121,2017
59738,FONDO DE INVERSION COLECTIVA ABIERTO RENTA VARIABLE COLOMBIA,22,FIC DE TIPO GENERAL,2017-01-01T00:00:00.000,2017-12-31T00:00:00.000,365,2017
65531,FIC PACTO 25 DE LA FAMILIA DE FONDOS DE FIDUAGRARIA RENTASEMILLA,39,FIC DE TIPO GENERAL,2017-01-01T00:00:00.000,2017-12-31T00:00:00.000,365,2017
58900,FONVAL DEUDA PUBLICA,28,FIC DE TIPO GENERAL,2017-01-01T00:00:00.000,2017-12-31T00:00:00.000,365,2017
59863,FONDO DE CAPITAL PRIVADO  INVERSIONES GANADERAS COMPARTIMENTO 34,21,FONDOS DE CAPITAL PRIVADO,2017-01-01T00:00:00.000,2017-12-31T00:00:00.000,365,2017
67404,FONDO DE INVERSION COLECTIVA ABIERTO CON PACTO PERMANENCIA ALIANZA RENTA FIJA 90,16,FIC DE TIPO GENERAL,2017-01-01T00:00:00.000,2017-12-31T00:00:00.000,2555,2017
58703,FONDO DE CAPITAL PRIVADO CORREDORES CAPITAL I,26,FONDOS DE CAPITAL PRIVADO,2017-01-01T00:00:00.000,2017-12-31T00:00:00.000,365,2017
60924,COMP II MAS COLOMBIA OPPORTUNITY -FCP MAS COLOMBIA LATAM,9,FONDOS DE CAPITAL PRIVADO,2017-01-01T00:00:00.000,2017-12-31T00:00:00.000,365,2017
60920,"SUBFONDO D TRANSANDINO COLOMBIA, FCP",9,FONDOS DE CAPITAL PRIVADO,2017-01-01T00:00:00.000,2017-12-31T00:00:00.000,365,2017
28405,FONDO DE CAPITAL PRIVADO OXO - PROPIEDADES SOSTENIBLES COMPARTIMENTO II. OXO - PROPIEDADES SOSTENIB,16,FONDOS DE CAPITAL PRIVADO,2017-01-01T00:00:00.000,2017-12-31T00:00:00.000,365,2017
29495,FONDO DE INVERSIÓN COLECTIVA ABIERTO CON PACTO DE PERMANENCIA ÓPTIMO,22,FIC DE TIPO GENERAL,2017-01-01T00:00:00.000,2017-12-31T00:00:00.000,365,2017
64114,FONDO ASHMORE ANDINO II - FCP COMPARTIMENTO A,16,FONDOS DE CAPITAL PRIVADO,2017-01-01T00:00:00.000,2017-12-31T00:00:00.000,978,2017
58928,CREDICORP CAPITAL ESTRATEGICO,28,FIC DE TIPO GENERAL,2017-01-01T00:00:00.000,2017-12-31T00:00:00.000,365,2017
59412,FCP VALOR FORESTAL VI,21,FONDOS DE CAPITAL PRIVADO,2017-01-01T00:00:00.000,2017-11-24T00:00:00.000,328,2017
60348,FONDO DE INVERSIÓN COLECTIVA INMOBILIARIO VISUM RENTAS INMOBILIARIAS,14,FIC INMOBILIARIAS,2017-01-01T00:00:00.000,2017-12-31T00:00:00.000,1086,2017
58746,CASA DE BOLSA LIQUIDEZ FONDO ABIERTO,76,FIC DE MERCADO MONETARIO,2017-01-01T00:00:00.000,2017-12-31T00:00:00.000,365,2017
13525,FONDO DE INVERSION COLECTIVA ABIERTO CON PACTO DE PERMANENCIA RENTAPAIS,39,FIC DE TIPO GENERAL,2017-01-01T00:00:00.000,2017-12-31T00:00:00.000,365,2017
2971,FONDO DE INVERSION COLECTIVA ABIERTO CON PACTO DE PERMANENCIA FIDURENTA,31,FIC DE TIPO GENERAL,2017-01-01T00:00:00.000,2017-12-31T00:00:00.000,1825,2017
59018,FG - FONDO DE CAPITAL PRIVADO FG,26,FONDOS DE CAPITAL PRIVADO,2017-01-01T00:00:00.000,2017-12-31T00:00:00.000,365,2017
59342,FONDO DE INVERSIÓN COLECTIVA CERRADO RENTA FIJA 365,68,FIC DE TIPO GENERAL,2017-01-01T00:00:00.000,2017-12-31T00:00:00.000,365,2017
72409,FONDO DE INVERSION COLECTIVA CERRADO ACCICOLF VANGUARDIA ACCIONES ORDINARIAS,21,FIC DE TIPO GENERAL,2017-10-02T00:00:00.000,2017-12-31T00:00:00.000,91,2017
68802,FONDO DE INVERSIÓN COLECTIVA ULTRASERFINCO GEA,62,FIC DE TIPO GENERAL,2017-03-17T00:00:00.000,2017-12-31T00:00:00.000,290,2017
53954,F.I.C. VALOR PLUS I,20,FIC DE TIPO GENERAL,2017-01-31T00:00:00.000,2017-12-31T00:00:00.000,3684,2017
59842,FONDO DE CAPITAL PRIVADO  INVERSIONES GANADERAS COMPARTIMENTO 28,21,FONDOS DE CAPITAL PRIVADO,2017-01-01T00:00:00.000,2017-03-22T00:00:00.000,81,2017
53955,F.I.C. VALOR PLUS II,20,FIC DE TIPO GENERAL,2017-01-01T00:00:00.000,2017-03-31T00:00:00.000,102,2017
53970,FONDO DE INVERSION COLECTIVA CERRADO SURA CREDITO PRIVADO COLOMBIA,58,FIC DE TIPO GENERAL,2017-01-01T00:00:00.000,2017-12-31T00:00:00.000,730,2017
32814,FONDO DE INVERSION COLECTIVA CCA RENTALIQUIDA FIDUCAFE,42,FIC DE TIPO GENERAL,2017-01-01T00:00:00.000,2017-12-31T00:00:00.000,762,2017
64039,OLD MUTUAL  FONDO DE INVERSIÓN COLECTIVA CAT III,7,FIC DE TIPO GENERAL,2017-01-01T00:00:00.000,2017-08-28T00:00:00.000,240,2017
60532,FONDO DE INVERSIÓN COLECTIVA CERRADO CON PLAZO DE REDENCIÓN INVERTIR EN ALTERNATIVOS CLASE 2,9,FIC DE TIPO GENERAL,2017-01-01T00:00:00.000,2017-12-31T00:00:00.000,365,2017
50377,"FONDO DE CO-INVERSIÓN CON EL FONDO DE INFRAESTRUCTURA ASHMORE I - FCP, COMPARTIMENTO UNO",16,FONDOS DE CAPITAL PRIVADO,2017-01-01T00:00:00.000,2017-12-31T00:00:00.000,730,2017
55264,FIC TEMPORAL ALLIANZ COLSEGUROS DESMONTE CEDULAS COLON,59,FIC DE TIPO GENERAL,2017-01-01T00:00:00.000,2017-09-28T00:00:00.000,271,2017
50304,FONDO DE CAPITAL PRIVADO VALORAR FUTURO,16,FONDOS DE CAPITAL PRIVADO,2017-01-01T00:00:00.000,2017-12-31T00:00:00.000,365,2017
59105,CREDICORP CAPITAL ACCIONES COLOMBIA,28,FIC DE TIPO GENERAL,2017-01-01T00:00:00.000,2017-12-31T00:00:00.000,365,2017
66567,COMP IV UNO MAS COLOMBIA LATAM,9,FONDOS DE CAPITAL PRIVADO,2017-01-01T00:00:00.000,2017-12-31T00:00:00.000,959,2017
34644,FONDO DE INFRAESTRUCTURA BROOKFIELD COLOMBIA - SUBCOMPARTIMENTO GP,16,FONDOS DE CAPITAL PRIVADO,2017-01-01T00:00:00.000,2017-12-31T00:00:00.000,365,2017
62534,FONDO DE CAPITAL PRIVADO INVERSIONES GANADERAS COMPARTIMENTO 31,21,FONDOS DE CAPITAL PRIVADO,2017-01-01T00:00:00.000,2017-11-30T00:00:00.000,334,2017
38802,FONDO DE CAPITAL PRIVADO OXO - PROPIEDADES SOSTENIBLES COMPARTIMENTO III. BARRANQUILLA. OXO - PROPI,16,FONDOS DE CAPITAL PRIVADO,2017-01-01T00:00:00.000,2017-12-31T00:00:00.000,365,2017
11962,FONDO DE INVERSIÓN COLECTIVA ABIERTO BBVA PAÍS CON PARTICIPACIONES DIFERENCIALES,3,FIC DE TIPO GENERAL,2017-01-01T00:00:00.000,2017-12-31T00:00:00.000,1095,2017
10025,FONDO DE INVERSION COLECTIVA CONSOLIDAR,42,FIC DE TIPO GENERAL,2017-01-01T00:00:00.000,2017-12-31T00:00:00.000,365,2017
58973,CREDICORP CAPITAL VISION,28,FIC DE TIPO GENERAL,2017-01-01T00:00:00.000,2017-12-31T00:00:00.000,365,2017
67403,FONDO DE INVERSION COLECTIVA ABIERTO CON PACTO DE PERMANENCIA ALIANZA ACCIONES,16,FIC DE TIPO GENERAL,2017-01-01T00:00:00.000,2017-12-31T00:00:00.000,1286,2017
11286,FONDO DE INVERSIÓN COLECTIVA ABIERTO RENTAR,18,FIC DE TIPO GENERAL,2017-01-01T00:00:00.000,2017-12-31T00:00:00.000,365,2017
60918,FCP SUBFONDO B TRASANDINO COLOBIA,9,FONDOS DE CAPITAL PRIVADO,2017-01-01T00:00:00.000,2017-12-31T00:00:00.000,365,2017
60273,FONDO DE INVERSIÓN COLECTIVA CERRADO BTG PACTUAL CRÉDITO,14,FIC DE TIPO GENERAL,2017-01-01T00:00:00.000,2017-12-31T00:00:00.000,1460,2017
11149,FONDO DE INVERSIÓN COLECTIVA FIDUCOLDEX,40,FIC DE TIPO GENERAL,2017-01-01T00:00:00.000,2017-12-31T00:00:00.000,365,2017
59076,FIC RENTA FIJA MEDIANO PLAZO MULTIESCALA,26,FIC DE TIPO GENERAL,2017-01-01T00:00:00.000,2017-12-31T00:00:00.000,365,2017
58456,FONDO DE INVERSIÓN COLECTIVA CON PACTO DE PERMANENCIA ULTRACCIÓN GRUPO GEA,62,FIC DE TIPO GENERAL,2017-01-01T00:00:00.000,2017-03-16T00:00:00.000,75,2017
13520,FONDO DE INVERSION COLECTIVA ABIERTO CON PACTO DE PERMANENCIA RENTAPLAZO,39,FIC DE TIPO GENERAL,2017-01-01T00:00:00.000,2017-12-31T00:00:00.000,365,2017
24475,FONDO DE CAPITAL PRIVADO AVANTI- COMPARTIMENTO  UNO,6,FONDOS DE CAPITAL PRIVADO,2017-01-01T00:00:00.000,2017-05-19T00:00:00.000,139,2017
67066,CREDICORP CAPITAL DEUDA CORPORATIVA LATAM,28,FIC DE TIPO GENERAL,2017-01-01T00:00:00.000,2017-12-31T00:00:00.000,365,2017
2713,FONDO DE CAPITAL PRIVADO FONDO INMOBILIARIO COLOMBIA,31,FONDOS DE CAPITAL PRIVADO,2017-01-01T00:00:00.000,2017-12-31T00:00:00.000,365,2017
54576,FONDO DE INVERSION COLECTIVA ABIERTO CON PACTO DE PERMANENCIA ARCO IRIS TÍTULOS DEUDA PRIVADA,33,FIC DE TIPO GENERAL,2017-01-01T00:00:00.000,2017-12-31T00:00:00.000,365,2017
62013,FONDO DE INVERSIÓN COLECTIVA ABIERTO SIN PACTO DE PERMANENCIA GLOBAL BALANCEADO,62,FIC DE TIPO GENERAL,2017-01-01T00:00:00.000,2017-12-31T00:00:00.000,365,2017
73591,FCP - VALOR FORESTAL - CAUCHO 10 (EN LIQUIDACIÓN),38,FONDOS DE CAPITAL PRIVADO,2017-11-25T00:00:00.000,2017-12-31T00:00:00.000,37,2017
58908,CASA DE BOLSA QUIMBAYA FONDO  ABIERTO CON PACTO DE PERMANENCIA,76,FIC DE TIPO GENERAL,2018-01-01T00:00:00.000,2018-03-31T00:00:00.000,89,2018
58980,FONDO DE INVERSION COLECTIVA CERRADO DENOMINADO FACTORING,62,FIC DE TIPO GENERAL,2018-01-01T00:00:00.000,2018-12-31T00:00:00.000,365,2018
50406,FONDO DE CAPITAL PRIVADO TRIBECA TERMINAL DE CARGA EL DORADO,16,FONDOS DE CAPITAL PRIVADO,2018-01-01T00:00:00.000,2018-12-31T00:00:00.000,363,2018
58930,FONVAL GLOBAL ESTRUCTURADO II,28,FIC DE TIPO GENERAL,2018-01-01T00:00:00.000,2018-09-25T00:00:00.000,268,2018
59355,FONDO DE INVERSION COLECTIVA CERRADO RENTA CRÉDITO,68,FIC DE TIPO GENERAL,2018-01-01T00:00:00.000,2018-12-31T00:00:00.000,365,2018
66289,FCP SURA ASSET MANAGEMENT ? DESARROLLO INMOBILIARIO COMPARTIMENTO GENERAL,16,FONDOS DE CAPITAL PRIVADO,2018-01-01T00:00:00.000,2018-12-31T00:00:00.000,363,2018
73446,FONDO DE INVERSION COLECTIVA ULTRASERFINCO SECTORIAL ENERGIA Y PETROLEO,62,FIC DE TIPO GENERAL,2018-01-01T00:00:00.000,2018-12-31T00:00:00.000,702,2018
46197,NEXUS INMOBILIARIO - COMPARTIMENTO TORRE ALIANZA,21,FONDOS DE CAPITAL PRIVADO,2018-01-01T00:00:00.000,2018-12-31T00:00:00.000,363,2018
64826,FONDO DE CAPITAL PRIVADO INVERSIONES GANADERAS COMPARTIMENTO 38,21,FONDOS DE CAPITAL PRIVADO,2018-01-01T00:00:00.000,2018-09-06T00:00:00.000,249,2018
78888,FONDO DE INVERSIÓN COLECTIVA DIVERSIFICADO INTERNACIONAL,26,FIC DE TIPO GENERAL,2018-11-01T00:00:00.000,2018-12-31T00:00:00.000,61,2018
10936,FONDO ABIERTO ALIANZA,16,FIC DE TIPO GENERAL,2018-01-01T00:00:00.000,2018-12-31T00:00:00.000,3825,2018
58452,"FONDO DE INVERSION COLECTIVA ""SERFINCO AIC GRUPO ARGOS""",62,FIC DE TIPO GENERAL,2018-01-01T00:00:00.000,2018-12-31T00:00:00.000,365,2018
60174,FIC CERRADO MIDAS ALTERNATIVO,10,FIC DE TIPO GENERAL,2018-01-01T00:00:00.000,2018-12-31T00:00:00.000,365,2018
58958,FONDO DE CAPITAL PRIVADO INVERSOR COMPARTIMENTO B,26,FONDOS DE CAPITAL PRIVADO,2018-01-01T00:00:00.000,2018-12-31T00:00:00.000,365,2018
54582,COMPARTIMENTO 6 DEL FONDO DE CO-INVERSIÓN CON EL FONDO DE INFRAESTRUCTURA ASHMORE I FCP,16,FONDOS DE CAPITAL PRIVADO,2018-01-01T00:00:00.000,2018-12-31T00:00:00.000,363,2018
79263,FIC RENTA AGRARIA 1525,39,FIC DE TIPO GENERAL,2018-08-28T00:00:00.000,2018-12-31T00:00:00.000,126,2018
76413,F.I.C. ABIERTA CON PACTO DE PERMANENCIA SOSTENIBLE GLOBAL,20,FIC DE TIPO GENERAL,2018-04-01T00:00:00.000,2018-12-31T00:00:00.000,275,2018
58743,CASA DE BOLSA ACCIONES GLOBALES  FONDO  ABIERTO CON PACTO DE PERMANENCIA,76,FIC DE TIPO GENERAL,2018-01-01T00:00:00.000,2018-03-31T00:00:00.000,89,2018
51953,FONDO DE INVERSIÓN COLECTIVA SKANDIA EFECTIVO,7,FIC DE TIPO GENERAL,2018-01-01T00:00:00.000,2018-12-31T00:00:00.000,2184,2018
10440,FONDO DE INVERSION ABIERTO CASH,34,FIC DE TIPO GENERAL,2018-01-01T00:00:00.000,2018-12-31T00:00:00.000,364,2018
62556,FONDO DE CAPITAL PRIVADO INVERSIONES GANADERAS COMPARTIMENTO 36,21,FONDOS DE CAPITAL PRIVADO,2018-01-01T00:00:00.000,2018-09-06T00:00:00.000,249,2018
71259,FONDO DE INVERSIÓN COLECTIVA ABIERTO CON PACTO DE PERMANENCIA BTG PACTUAL RENTA FIJA INTERNACIONAL,14,FIC DE TIPO GENERAL,2018-01-01T00:00:00.000,2018-12-31T00:00:00.000,1460,2018
9641,F.I.C. CON PACTO DE PERMANENCIA MULTIPLICAR,20,FIC DE TIPO GENERAL,2018-01-01T00:00:00.000,2018-12-31T00:00:00.000,364,2018
80428,ACCIVAL RENTA FIJA 180,3,FIC DE TIPO GENERAL,2018-10-22T00:00:00.000,2018-12-31T00:00:00.000,71,2018
11207,FONDO AUREOS COLOMBIA,40,FONDOS DE CAPITAL PRIVADO,2018-01-01T00:00:00.000,2018-12-31T00:00:00.000,364,2018
61384,"MAS EQUITY FUND III COLOMBIA, FCP",9,FONDOS DE CAPITAL PRIVADO,2018-01-01T00:00:00.000,2018-12-31T00:00:00.000,362,2018
53965,FIC CORPORATIVO II,58,FIC DE TIPO GENERAL,2018-01-01T00:00:00.000,2018-12-31T00:00:00.000,364,2018
75107,FONDO DE INVERSIÓN COLECTIVA VALOR,68,FIC DE TIPO GENERAL,2018-01-16T00:00:00.000,2018-04-29T00:00:00.000,208,2018
73587,FCP - VALOR FORESTAL - CAUCHO 06(EN LIQUIDACIÓN),38,FONDOS DE CAPITAL PRIVADO,2018-01-01T00:00:00.000,2018-12-31T00:00:00.000,365,2018
66648,FONDO INMOBILIARIO FIDUPAÍS FIC CERRADO NO. 1 EN DERECHOS FIDUCIARIOS SOBRE INMUEBLES,68,FIC INMOBILIARIAS,2018-01-01T00:00:00.000,2018-12-31T00:00:00.000,365,2018
53966,FIC CORPORATIVO III,58,FIC DE TIPO GENERAL,2018-01-01T00:00:00.000,2018-12-31T00:00:00.000,364,2018
60404,FONDO DE INVERSION COLECTIVA ACCIONES COLOMBIA,5,FIC DE TIPO GENERAL,2018-01-01T00:00:00.000,2018-03-27T00:00:00.000,86,2018
58699,FONDO DE INVERSIÓN COLECTIVA ABIERTO CON PACTO DE PERMANENCIA BTG PACTUAL ACCIONES COLOMBIA,14,FIC DE TIPO GENERAL,2018-01-01T00:00:00.000,2018-12-31T00:00:00.000,1825,2018
9448,FONDO DE INVERSIÓN COLECTIVA ABIERTO SIN PACTO DE PERMANENCIA AVANZA RENTA FIJA,21,FIC DE TIPO GENERAL,2018-01-01T00:00:00.000,2018-12-31T00:00:00.000,364,2018
9792,FONDO DE INVERSION COLECTIVA DAVIPLUS RENTA FIJA PESOS,42,FIC DE TIPO GENERAL,2018-01-01T00:00:00.000,2018-12-31T00:00:00.000,364,2018
58695,FONDO DE INVERSION COLECTIVA ACCIVAL VISTA,3,FIC DE TIPO GENERAL,2018-01-01T00:00:00.000,2018-12-31T00:00:00.000,365,2018
67539,FONDO DE CAPITAL PRIVADO PACTIA INMOBILIARIO,31,FONDOS DE CAPITAL PRIVADO,2018-01-01T00:00:00.000,2018-12-31T00:00:00.000,364,2018
67470,FONDO DE INVERSION COLECTIVA INMOBILIARIA VALORALTA INMOBILIARIO,10,FIC INMOBILIARIAS,2018-01-01T00:00:00.000,2018-12-31T00:00:00.000,365,2018
60619,OLD MUTUAL FONDO DE INVERSIÓN COLECTIVA LIQUIDEZ,93,FIC DE TIPO GENERAL,2018-01-01T00:00:00.000,2018-12-31T00:00:00.000,364,2018
58970,FONVAL GLOBAL ESTRUCTURADO V,28,FIC DE TIPO GENERAL,2018-01-01T00:00:00.000,2018-02-14T00:00:00.000,45,2018
76992,FONDO DE INVERSION COLECTIVA ABIERTO CON PACTO DE PERMANENCIA OPTIMIZAR,62,FIC DE TIPO GENERAL,2018-04-25T00:00:00.000,2018-10-21T00:00:00.000,180,2018
43502,FONDO BURSÁTIL GLOBAL X COLOMBIA SELECT DE S&P,22,FIC BURSATILES,2018-01-01T00:00:00.000,2018-12-31T00:00:00.000,364,2018
58903,FONVAL DEUDA PUBLICA MEDIANO PLAZO,28,FIC DE TIPO GENERAL,2018-01-01T00:00:00.000,2018-01-02T00:00:00.000,2,2018
59422,FONVAL DERECHOS ECONOMICOS 2020 EN LIQUIDACIÓN,28,FIC DE TIPO GENERAL,2018-01-01T00:00:00.000,2018-12-31T00:00:00.000,365,2018
72904,FONDO DE CAPITAL PRIVADO PALADIN REALTY COLOMBIA COMPARTIMENTO A,26,FONDOS DE CAPITAL PRIVADO,2018-08-16T00:00:00.000,2018-12-31T00:00:00.000,138,2018
81087,FCP NEXUS COMP INMUEBLES BANCO POPULAR,21,FONDOS DE CAPITAL PRIVADO,2018-11-30T00:00:00.000,2018-12-31T00:00:00.000,32,2018
59356,FONDO DE INVERSION COLECTIVA CERRADO GLOBAL SECURITIES CREDIT OPPORTUNITIES FUND TITULOS VALORES,68,FIC DE TIPO GENERAL,2018-01-01T00:00:00.000,2018-12-31T00:00:00.000,365,2018
59505,CARTERA COLECTIVA ESCALONADA INTERBOLSA FACTORING,68,FIC DE TIPO GENERAL,2018-01-01T00:00:00.000,2018-12-31T00:00:00.000,365,2018
58437,"FONDO DE INVERSION COLECTIVA ""SERFINCO AIC ECOPETROL""",62,FIC DE TIPO GENERAL,2018-01-01T00:00:00.000,2018-12-31T00:00:00.000,365,2018
53967,FIC COLECTIVO II,58,FIC DE TIPO GENERAL,2018-01-01T00:00:00.000,2018-12-31T00:00:00.000,364,2018
81965,FONDO DE CAPITAL PRIVADO BTG PACTUAL TAURUS CAPITAL COMPARTIMENTO I,14,FONDOS DE CAPITAL PRIVADO,2018-12-21T00:00:00.000,2018-12-31T00:00:00.000,11,2018
62633,FIDUCOLDEX CAPITAL INTELIGENTE FONDO DE INVERSION COLECTIVA,40,FIC DE TIPO GENERAL,2018-01-01T00:00:00.000,2018-12-31T00:00:00.000,728,2018
58916,FONVAL ACCIONES RECURSOS NATURALES,28,FIC DE TIPO GENERAL,2018-01-01T00:00:00.000,2018-12-31T00:00:00.000,365,2018
11714,FONDO ABIERTO FIDUCIARIA CENTRAL,38,FIC DE TIPO GENERAL,2018-01-01T00:00:00.000,2018-12-31T00:00:00.000,365,2018
48153,FONDO DE INVERSION COLECTIVA ABIERTO ITAU CORTO PLAZO,23,FIC DE TIPO GENERAL,2018-01-01T00:00:00.000,2018-12-31T00:00:00.000,1100,2018
80265,FONDO DE INVERSIÓN COLECTIVA ABIERTO CON PACTO DE PERMANENCIA VALOR ESTRATEGICO ? FONDO CON PARTICI,12,FIC DE TIPO GENERAL,2018-10-29T00:00:00.000,2018-12-31T00:00:00.000,34,2018
76410,F.I.C. ESTRATEGIA MODERADA,20,FIC DE TIPO GENERAL,2018-04-01T00:00:00.000,2018-12-31T00:00:00.000,275,2018
76412,F.I.C. DEUDA CORPORATIVA,20,FIC DE TIPO GENERAL,2018-04-01T00:00:00.000,2018-12-31T00:00:00.000,275,2018
81411,FCP NUEVOMUNDO COMPARTIMENTO 1,21,FONDOS DE CAPITAL PRIVADO,2018-12-12T00:00:00.000,2018-12-31T00:00:00.000,20,2018
58684,FONDO DE INVERSIÓN COLECTIVA ABIERTO BTG PACTUAL DEUDA PÚBLICA,14,FIC DE TIPO GENERAL,2018-01-01T00:00:00.000,2018-12-31T00:00:00.000,730,2018
73588,FCP VALOR FORESTAL CAUCHO 7 (EN LIQUIDACIÓN),38,FONDOS DE CAPITAL PRIVADO,2018-01-01T00:00:00.000,2018-12-31T00:00:00.000,365,2018
50277,FONDO DE CAPITAL PRIVADO RUTA DEL SOL COMPARTIMENTO A2,16,FONDOS DE CAPITAL PRIVADO,2018-01-01T00:00:00.000,2018-12-31T00:00:00.000,363,2018
66509,"FONDO DE INVERSION COLECTIVA CERRADO INMOBILIARIO ""PROGRESION RENTAR 2015""",11,FIC INMOBILIARIAS,2018-01-01T00:00:00.000,2018-12-31T00:00:00.000,365,2018
34163,FONDO CERRADO INMOBILIARIO ALIANZA,16,FIC INMOBILIARIAS,2018-01-01T00:00:00.000,2018-12-31T00:00:00.000,363,2018
60349,FONDO DE INVERSIÓN COLECTIVA ABIERTO CON PACTO DE PERMANENCIA ULTRAINVERSIÓN,62,FIC DE TIPO GENERAL,2018-01-01T00:00:00.000,2018-12-31T00:00:00.000,365,2018
67405,FONDO ABIERTO CON PACTO DE PERMANENCIA ALIANZA RENTA FIJA GLOBAL.,16,FIC DE TIPO GENERAL,2018-01-01T00:00:00.000,2018-12-31T00:00:00.000,2011,2018
50280,FONDO DE CAPITAL PRIVADO RUTA DEL SOL COMPARTIMENTO B2,16,FONDOS DE CAPITAL PRIVADO,2018-01-01T00:00:00.000,2018-12-31T00:00:00.000,363,2018
59954,INMOVAL DESARROLLOS - EN LIQUIDACION,28,FIC INMOBILIARIAS,2018-01-01T00:00:00.000,2018-12-31T00:00:00.000,365,2018
25743,FONDO CERRADO MAS COLOMBIA OPPORTUNITY,16,FIC DE TIPO GENERAL,2018-01-01T00:00:00.000,2018-12-31T00:00:00.000,363,2018
65869,FONDO DE CAPITAL PRIVADO YELLOWSTONE CAPITAL FUND I- COMPARTIMENTO AI,16,FONDOS DE CAPITAL PRIVADO,2018-01-01T00:00:00.000,2018-12-31T00:00:00.000,363,2018
11403,CARTERA COLECTIVA ABIERTA CON PACTO DE PERMANENCIA EFECTIVO A PLAZOS - CARTERA CON COMPARTIMENTOS,12,FIC DE TIPO GENERAL,2018-01-01T00:00:00.000,2018-12-31T00:00:00.000,1039,2018
66652,FONDO DE CAPITAL TERRANUM COMPARTIMENTO,16,FONDOS DE CAPITAL PRIVADO,2018-01-01T00:00:00.000,2018-12-31T00:00:00.000,363,2018
59002,FONDO DE CAPITAL PRIVADO ALTRA FCP II,26,FONDOS DE CAPITAL PRIVADO,2018-01-01T00:00:00.000,2018-12-31T00:00:00.000,365,2018
58438,"FONDO DE INVERSION COLECTIVA ""SERFINCO ACCIONES""",62,FIC DE TIPO GENERAL,2018-01-01T00:00:00.000,2018-12-31T00:00:00.000,365,2018
51220,COMPARTIMENTO DIVERSIFICADO DE DESARROLLOS INMOBILIARIOS,21,FONDOS DE CAPITAL PRIVADO,2018-01-01T00:00:00.000,2018-12-31T00:00:00.000,363,2018
61078,FONDO DE INVERSION COLECTIVA CERRADO PODER,91,FIC DE TIPO GENERAL,2018-01-01T00:00:00.000,2018-08-07T00:00:00.000,219,2018
63109,FONDO DE INVERSION COLECTIVA ABIERTO PROGRESION LIQUIDEZ,11,FIC DE TIPO GENERAL,2018-01-01T00:00:00.000,2018-12-31T00:00:00.000,365,2018
73493,FONDO DE CAPITAL PRIVADO YELLOWSTONE CAPITAL FUND I -COMPARTIMENTO PROSCENIO AII,16,FONDOS DE CAPITAL PRIVADO,2018-01-01T00:00:00.000,2018-12-31T00:00:00.000,363,2018
60599,FONDO DE CAPITAL PRIVADO BTG PACUAL CACAO SUBCOMP Z ECOCACAO - COMP I - FCP BTG PACTUAL FCP CACAO,14,FONDOS DE CAPITAL PRIVADO,2018-01-01T00:00:00.000,2018-12-31T00:00:00.000,365,2018
42259,COMPARTIMENTO II DEL FONDO DE CAPITAL PRIVADO FINTRA,20,FONDOS DE CAPITAL PRIVADO,2018-01-01T00:00:00.000,2018-12-31T00:00:00.000,364,2018
58564,FONDO DE INVERSIÓN COLECTIVA ABIERTO BTG PACTUAL LIQUIDEZ,14,FIC DE MERCADO MONETARIO,2018-01-01T00:00:00.000,2018-12-31T00:00:00.000,2190,2018
51325,FONDO NAZCA INVESTMENT,21,FONDOS DE CAPITAL PRIVADO,2018-01-01T00:00:00.000,2018-12-31T00:00:00.000,364,2018
60567,FONDO DE CAPITAL PRIVADO BTG PACUAL CACAO SUBCOMP A - COMP I - FCP BTG PACTUAL FCP CACAO,14,FONDOS DE CAPITAL PRIVADO,2018-01-01T00:00:00.000,2018-12-31T00:00:00.000,365,2018
75674,FONDO DE INVERSIÓN COLECTIVA RENTA ESTABLE DE LA FAMILIA DE FONDOS DE FIDUAGRARIA S.A,39,FIC DE TIPO GENERAL,2018-02-14T00:00:00.000,2018-12-31T00:00:00.000,320,2018
54573,FONDO DE INVERSIÓN COLECTIVA ABIERTO SIN PACTO DE PERMANENCIA ARCO IRIS CONSERVADOR,33,FIC DE TIPO GENERAL,2018-01-01T00:00:00.000,2018-12-31T00:00:00.000,364,2018
76873,FONDO DE CAPITAL PRIVADO PROGRESION PROFUTBOL,11,FONDOS DE CAPITAL PRIVADO,2018-04-19T00:00:00.000,2018-12-31T00:00:00.000,257,2018
50413,FONDO DE CAPITAL PRIVADO TRIBECA FUND I FCP,16,FONDOS DE CAPITAL PRIVADO,2018-01-01T00:00:00.000,2018-12-31T00:00:00.000,363,2018
60200,FONDO DE INVERSIÓN COLECTIVA CERRADO BTG PACTUAL CREDIVALORES I,14,FIC DE TIPO GENERAL,2018-01-01T00:00:00.000,2018-12-31T00:00:00.000,730,2018
22969,FONDO DE INVERSION COLECTIVA ABIERTO SUMAR,22,FIC DE TIPO GENERAL,2018-01-01T00:00:00.000,2018-12-31T00:00:00.000,4004,2018
59354,FONDO DE INVERSION COLECTIVA CERRADO GLOBAL SECURITIES CREDIT OPPORTUNITIES FUND FACTURAS,68,FIC DE TIPO GENERAL,2018-01-01T00:00:00.000,2018-12-31T00:00:00.000,365,2018
65422,FONDO DE CAPITAL PRIVADO INVERSIONES GANADERAS COMPARTIMENTO 39,21,FONDOS DE CAPITAL PRIVADO,2018-01-01T00:00:00.000,2018-09-06T00:00:00.000,249,2018
58744,CASA DE BOLSA ESTRATEGIA MODERADA  FONDO  ABIERTO CON PACTO DE PERMANENCIA,76,FIC DE TIPO GENERAL,2018-01-01T00:00:00.000,2018-03-31T00:00:00.000,89,2018
76770,FONVAL RENTA FIJA ALTO RENDIMIENTO,28,FIC DE TIPO GENERAL,2018-04-12T00:00:00.000,2018-12-31T00:00:00.000,264,2018
58440,"FONDO DE INVERSION COLECTIVA ""SERFINCO AIC BANCOLOMBIA""",62,FIC DE TIPO GENERAL,2018-01-01T00:00:00.000,2018-04-17T00:00:00.000,107,2018
59252,FONDO DE CAPITAL PRIVADO FONDO ESCALA CAPITAL EN LIQUIDACIÓN,22,FONDOS DE CAPITAL PRIVADO,2018-01-01T00:00:00.000,2018-12-31T00:00:00.000,730,2018
58957,FONDO DE CAPITAL PRIVADO INVERSOR COMPARTIMENTO A,26,FONDOS DE CAPITAL PRIVADO,2018-01-01T00:00:00.000,2018-12-31T00:00:00.000,365,2018
67318,FONDO DE CAPITAL PRIVADO VALOR INMOBILIARIO COMPARTIMENTO 4 SENIOR  CAPITAL,21,FONDOS DE CAPITAL PRIVADO,2018-01-01T00:00:00.000,2018-07-31T00:00:00.000,212,2018
60921,"SUBFONDO E - TRANSANDINO COLOMBIA, FCP",9,FONDOS DE CAPITAL PRIVADO,2018-01-01T00:00:00.000,2018-12-21T00:00:00.000,353,2018
8686,FONDO DE INVERSIÓN COLECTIVA ABIERTO CON PACTO DE PERMANENCIA Y  PARTICIPACIONES DIFERENCIALES BBVA,3,FIC DE TIPO GENERAL,2018-01-01T00:00:00.000,2018-12-31T00:00:00.000,364,2018
74052,OLD MUTUAL  FONDO DE INVERSIÓN COLECTIVA NACIÓN DEL MERCADO MONETARIO,7,FIC DE TIPO GENERAL,2018-01-01T00:00:00.000,2018-12-31T00:00:00.000,1165,2018
58921,CREDICORP CAPITAL RENTA FIJA GLOBAL,28,FIC DE TIPO GENERAL,2018-01-01T00:00:00.000,2018-12-31T00:00:00.000,365,2018
70991,OLD MUTUAL  FONDO DE INVERSIÓN COLECTIVA CERRADO CAT I,7,FIC DE TIPO GENERAL,2018-01-01T00:00:00.000,2018-08-29T00:00:00.000,240,2018
74491,FONDO DE CAPITAL PRIVADO POR COMPARTIMENTOS RAIZ - COMPARTIMENTO I,97,FONDOS DE CAPITAL PRIVADO,2018-01-01T00:00:00.000,2018-12-31T00:00:00.000,364,2018
8734,FONDO DE INVERSIÓN COLECTIVA ABIERTO BBVA EFECTIVO CON PARTICIPACIONES DIFERENCIALES,3,FIC DE TIPO GENERAL,2018-01-01T00:00:00.000,2018-12-31T00:00:00.000,3001,2018
50398,FONDO DE CAPITAL PRIVADO INVERLINK ESTRUCTURAS INMOBILIARIAS- COMPARTIMENTO PARALELO 26,16,FONDOS DE CAPITAL PRIVADO,2018-01-01T00:00:00.000,2018-12-31T00:00:00.000,363,2018
77779,FCP POR COMP. FINANCIACION ESTRUCTURADA,20,FONDOS DE CAPITAL PRIVADO,2018-08-13T00:00:00.000,2018-12-31T00:00:00.000,141,2018
60604,FONDO DE INVESRION COLECTIVA AFIN-FACTORING EN LIQUIDACION,5,FIC DE TIPO GENERAL,2018-01-01T00:00:00.000,2018-03-05T00:00:00.000,64,2018
17653,FONDO DE INVERSION COLECTIVA ABIERTO 1525,25,FIC DE MERCADO MONETARIO,2018-01-01T00:00:00.000,2018-12-31T00:00:00.000,364,2018
58946,FONDO DE CAPITAL PRIVADO ENERGETICO - COMPARTIMENTO A,26,FONDOS DE CAPITAL PRIVADO,2018-01-01T00:00:00.000,2018-12-31T00:00:00.000,365,2018
68940,FONDO DE CAPITAL PRIVADOFONDO DE CAPITAL PRIVADO INVERSIONES GANADERAS COMPARTIMENTO 33,21,FONDOS DE CAPITAL PRIVADO,2018-01-01T00:00:00.000,2018-12-31T00:00:00.000,365,2018
29497,FONDO DE INVERSIÓN COLECTIVA ABIERTO CON PACTO DE PERMANENCIA CUBRIR BALANCEADO INTERNACIONAL,22,FIC DE TIPO GENERAL,2018-01-01T00:00:00.000,2018-12-31T00:00:00.000,661,2018
54077,FONDO DE INVERSIÓN COLECTIVA ABIERTO CON PACTO DE PERMANENCIA ES+,22,FIC DE TIPO GENERAL,2018-01-01T00:00:00.000,2018-12-31T00:00:00.000,1092,2018
10779,RENTAFACIL FONDO DE INVERSION COLECTIVA ABIERTO,6,FIC DE TIPO GENERAL,2018-01-01T00:00:00.000,2018-12-31T00:00:00.000,1834,2018
58897,CREDICORP CAPITAL RENTA FIJA COLOMBIA,28,FIC DE TIPO GENERAL,2018-01-01T00:00:00.000,2018-12-31T00:00:00.000,365,2018
76275,FONDO DE INVERSIÓN COLECTIVA ABIERTO CON PACTO DE PERMANENCIA RENTAR CAPITAL,18,FIC DE TIPO GENERAL,2018-03-14T00:00:00.000,2018-12-31T00:00:00.000,292,2018
60606,FONDO DE CAPITAL PRIVADO BTG PACUAL CACAO SUBCOMP Z NECOCLI - COMP I - FCP BTG PACTUAL FCP CACAO,14,FONDOS DE CAPITAL PRIVADO,2018-01-01T00:00:00.000,2018-12-31T00:00:00.000,365,2018
80574,FONDO DE CAPITAL PRIVADO ELIMARC CAPITAL - COMPARTIMENTO SAN PABLO,59,FONDOS DE CAPITAL PRIVADO,2018-12-28T00:00:00.000,2018-12-31T00:00:00.000,4,2018
36570,FONDO ABIERTO 1525 FIDUCENTRAL,38,FIC DE TIPO GENERAL,2018-01-01T00:00:00.000,2018-12-31T00:00:00.000,365,2018
77698,FONDO DE CAPITAL PRIVADO INMOBILIARIO POR COMPARTIMENTOS AZUR - COMPARTIMENTO DORADO PLAZA,97,FONDOS DE CAPITAL PRIVADO,2018-05-31T00:00:00.000,2018-12-31T00:00:00.000,215,2018
3895,FONDO DE INVERSIÓN COLECTIVA ABIERTA SIN PACTO DE PERMANENCIA FIDUEXCEDENTES,31,FIC DE TIPO GENERAL,2018-01-01T00:00:00.000,2018-12-31T00:00:00.000,364,2018
59144,FONDO DE CAPITAL PRIVADO TEKA COLOMBIA I COMPARTIMENTO LP,26,FONDOS DE CAPITAL PRIVADO,2018-01-01T00:00:00.000,2018-12-31T00:00:00.000,365,2018
51615,COMPARTIMENTO A FCP AVENIDA COLOMBIA PEF,20,FONDOS DE CAPITAL PRIVADO,2018-01-01T00:00:00.000,2018-12-31T00:00:00.000,364,2018
60103,FONDO DE INVERSION COLECTIVA ABIERTO SIN PACTO DE PERMANENCIA PERFIL MODERADO,62,FIC DE TIPO GENERAL,2018-01-01T00:00:00.000,2018-12-31T00:00:00.000,365,2018
14173,FONDO DE CAPITAL PRIVADO NEXUS INFRAESTRUCTURA I FCP EN LIQUIDACION,31,FONDOS DE CAPITAL PRIVADO,2018-01-01T00:00:00.000,2018-12-31T00:00:00.000,728,2018
28403,FONDO DE CAPITAL PRIVADO OXO - PROPIEDADES SOSTENIBLES COMPARTIMENTO I. CARTAGENA. OXO - PROPIEDADE,16,FONDOS DE CAPITAL PRIVADO,2018-01-01T00:00:00.000,2018-12-31T00:00:00.000,363,2018
69536,FONDO DE INVERSION COLECTIVA ABIERTO CONFIRENTA,39,FIC DE TIPO GENERAL,2018-01-01T00:00:00.000,2018-12-31T00:00:00.000,364,2018
51968,FONDO DE INVERSIÓN COLECTIVA INMOBILIARIO CERRADO SKANDIA COMPRAR PARA ARRENDAR-I,7,FIC INMOBILIARIAS,2018-01-01T00:00:00.000,2018-12-31T00:00:00.000,728,2018
11627,FONDO DE INVERSION COLECTIVA ABIERTO RENDIR,25,FIC DE TIPO GENERAL,2018-01-01T00:00:00.000,2018-12-31T00:00:00.000,364,2018
10824,FONDO ABIERTO CON PACTO DE PERMANENCIA CXC,16,FIC DE TIPO GENERAL,2018-01-01T00:00:00.000,2018-12-31T00:00:00.000,2178,2018
73579,FCP - VALOR FORESTAL - CAUCHO 01 (EN LIQUIDACIÓN),38,FONDOS DE CAPITAL PRIVADO,2018-01-01T00:00:00.000,2018-12-31T00:00:00.000,365,2018
62622,FIC ABIERTO MIDAS MIDAS MONEY MARKET,10,FIC DE MERCADO MONETARIO,2018-01-01T00:00:00.000,2018-11-29T00:00:00.000,333,2018
64228,FONDO DE CAPITAL PRIVADO COMPARTIMENTO SANTANDER I,97,FONDOS DE CAPITAL PRIVADO,2018-01-01T00:00:00.000,2018-12-31T00:00:00.000,364,2018
59721,FONDO DE CAPITAL PRIVADO  INVERSIONES GANADERAS COMPARTIMENTO 10,21,FONDOS DE CAPITAL PRIVADO,2018-01-01T00:00:00.000,2018-01-15T00:00:00.000,15,2018
11407,CARTERA COLECTIVA ABIERTA DE ALTA LIQUIDEZ,12,FIC DE TIPO GENERAL,2018-01-01T00:00:00.000,2018-12-31T00:00:00.000,684,2018
29496,FONDO DE INVERSIÓN COLECTIVA ABIERTO CON PACTO DE PERMANENCIA FIDUACCIÓN,22,FIC DE TIPO GENERAL,2018-01-01T00:00:00.000,2018-12-31T00:00:00.000,364,2018
59143,FONDO DE CAPITAL PRIVADO TEKA COLOMBIA I COMPARTIMENTO GP,26,FONDOS DE CAPITAL PRIVADO,2018-01-01T00:00:00.000,2018-12-31T00:00:00.000,365,2018
59741,FONDO DE INVERSION COLECTIVA ABIERTO RENTA FIJA PLUS,22,FIC DE TIPO GENERAL,2018-01-01T00:00:00.000,2018-12-31T00:00:00.000,365,2018
51218,COMPARTIMENTO INMOBILIARIO TRIPLE A,21,FONDOS DE CAPITAL PRIVADO,2018-01-01T00:00:00.000,2018-12-31T00:00:00.000,363,2018
60070,FONDO DE INVERSIÓN COLECTIVA ABIERTO CON PACTO DE PERMANENCIA POR 30 DÍAS DE NATURALEZA APALANCADA,62,FIC DE TIPO GENERAL,2018-01-01T00:00:00.000,2018-03-22T00:00:00.000,81,2018
76989,FONDO DE INVERSION COLECTIVA ABIERTO CON PACTO DE PERMANENCIA AVANZAR 30 DIAS,62,FIC DE TIPO GENERAL,2018-04-25T00:00:00.000,2018-12-31T00:00:00.000,1004,2018
72413,FONDO DE CAPITAL PRIVADO FONDO PLENTIA INVERSIONES,97,FONDOS DE CAPITAL PRIVADO,2018-01-01T00:00:00.000,2018-12-31T00:00:00.000,364,2018
60509,FONDO DE INVERSIÓN COLECTIVA ABIERTO CON PACTO DE PERMANENCIA ADCAP MULTIPLAZOS,9,FIC DE TIPO GENERAL,2018-01-01T00:00:00.000,2018-12-31T00:00:00.000,365,2018
13263,FONDO DE CAPITAL PRIVADO PROGRESA CAPITAL EN LIQUIDACIÓN,31,FONDOS DE CAPITAL PRIVADO,2018-01-01T00:00:00.000,2018-12-31T00:00:00.000,364,2018
69940,FCP DEUDA INFRAESTRUCTURA COLOMBIA,31,FONDOS DE CAPITAL PRIVADO,2018-01-01T00:00:00.000,2018-12-31T00:00:00.000,364,2018
59078,FONDO DE INVERSIÓN COLECTIVA DIVERSIFICADO MODERADO,26,FIC DE TIPO GENERAL,2018-01-01T00:00:00.000,2018-12-31T00:00:00.000,365,2018
80042,FONDO DE CAPITAL NEXUS INMOBILIARIO - COMPARTIMENTO INMUEBLES BANCO DE BOGOTÁ,21,FONDOS DE CAPITAL PRIVADO,2018-10-12T00:00:00.000,2018-12-31T00:00:00.000,80,2018
58439,FONDO DE INVERSION COLECTIVA CERRADO DENOMINADO ESPARTA 180,62,FIC DE TIPO GENERAL,2018-01-01T00:00:00.000,2018-12-31T00:00:00.000,365,2018
70843,FONDO DE INVERSIÓN COLECTIVA ABIERTO CON PACTO DE PERMANENCIA ALTARENTA,22,FIC DE TIPO GENERAL,2018-01-01T00:00:00.000,2018-12-31T00:00:00.000,775,2018
60117,FONDO DE INVERSION COLECTIVA ABIERTO SIN PACTO DE PERMANENCIA PERFIL CONSERVADOR,62,FIC DE TIPO GENERAL,2018-01-01T00:00:00.000,2018-12-31T00:00:00.000,365,2018
73585,FCP - VALOR FORESTAL - CAUCHO 04 (EN LIQUIDACIÓN),38,FONDOS DE CAPITAL PRIVADO,2018-01-01T00:00:00.000,2018-12-31T00:00:00.000,365,2018
81774,FCP NUEVOMUNDO COMPARTIMENTO NUEVOMUNDO-MAYAGÜEZ,21,FONDOS DE CAPITAL PRIVADO,2018-12-28T00:00:00.000,2018-12-31T00:00:00.000,4,2018
58907,FONVAL ACCIONES VALOR,28,FIC DE TIPO GENERAL,2018-01-01T00:00:00.000,2018-12-31T00:00:00.000,365,2018
60230,FONDO DE CAPITAL PRIVADO MEDICAL,11,FONDOS DE CAPITAL PRIVADO,2018-01-01T00:00:00.000,2018-12-30T00:00:00.000,364,2018
53972,FIC PENSIONES V,58,FIC DE TIPO GENERAL,2018-01-01T00:00:00.000,2018-12-31T00:00:00.000,364,2018
59859,FONDO DE CAPITAL PRIVADO  INVERSIONES GANADERAS COMPARTIMENTO 32,21,FONDOS DE CAPITAL PRIVADO,2018-01-01T00:00:00.000,2018-09-06T00:00:00.000,249,2018
64129,FONDO ASHMORE ANDINO II - FCP COMPARTIMENTO B,16,FONDOS DE CAPITAL PRIVADO,2018-01-01T00:00:00.000,2018-12-31T00:00:00.000,363,2018
60925,COMP III MAS COLOMBIA OPPORTUNITY - FCP MAS COLOMBIA LATAM,9,FONDOS DE CAPITAL PRIVADO,2018-01-01T00:00:00.000,2018-12-31T00:00:00.000,362,2018
29133,FONDO DE INVERSIÓN COLECTIVA ABIERTO FIDUCREDICORP VISTA,59,FIC DE TIPO GENERAL,2018-01-01T00:00:00.000,2018-12-31T00:00:00.000,364,2018
59201,FIC FACTOR FUTURO - EN LIQUIDACIÓN,26,FIC DE TIPO GENERAL,2018-01-01T00:00:00.000,2018-12-31T00:00:00.000,365,2018
54577,FONDO DE INVERSION COLECTIVA ABIERTO CON PACTO DE PERMANENCIA ARCO IRIS DEUDA PRIVADA,33,FIC DE TIPO GENERAL,2018-01-01T00:00:00.000,2018-12-31T00:00:00.000,364,2018
58735,FONDO DE INVERSION COLECTIVA  ABIERTO ACCIVAL ACCIONES DINAMICO,3,FIC DE TIPO GENERAL,2018-01-01T00:00:00.000,2018-12-31T00:00:00.000,365,2018
31508,FONDO DE INVERSION COLECTIVA ABIERTO RENTAR 30,18,FIC DE TIPO GENERAL,2018-01-01T00:00:00.000,2018-12-31T00:00:00.000,364,2018
61354,FONDO DE CAPITAL PRIVADO POR COMPARTIMENTOS SERFINCO AGRONEGOCIOS- COMPARTIMENTO CACAO AGROFORESTAL,62,FONDOS DE CAPITAL PRIVADO,2018-01-01T00:00:00.000,2018-12-31T00:00:00.000,365,2018
59008,FONDO DE CAPITAL PRIVADO TC LATAM - COMPARTIMENTO A,26,FONDOS DE CAPITAL PRIVADO,2018-01-01T00:00:00.000,2018-12-31T00:00:00.000,365,2018
9438,FONDO DE INVERSIÓN COLECTIVA ABIERTO SIN PACTO DE PERMANENCIA OCCIRENTA,21,FIC DE TIPO GENERAL,2018-01-01T00:00:00.000,2018-12-31T00:00:00.000,1820,2018
50408,FONDO DE CAPITAL PRIVADO TRIBECA HOMECARE FUND I,16,FONDOS DE CAPITAL PRIVADO,2018-01-01T00:00:00.000,2018-12-31T00:00:00.000,363,2018
42258,COMPARTIMENTO I DEL FONDO DE CAPITAL PRIVADO FINTRA,20,FONDOS DE CAPITAL PRIVADO,2018-01-01T00:00:00.000,2018-12-31T00:00:00.000,364,2018
50287,FONDO DE CAPITAL PRIVADO RUTA DEL SOL COMPARTIMENTO B1,16,FONDOS DE CAPITAL PRIVADO,2018-01-01T00:00:00.000,2018-12-31T00:00:00.000,363,2018
60520,FONDO DE INVERSIÓN COLECTIVA ABIERTO INVERTIR AHORRO PLUS,9,FIC DE TIPO GENERAL,2018-01-01T00:00:00.000,2018-12-31T00:00:00.000,365,2018
60491,FONDO DE INVERSIÓN COLECTIVA ABIERTO CON PACTO DE PERMANENCIA INVERTIR GESTIONADO COLOMBIA,9,FIC DE TIPO GENERAL,2018-01-01T00:00:00.000,2018-12-31T00:00:00.000,365,2018
72906,FONDO DE CAPITAL PRIVADO PALADIN REALTY COLOMBIA COMPARTIMENTO C,26,FONDOS DE CAPITAL PRIVADO,2018-08-16T00:00:00.000,2018-12-31T00:00:00.000,138,2018
73589,FCP VALOR FORESTAL CAUCHO 8 (EN LIQUIDACIÓN),38,FONDOS DE CAPITAL PRIVADO,2018-01-01T00:00:00.000,2018-12-31T00:00:00.000,365,2018
59014,FONDO DE CAPITAL PRIVADO TC LATAM - COMPARTIMENTO D,26,FONDOS DE CAPITAL PRIVADO,2018-01-01T00:00:00.000,2018-12-31T00:00:00.000,365,2018
75122,COMPARTIMENTO A,25,FONDOS DE CAPITAL PRIVADO,2018-01-19T00:00:00.000,2018-12-31T00:00:00.000,346,2018
53962,FONDO DE INVERSION COLECTA ABIERTO CON PACTO DE PERMANENCIA SURA MULTIESTRATEGIA CREDITO COLOMBIA,58,FIC DE TIPO GENERAL,2018-01-01T00:00:00.000,2018-12-31T00:00:00.000,364,2018
58731,FONDO DE CAPITAL PRIVADO 90º NORTE,3,FIC INMOBILIARIAS,2018-01-01T00:00:00.000,2018-01-10T00:00:00.000,10,2018
50278,FIC COMPARTIMENTO B SECCIÓN I ASHMORE DEL FONDO DE INFRAESTRUCTURA COLOMBIA ASHMORE - FCP,16,FONDOS DE CAPITAL PRIVADO,2018-01-01T00:00:00.000,2018-12-31T00:00:00.000,363,2018
50402,FONDO DE CAPITAL PRIVADO FUTURO INMOBILIARIO - COMPARTIMENTO UNO,16,FONDOS DE CAPITAL PRIVADO,2018-01-01T00:00:00.000,2018-12-31T00:00:00.000,363,2018
72709,FONDO DE INVERSIÓN COLECTIVA ULTRASERFINCO SECTORIAL HOLDING,62,FIC DE TIPO GENERAL,2018-01-01T00:00:00.000,2018-12-31T00:00:00.000,730,2018
50403,FONDO DE CAPITAL PRIVADO FUTURO INMOBILIARIO - COMPARTIMENTO UNO PARTICIPACIÓN B,16,FONDOS DE CAPITAL PRIVADO,2018-01-01T00:00:00.000,2018-12-31T00:00:00.000,363,2018
61997,OLD MUTUAL  FONDO DE INVERSIÓN COLECTIVA ABIERTO CON PACTO DE PERMANENCIA CAT I,7,FIC DE TIPO GENERAL,2018-01-01T00:00:00.000,2018-12-26T00:00:00.000,359,2018
66532,COMPARTIMENTO INMUEBLES I,21,FONDOS DE CAPITAL PRIVADO,2018-01-01T00:00:00.000,2018-12-31T00:00:00.000,363,2018
32436,FONDO DE CAPITAL PRIVADO AMERIGO VENTURES PACIFICO,31,FONDOS DE CAPITAL PRIVADO,2018-01-01T00:00:00.000,2018-12-31T00:00:00.000,364,2018
59336,FONDO DE INVERSION COLECTIVA ABIERTO CON PACTO DE PERMANENCIA GLOBAL SECURITIES ACCIONES,68,FIC DE TIPO GENERAL,2018-01-01T00:00:00.000,2018-12-31T00:00:00.000,365,2018
13534,CARTERA COLECTIVA FONDO DE INVERSION FORESTAL COLOMBIA,39,FONDOS DE CAPITAL PRIVADO,2018-01-01T00:00:00.000,2018-12-31T00:00:00.000,364,2018
63732,FONDO DE INVERSIÓN COLECTIVA CERRADO BTG PACTUAL OBLIGACIONES DIVERSIFICADO II,14,FIC DE TIPO GENERAL,2018-01-01T00:00:00.000,2018-12-31T00:00:00.000,730,2018
80665,FONDO DE CAPITAL PRIVADO INMOBILIARIO POR COMPARTIMIENTOS AZUR - COMPARTIMIENTO NUEVA VISTA,97,FONDOS DE CAPITAL PRIVADO,2018-10-31T00:00:00.000,2018-12-31T00:00:00.000,62,2018
59349,FONDO DE INVERSION COLECTIVA ABIERTO GS RENTA,68,FIC DE TIPO GENERAL,2018-01-01T00:00:00.000,2018-04-29T00:00:00.000,119,2018
75716,FONDO DE CAPITAL PRIVADO ARMILLA CAPITAL - COMPARTIMENTO INMOBILIARIO COMERCIAL,16,FONDOS DE CAPITAL PRIVADO,2018-02-26T00:00:00.000,2018-12-31T00:00:00.000,307,2018
21080,"F.C.P. KANDEO FUND I (COLOMBIA), FCP (KFIC)",20,FONDOS DE CAPITAL PRIVADO,2018-01-01T00:00:00.000,2018-12-31T00:00:00.000,364,2018
64546,FONDO DE INVERSION COLECTIVA ABIERTO INVERTIR ADCAP GLOBAL,9,FIC DE TIPO GENERAL,2018-01-01T00:00:00.000,2018-08-02T00:00:00.000,214,2018
9452,FONDO DE INVERSIÓN COLECTIVA ABIERTO CON PACTO DE PERMANENCIA META CRECIMIENTO,21,FIC DE TIPO GENERAL,2018-01-01T00:00:00.000,2018-12-31T00:00:00.000,364,2018
58954,ALTRA - FONDO DE CAPITAL PRIVADO ALTRA FCP 1 EN LIQUIDACION,26,FONDOS DE CAPITAL PRIVADO,2018-01-01T00:00:00.000,2018-12-31T00:00:00.000,365,2018
66857,FONDO DE CAPITAL PRIVADO LA MONTERA COMPARTIMENTO ALEJANDRIA,16,FONDOS DE CAPITAL PRIVADO,2018-01-01T00:00:00.000,2018-12-31T00:00:00.000,363,2018
65419,FONDO DE CAPITAL PRIVADO INVERSIONES GANADERAS COMPARTIMENTO 35,21,FONDOS DE CAPITAL PRIVADO,2018-01-01T00:00:00.000,2018-01-01T00:00:00.000,1,2018
67673,COMPARTIMENTO C DEL FCP AVENIDA COLOMBIA PEF,20,FONDOS DE CAPITAL PRIVADO,2018-01-01T00:00:00.000,2018-12-31T00:00:00.000,364,2018
71191,COMPARTIMENTO SQF- FCP INVERLINK EST INMOBILIARIAS,16,FONDOS DE CAPITAL PRIVADO,2018-01-01T00:00:00.000,2018-12-31T00:00:00.000,363,2018
59740,FONDO DE INVERSION COLECTIVA ABIERTO RENTA SOSTENIBLE GLOBAL,22,FIC DE TIPO GENERAL,2018-01-01T00:00:00.000,2018-12-31T00:00:00.000,365,2018
50410,FONDO DE CAPITAL PRIVADO TRIBECA NATURAL RESOURCES FUND COMP. A TRIBECA NATURAL RESOURCES,16,FONDOS DE CAPITAL PRIVADO,2018-01-01T00:00:00.000,2018-12-31T00:00:00.000,363,2018
15397,FONDO DE INVERSION COLECTIVA ABIERTO CON PACTO DE PERMANENCIA ITAU LARGO PLAZO,23,FIC DE TIPO GENERAL,2018-01-01T00:00:00.000,2018-12-31T00:00:00.000,364,2018
60923,COMP I MAS COLOMBIA LATAM - FCP MAS LATAM,9,FONDOS DE CAPITAL PRIVADO,2018-01-01T00:00:00.000,2018-12-31T00:00:00.000,362,2018
59563,FCP INMOBILIARIO TERMINALES LOGISTICOS DE COLOMBIA - BOGOTA,21,FONDOS DE CAPITAL PRIVADO,2018-01-01T00:00:00.000,2018-05-31T00:00:00.000,151,2018
75155,FONDO DE INVERSIÓN COLECTIVA ESPARTA PLUS,62,FIC DE TIPO GENERAL,2018-01-19T00:00:00.000,2018-12-31T00:00:00.000,347,2018
58877,FONDO DE INVERSION COLECTIVA ABIERTO CON PACTO DE PERMANENCIA BTG PACTUAL RENTA FIJA COLOMBIA,14,FIC DE TIPO GENERAL,2018-01-01T00:00:00.000,2018-12-31T00:00:00.000,1825,2018
73583,FCP - VALOR FORESTAL - CAUCHO 03(EN LIQUIDACIÓN),38,FONDOS DE CAPITAL PRIVADO,2018-01-01T00:00:00.000,2018-12-31T00:00:00.000,365,2018
58927,CREDICORP CAPITAL BALANCEADO III,28,FIC DE TIPO GENERAL,2018-01-01T00:00:00.000,2018-12-31T00:00:00.000,365,2018
59500,CARTERA COLECTIVA ESCALONADA INTERBOLSA CREDIT,68,FIC DE TIPO GENERAL,2018-01-01T00:00:00.000,2018-12-31T00:00:00.000,365,2018
72485,FONDO DE INVERSION COLECTIVA RENTA 4 GLOBAL VISTA,63,FIC DE TIPO GENERAL,2018-01-01T00:00:00.000,2018-12-31T00:00:00.000,2463,2018
73963,FONDO DE INVERSION COLECTIVA ABIERTO CON PACTO DE PERMANENCIA RENTA FIJA DINAMICA,21,FIC DE TIPO GENERAL,2018-02-05T00:00:00.000,2018-12-31T00:00:00.000,329,2018
50261,FONDO DE CAPITAL PRIVADO INVERLINK ESTRUCTURAS INMOBILIARIAS COMPARTIMENTO UNO TIPO DE UNIDAD A,16,FONDOS DE CAPITAL PRIVADO,2018-01-01T00:00:00.000,2018-12-31T00:00:00.000,363,2018
76414,F.I.C. ACCIONES PLUS,20,FIC DE TIPO GENERAL,2018-04-01T00:00:00.000,2018-12-31T00:00:00.000,275,2018
59094,FONDO DE INVERSION COLECTIVA VALOR,21,FIC DE TIPO GENERAL,2018-01-01T00:00:00.000,2018-01-15T00:00:00.000,30,2018
59621,COMPARTIMENTO VACUNAS I,21,FONDOS DE CAPITAL PRIVADO,2018-01-01T00:00:00.000,2018-12-31T00:00:00.000,363,2018
69368,FONDO DE INVERSIÓN COLECTIVA ABIERTO CON PACTO DE PERMANENCIA BBVA AM ESTRATEGIA BALANCEADO GLOBAL,3,FIC DE TIPO GENERAL,2018-01-01T00:00:00.000,2018-12-31T00:00:00.000,364,2018
77640,FCP - VALOR INMOBILIARIO - TERMINALES LOGÍSTICOS DE COLOMBIA - BOGOTA,38,FONDOS DE CAPITAL PRIVADO,2018-06-01T00:00:00.000,2018-12-31T00:00:00.000,428,2018
61583,UNIVERSITAS  FONDO DE INVERSION  COLECTIVA ABIERTO CON  PACTO DE  PERMANENCIA,6,FIC DE TIPO GENERAL,2018-01-01T00:00:00.000,2018-12-31T00:00:00.000,364,2018
60197,FONDO DE INVERSIÓN COLECTIVA CERRADO BTG PACTUAL OBLIGACIONES DIVERSIFICADO I,14,FIC DE TIPO GENERAL,2018-01-01T00:00:00.000,2018-12-31T00:00:00.000,365,2018
26960,FONDO DE CAPITAL PRIVADO BRICAPITAL,31,FONDOS DE CAPITAL PRIVADO,2018-01-01T00:00:00.000,2018-05-03T00:00:00.000,122,2018
59856,FONDO DE CAPITAL PRIVADO  INVERSIONES GANADERAS COMPARTIMENTO 30,21,FONDOS DE CAPITAL PRIVADO,2018-01-01T00:00:00.000,2018-12-31T00:00:00.000,365,2018
59523,FCP EMPRENDIMIENTO E INNOVACION S P - EN LIQUIDACIÓN,28,FONDOS DE CAPITAL PRIVADO,2018-01-01T00:00:00.000,2018-12-31T00:00:00.000,365,2018
65792,FONDO BURSATIL ISHARES MSCI COLOMBIA RISK WEIGHTED,73,FIC BURSATILES,2018-01-01T00:00:00.000,2018-12-31T00:00:00.000,365,2018
59012,FONDO DE CAPITAL PRIVADO TC LATAM - COMPARTIMENTO C,26,FONDOS DE CAPITAL PRIVADO,2018-01-01T00:00:00.000,2018-12-31T00:00:00.000,365,2018
59304,FONDO DE INVERSION COLECTIVA ABIERTO RENTA LIQUIDEZ,22,FIC DE TIPO GENERAL,2018-01-01T00:00:00.000,2018-12-31T00:00:00.000,365,2018
63935,FONDO DE INVERSIÓN COLECTIVA INMOBILIARIO DESARROLLO COLOMBIA I,26,FIC INMOBILIARIAS,2018-01-01T00:00:00.000,2018-12-31T00:00:00.000,365,2018
58451,"FONDO DE INVERSION COLECTIVA ""SERFINCO AIC CORPORACION FINANCIERA DE COLOMBIA""",62,FIC DE TIPO GENERAL,2018-01-01T00:00:00.000,2018-12-31T00:00:00.000,365,2018
11427,CARTERA COLECTIVA ABIERTA EFECTIVO A LA VISTA,12,FIC DE MERCADO MONETARIO,2018-02-07T00:00:00.000,2018-09-30T00:00:00.000,1416,2018
81171,FONDO DE INVERSIÓN COLECTIVA CERRADO INMOBILIARIO SKANDIA GRANDES SUPERFICIES,7,FIC DE TIPO GENERAL,2018-11-29T00:00:00.000,2018-12-31T00:00:00.000,33,2018
73581,FCP VALOR FORESTAL CAUCHO 2 (EN LIQUIDACIÓN),38,FONDOS DE CAPITAL PRIVADO,2018-01-01T00:00:00.000,2018-12-31T00:00:00.000,365,2018
71887,OLD MUTUAL  FONDO DE INVERSIÓN COLECTIVA CERRADO CAT III,7,FIC DE TIPO GENERAL,2018-01-01T00:00:00.000,2018-04-19T00:00:00.000,108,2018
73593,FCP VALOR FORESTAL CACAO 01 (EN LIQUIDACIÓN),38,FONDOS DE CAPITAL PRIVADO,2018-01-01T00:00:00.000,2018-12-31T00:00:00.000,365,2018
58436,FONDO DE INVERSION COLECTIVA ABIERTO CON PACTO DE PERMANECIA ESPARTA 30,62,FIC DE TIPO GENERAL,2018-01-01T00:00:00.000,2018-12-31T00:00:00.000,365,2018
61653,RENDIR FONDO DE INVERSION COLECTIVA ABIERTO,6,FIC DE TIPO GENERAL,2018-01-01T00:00:00.000,2018-12-31T00:00:00.000,364,2018
63301,FONDO DE INVERSION COLECTIVA ABIERTO RENTA ALTA CONVICCION,22,FIC DE TIPO GENERAL,2018-01-01T00:00:00.000,2018-12-31T00:00:00.000,365,2018
66082,FONDO DE INVERSIÓN COLECTIVA INMOBILIARIO DE RENTA DAVIVIENDA CORREDORES,26,FIC INMOBILIARIAS,2018-01-01T00:00:00.000,2018-12-31T00:00:00.000,365,2018
60919,FCP SUBFOBDO C TRASANDINO COLOMBIA,9,FONDOS DE CAPITAL PRIVADO,2018-01-01T00:00:00.000,2018-12-21T00:00:00.000,353,2018
71258,FONDO DE INVERSION COLECTIVA ABIERTO CON PACTO DE PERMANENCIA BTG PACTUAL ACCIONES INTERNACIONALES,14,FIC DE TIPO GENERAL,2018-01-01T00:00:00.000,2018-12-31T00:00:00.000,1460,2018
59524,FONDO DE CAPITAL PRIVADO EOLO,68,FONDOS DE CAPITAL PRIVADO,2018-01-01T00:00:00.000,2018-08-28T00:00:00.000,240,2018
69305,FONDO DE INVERSIÓN COLECTIVA CERRADO ACCIVAL ESTRUCTURADO,3,FIC DE TIPO GENERAL,2018-01-01T00:00:00.000,2018-12-31T00:00:00.000,365,2018
51959,FONDO DE INVERSIÓN COLECTIVA SKANDIA MULTIPLAZO,7,FIC DE TIPO GENERAL,2018-01-01T00:00:00.000,2018-12-31T00:00:00.000,1419,2018
71323,FCP FUTURO INMOBILIARIO COMPARTIMENTO II - VIVIENDA,16,FONDOS DE CAPITAL PRIVADO,2018-01-01T00:00:00.000,2018-12-31T00:00:00.000,726,2018
59560,CPVAL HIDROCARBUROS,28,FONDOS DE CAPITAL PRIVADO,2018-01-01T00:00:00.000,2018-12-31T00:00:00.000,365,2018
76407,FONDO DE CAPITAL PRIVADO MALLPLAZA - COMPARTIMENTO UNO,26,FONDOS DE CAPITAL PRIVADO,2018-06-13T00:00:00.000,2018-12-31T00:00:00.000,202,2018
60342,FONDO DE INVERSIÓN COLECTIVA ABIERTO SIN PACTO DE PERMANENCIA DOLAR EFECTIVO,62,FIC DE TIPO GENERAL,2018-01-01T00:00:00.000,2018-12-31T00:00:00.000,365,2018
58134,FONDO DE INVERSION COLECTIVA FONDO GNB ABIERTO,34,FIC DE TIPO GENERAL,2018-01-01T00:00:00.000,2018-12-31T00:00:00.000,364,2018
11427,CARTERA COLECTIVA ABIERTA EFECTIVO A LA VISTA,12,FIC DE TIPO GENERAL,2018-01-01T00:00:00.000,2018-12-31T00:00:00.000,439,2018
73590,FCP - VALOR FORESTAL - CAUCHO 09 (EN LIQUIDACIÓN),38,FONDOS DE CAPITAL PRIVADO,2018-01-01T00:00:00.000,2018-12-31T00:00:00.000,365,2018
50276,FIC COMPARTIMENTO A SECCIÓN I ASHMORE DEL FONDO DE INFRAESTRUCTURA COLOMBIA ASHMORE - FCP,16,FONDOS DE CAPITAL PRIVADO,2018-01-01T00:00:00.000,2018-12-31T00:00:00.000,363,2018
66363,FCP INVERLINK EST INMOBILIARIAS - COMPARTIMENTO RENTAS INMOBILIARIAS,16,FONDOS DE CAPITAL PRIVADO,2018-01-01T00:00:00.000,2018-12-31T00:00:00.000,363,2018
34630,FONDO DE INFRAESTRUCTURA BROOKFIELD COLOMBIA - SUBCOMPARTIMENTO LP,16,FONDOS DE CAPITAL PRIVADO,2018-01-01T00:00:00.000,2018-12-31T00:00:00.000,363,2018
59725,FONDO DE CAPITAL PRIVADO  INVERSIONES GANADERAS COMPARTIMENTO 12,21,FONDOS DE CAPITAL PRIVADO,2018-01-01T00:00:00.000,2018-01-15T00:00:00.000,15,2018
53968,FIC PENSIONES II,58,FIC DE TIPO GENERAL,2018-01-01T00:00:00.000,2018-12-31T00:00:00.000,364,2018
69537,FONDO DE INVERSION COLECTIVA ABIERTO FIC 600,39,FIC DE TIPO GENERAL,2018-01-01T00:00:00.000,2018-12-31T00:00:00.000,364,2018
58947,FONDO DE CAPITAL PRIVADO ENERGETICO - COMPARTIMENTO B,26,FONDOS DE CAPITAL PRIVADO,2018-01-01T00:00:00.000,2018-12-31T00:00:00.000,365,2018
73586,FCP - VALOR FORESTAL - CAUCHO 05(EN LIQUIDACIÓN),38,FONDOS DE CAPITAL PRIVADO,2018-01-01T00:00:00.000,2018-12-31T00:00:00.000,365,2018
50411,FONDO DE CAPITAL PRIVADO TRIBECA NATURAL RESOURCES FUND COMP. B TRIBECA NATURAL RESOURCES,16,FONDOS DE CAPITAL PRIVADO,2018-01-01T00:00:00.000,2018-12-31T00:00:00.000,363,2018
81088,FCP NEXUS COMP INMUEBLES ALPOPULAR,21,FONDOS DE CAPITAL PRIVADO,2018-12-12T00:00:00.000,2018-12-31T00:00:00.000,20,2018
27283,FONDO DE INFRAESTRUCTURA BROOKFIELD COLOMBIA - COMPARTIMENTO II,16,FONDOS DE CAPITAL PRIVADO,2018-01-01T00:00:00.000,2018-12-31T00:00:00.000,363,2018
59079,FIC ACCIONES GLOBALES,26,FIC DE TIPO GENERAL,2018-01-01T00:00:00.000,2018-12-31T00:00:00.000,730,2018
59950,CPVAL TERMICO - EN LIQUIDACIÓN,28,FONDOS DE CAPITAL PRIVADO,2018-01-01T00:00:00.000,2018-12-31T00:00:00.000,365,2018
59724,FONDO DE CAPITAL PRIVADO  INVERSIONES GANADERAS COMPARTIMENTO 11,21,FONDOS DE CAPITAL PRIVADO,2018-01-01T00:00:00.000,2018-01-15T00:00:00.000,15,2018
59582,FCP VALOR INMOBILIARIO POLIGONOS INDUSTRIALES DE COLOMBIA - CARTAGENA (PIC),21,FONDOS DE CAPITAL PRIVADO,2018-01-01T00:00:00.000,2018-12-31T00:00:00.000,365,2018
10026,FONDO DE INVERSION COLECTIVA SUPERIOR,42,FIC DE TIPO GENERAL,2018-01-01T00:00:00.000,2018-12-31T00:00:00.000,2571,2018
2852,FONDO DE INVERSIÓN COLECTIVA ABIERTO FIDUCUENTA,31,FIC DE TIPO GENERAL,2018-01-01T00:00:00.000,2018-12-31T00:00:00.000,364,2018
59345,FONDO DE INVERSION COLECTIVA ABIERTO CON PACTO DE PERMANENCIA CG SMALL CAPS ANDINO,32,FIC DE TIPO GENERAL,2018-01-01T00:00:00.000,2018-12-31T00:00:00.000,364,2018
60275,FONDO DE INVERSION COLECTIVA ABIERTO RENTAVAL,91,FIC DE TIPO GENERAL,2018-01-01T00:00:00.000,2018-12-31T00:00:00.000,365,2018
58698,CASA DE BOLSA ACCIONES PLUS  FONDO  ABIERTO CON PACTO DE PERMANENCIA,76,FIC DE TIPO GENERAL,2018-01-01T00:00:00.000,2018-03-31T00:00:00.000,89,2018
58247,FONDO DE DEUDA SENIOR PARA INFRAESTRUCTURA EN COLOMBIA CAF ASHMORE I,16,FONDOS DE CAPITAL PRIVADO,2018-01-01T00:00:00.000,2018-12-31T00:00:00.000,363,2018
74094,"FONDO DE CAPITAL PRIVADO INMOBILIARIO POR COMPARTIMENTOS AZUR, COMPARTIMENTO BLOCPORT",97,FONDOS DE CAPITAL PRIVADO,2018-01-01T00:00:00.000,2018-12-31T00:00:00.000,364,2018
3644,FONDO DE INVERSIÓN COLECTIVA ABIERTO RENTA ACCIONES LATAM,31,FIC DE TIPO GENERAL,2018-01-01T00:00:00.000,2018-12-31T00:00:00.000,1092,2018
60106,FONDO DE INVERSION COLECTIVA ABIERTO SIN PACTO DE PERMANENCIA PERFIL CRECIMIENTO,62,FIC DE TIPO GENERAL,2018-01-01T00:00:00.000,2018-12-31T00:00:00.000,365,2018
44227,FONDO DE CAPITAL PRIVADO VELUM EARLY STAGE FUND I,23,FONDOS DE CAPITAL PRIVADO,2018-01-01T00:00:00.000,2018-12-31T00:00:00.000,364,2018
60248,FONDO DE INVERSIÓN COLECTIVA CERRADO BTG PACTUAL CREDIVALORES II,14,FIC DE TIPO GENERAL,2018-01-01T00:00:00.000,2018-12-31T00:00:00.000,730,2018
59328,FONDO DE INVERSION COLECTIVA ABIERTO GLOBAL VISTA,68,FIC DE TIPO GENERAL,2018-01-01T00:00:00.000,2018-12-31T00:00:00.000,365,2018
11014,FONDO DE INVERSIÓN COLECTIVA ABIERTO SIN PACTO DE PERMANENCIA ACCION UNO,33,FIC DE TIPO GENERAL,2018-01-01T00:00:00.000,2018-12-31T00:00:00.000,364,2018
60046,FONDO DE INVERSION COLECTIVA CERRADO PROGRESION RENTAMAS,11,FIC DE TIPO GENERAL,2018-01-01T00:00:00.000,2018-12-31T00:00:00.000,1460,2018
50433,FONDO DE INVERSIÓN COLECTIVA CERRADA INMUEBLES FIDUCOR POR COMPARTIMENTOS,16,FIC INMOBILIARIAS,2018-01-01T00:00:00.000,2018-12-31T00:00:00.000,363,2018
58750,FONDO DE INVERSION COLECTIVA CERRADA OCCIDECOL,21,FIC DE TIPO GENERAL,2018-01-01T00:00:00.000,2018-12-31T00:00:00.000,364,2018
77050,FONDO DE CAPITAL PRIVADO MALLPLAZA - COMPARTIMENTO FARO INMOBILIARIO,26,FONDOS DE CAPITAL PRIVADO,2018-06-13T00:00:00.000,2018-12-31T00:00:00.000,202,2018
59501,INMOVAL FONDO INMOBILIARIO,28,FIC INMOBILIARIAS,2018-01-01T00:00:00.000,2018-12-31T00:00:00.000,365,2018
74174,COMPARTIMENTO B FCP AVENIDA COLOMBIA PEF II,20,FONDOS DE CAPITAL PRIVADO,2018-01-01T00:00:00.000,2018-12-31T00:00:00.000,1820,2018
74207,FONDO DE CAPITAL PRIVADO VALOR INMOBILIARIO COMPLEJO LOGISTICO DEL CARIBE,11,FONDOS DE CAPITAL PRIVADO,2018-01-01T00:00:00.000,2018-12-31T00:00:00.000,365,2018
58883,CREDICORP CAPITAL DEUDA CORPORATIVA,28,FIC DE TIPO GENERAL,2018-01-01T00:00:00.000,2018-12-31T00:00:00.000,365,2018
66528,COMPARTIMENTO ALIMENTOS VALUARY,21,FONDOS DE CAPITAL PRIVADO,2018-01-01T00:00:00.000,2018-12-31T00:00:00.000,363,2018
3049,FONDO DE INVERSION COLECTIVA ABIERTO CON PACTO DE PERMANENCIA PLAN SEMILLA,31,FIC DE TIPO GENERAL,2018-01-01T00:00:00.000,2018-12-31T00:00:00.000,364,2018
78767,FCP VALOR INMOBILIARIO COMPARTIMENTO SENIOR CAPITAL,31,FONDOS DE CAPITAL PRIVADO,2018-07-31T00:00:00.000,2018-12-31T00:00:00.000,154,2018
60239,FONDO DE CAPITAL PRIVADO PROGRESION INMOBILIARIO,11,FONDOS DE CAPITAL PRIVADO,2018-01-01T00:00:00.000,2018-12-30T00:00:00.000,364,2018
11356,FONDO DE INVERSIÓN COLECTIVA ABIERTO FIDULIQUIDEZ,18,FIC DE TIPO GENERAL,2018-01-01T00:00:00.000,2018-12-31T00:00:00.000,2885,2018
10648,FONDO DE INVERSION COLECTIVA ABIERTO ITAU MONEY MARKET,23,FIC DE TIPO GENERAL,2018-01-01T00:00:00.000,2018-12-31T00:00:00.000,1100,2018
72576,FONDO DE INVERSION COLECTIVA ABIERTO CON PACTO DE PERMANENCIA AVANZAR 180 DIAS,62,FIC DE TIPO GENERAL,2018-01-01T00:00:00.000,2018-12-31T00:00:00.000,1456,2018
60678,FONDO BURSÁTIL ISHARES  MSCI COLCAP,73,FIC BURSATILES,2018-01-01T00:00:00.000,2018-12-31T00:00:00.000,365,2018
59009,FONDO DE CAPITAL PRIVADO TC LATAM - COMPARTIMENTO B,26,FONDOS DE CAPITAL PRIVADO,2018-01-01T00:00:00.000,2018-12-31T00:00:00.000,365,2018
58347,FIC INTERÉS,26,FIC DE TIPO GENERAL,2018-01-01T00:00:00.000,2018-12-31T00:00:00.000,699,2018
16373,FIC GESTIÓN,58,FIC DE MERCADO MONETARIO,2018-01-01T00:00:00.000,2018-12-31T00:00:00.000,364,2018
53969,FIC PENSIONES III,58,FIC DE TIPO GENERAL,2018-01-01T00:00:00.000,2018-10-30T00:00:00.000,302,2018
65734,FONDO DE CAPITAL PRIVADO TC LATAM - COMPARTIMENTO G TC LATAM,26,FONDOS DE CAPITAL PRIVADO,2018-06-05T00:00:00.000,2018-12-31T00:00:00.000,210,2018
3814,FONDO DE INVERSIÓN COLECTIVA ABIERTO RENTA FIJA PLAZO,31,FIC DE TIPO GENERAL,2018-01-01T00:00:00.000,2018-12-31T00:00:00.000,364,2018
58948,FONDO DE CAPITAL PRIVADO ENERGETICO - COMPARTIMENTO C,26,FONDOS DE CAPITAL PRIVADO,2018-01-01T00:00:00.000,2018-12-31T00:00:00.000,365,2018
9453,FONDO DE INVERSIÓN COLECTIVA ABIERTO SIN PACTO DE PERMANENCIA OCCITESOROS,21,FIC DE TIPO GENERAL,2018-01-01T00:00:00.000,2018-12-31T00:00:00.000,364,2018
66651,FONDO INMOBILIARIO FIDUPAÍS FIC CERRADO NO. 2 EN DERECHOS FIDUCIARIOS SOBRE INMUEBLES,68,FIC INMOBILIARIAS,2018-01-01T00:00:00.000,2018-12-31T00:00:00.000,365,2018
77049,FONDO DE CAPITAL PRIVADO MALLPLAZA - COMPARTIMENTO AS,26,FONDOS DE CAPITAL PRIVADO,2018-06-13T00:00:00.000,2018-12-31T00:00:00.000,202,2018
71846,FCP 4G CREDICORP CAPITAL - SURA AM COMP LIQUIDEZ I,28,FONDOS DE CAPITAL PRIVADO,2018-01-01T00:00:00.000,2018-12-31T00:00:00.000,1460,2018
50272,FONDO DE CAPITAL PRIVADO RUTA DEL SOL COMPARTIMENTO A1,16,FONDOS DE CAPITAL PRIVADO,2018-01-01T00:00:00.000,2018-12-31T00:00:00.000,363,2018
58741,FICS ABIERTO SIN PACTO DE PERMANENCIA ACCIVAL BALANCEADO,3,FIC DE TIPO GENERAL,2018-01-01T00:00:00.000,2018-12-31T00:00:00.000,365,2018
58445,"FONDO DE INVERSION COLECTIVA ""SERFINCO AIC GRUPO SURA""",62,FIC DE TIPO GENERAL,2018-01-01T00:00:00.000,2018-12-31T00:00:00.000,365,2018
61306,FONDO DE CAPITAL INMOBILIARIO,62,FONDOS DE CAPITAL PRIVADO,2018-01-01T00:00:00.000,2018-12-31T00:00:00.000,365,2018
59854,FONDO DE CAPITAL PRIVADO INVERSIONES GANADERAS COMPARTIMENTO 29,21,FONDOS DE CAPITAL PRIVADO,2018-01-01T00:00:00.000,2018-12-31T00:00:00.000,365,2018
13174,F.I.C. A. MERCADO MONETARIO CONFIANZA PLUS,20,FIC DE MERCADO MONETARIO,2018-01-01T00:00:00.000,2018-12-31T00:00:00.000,364,2018
73454,FONDO DE INVERSION COLECTIVA ULTRASERFINCO SECTORIAL BANCOS,62,FIC DE TIPO GENERAL,2018-01-01T00:00:00.000,2018-12-31T00:00:00.000,702,2018
60168,FONDO DE INVERSIÓN COLECTIVA CERRADO PROGRESIÓN RENTAPLÚS,11,FIC DE TIPO GENERAL,2018-01-01T00:00:00.000,2018-12-31T00:00:00.000,365,2018
59346,FONDO DE INVERSIÓN COLETIVA CERRADO HELM INDICE,88,FIC DE TIPO GENERAL,2018-01-01T00:00:00.000,2018-01-29T00:00:00.000,29,2018
65875,FIC FONDO DE SEGURIDAD BOLIVAR,42,FIC DE TIPO GENERAL,2018-01-01T00:00:00.000,2018-12-31T00:00:00.000,364,2018
58918,CREDICORP CAPITAL ACCIONES GLOBALES,28,FIC DE TIPO GENERAL,2018-01-01T00:00:00.000,2018-12-31T00:00:00.000,365,2018
73592,FCP VALOR FORESTAL CAUCHO 11 (EN LIQUIDACIÓN),38,FONDOS DE CAPITAL PRIVADO,2018-01-01T00:00:00.000,2018-12-31T00:00:00.000,365,2018
74841,FONDO DE INVERSION COLECTIVA CERRADO INMOBILIARIO PROGRESION RENTAR II,11,FIC INMOBILIARIAS,2018-01-02T00:00:00.000,2018-12-31T00:00:00.000,364,2018
9645,F.I.C. CON PACTO DE PERMANENCIA CAPITAL PLUS,20,FIC DE TIPO GENERAL,2018-01-01T00:00:00.000,2018-12-31T00:00:00.000,364,2018
8742,FIC ABIERTO BBVA FAM CON PARTICIPACIONES DIFERENCIALES,3,FIC DE TIPO GENERAL,2018-01-01T00:00:00.000,2018-12-31T00:00:00.000,2548,2018
3078,FONDO DE INVERSIÓN COLECTIVA ABIERTO RENTA BALANCEADO,31,FIC DE TIPO GENERAL,2018-01-01T00:00:00.000,2018-12-31T00:00:00.000,364,2018
58745,CASA DE BOLSA DEUDA CORPORATIVA FONDO  ABIERTO CON PACTO DE PERMANENCIA,76,FIC DE TIPO GENERAL,2018-01-01T00:00:00.000,2018-03-31T00:00:00.000,89,2018
60528,FONDO DE INVERSIÓN COLECTIVA CERRADO CON PLAZO DE REDENCIÓN INVERTIR EN ALTERNATIVOS CLASE 1,9,FIC DE TIPO GENERAL,2018-01-01T00:00:00.000,2018-12-31T00:00:00.000,365,2018
60510,FONDO DE INVERSIÓN COLECTIVA ABIERTO CON PACTO DE PERMANENCIA ADCAP RENTA FIJA COLOMBIA,9,FIC DE TIPO GENERAL,2018-01-01T00:00:00.000,2018-12-31T00:00:00.000,365,2018
73723,FONDO DE INVERSIÓN COLECTIVA ABIERTO CON PACTO DE PERMANENCIA ALIANZA RENTA FIJA MERCADOS EMERGENTE,16,FIC DE TIPO GENERAL,2018-01-10T00:00:00.000,2018-12-31T00:00:00.000,1009,2018
65731,FONDO DE CAPITAL PRIVADO TC LATAM - COMPARTIMENTO E TC LATAM,26,FONDOS DE CAPITAL PRIVADO,2018-01-01T00:00:00.000,2018-12-31T00:00:00.000,365,2018
58434,FONDO DE INVERSIÓN COLECTIVA ABIERTO SIN PACTO DE PERMANENCIA ULTRASERFINCO LIQUIDEZ,62,FIC DE TIPO GENERAL,2018-01-01T00:00:00.000,2018-12-31T00:00:00.000,2555,2018
60543,FONDO DE INVERSIÓN COLECTIVA DEL MERCADO MONETARIO DEL MERCADO MONETARIO DENOMINADO AFIN VALORES V,5,FIC DE MERCADO MONETARIO,2018-01-01T00:00:00.000,2018-03-27T00:00:00.000,86,2018
18462,FONDO CASH CONSERVADOR ALIANZA 1525,16,FIC DE TIPO GENERAL,2018-01-01T00:00:00.000,2018-12-31T00:00:00.000,1089,2018
79144,FCP SURA AM INMOBILIARIO,31,FONDOS DE CAPITAL PRIVADO,2018-08-22T00:00:00.000,2018-12-31T00:00:00.000,132,2018
73317,FONDO DE CAPITAL PRIVADO ARMILLA CAPITAL-COMPARTIMENTO ALPES,16,FONDOS DE CAPITAL PRIVADO,2018-02-26T00:00:00.000,2018-12-31T00:00:00.000,307,2018
61112,COMPARTIMENTO DEUDA PRIVADA INFRAESTRUCTURA I,28,FONDOS DE CAPITAL PRIVADO,2018-01-01T00:00:00.000,2018-12-31T00:00:00.000,1095,2018
75993,FONDO DE INVERSIÓN COLECTIVA CERRADO ACCIVAL ESTRUCTURADO II,3,FIC DE TIPO GENERAL,2018-02-28T00:00:00.000,2018-12-31T00:00:00.000,307,2018
77191,FONDO DE CAPITAL PRIVADO INMOBILIARIO SERVIVALORES GNB SUDAMERIS,91,FONDOS DE CAPITAL PRIVADO,2018-05-09T00:00:00.000,2018-12-31T00:00:00.000,237,2018
74196,FONDO DE CAPITAL PRIVADO RENTA INMOBILIARIA,11,FONDOS DE CAPITAL PRIVADO,2018-01-01T00:00:00.000,2018-12-30T00:00:00.000,364,2018
50283,FONDO DE CAPITAL PRIVADO TRG FCP LA I,16,FONDOS DE CAPITAL PRIVADO,2018-01-01T00:00:00.000,2018-12-31T00:00:00.000,363,2018
67598,FONDO DE CAPITAL AGROEMPRESAS COLOMBIA DE SEAF,21,FONDOS DE CAPITAL PRIVADO,2018-01-01T00:00:00.000,2018-12-31T00:00:00.000,363,2018
10650,FONDO DE INVERSION COLECTIVA ABIERTO CON PACTO DE PERMANENCIA ITAU MEDIANO PLAZO,23,FIC DE TIPO GENERAL,2018-01-01T00:00:00.000,2018-12-31T00:00:00.000,364,2018
71197,FONDO DE INVERSIÓN COLECTIVA ABIERTO FIC AVANZAR VISTA,62,FIC DE TIPO GENERAL,2018-01-01T00:00:00.000,2018-12-31T00:00:00.000,1456,2018
53973,FIC GESTIONAR,58,FIC DE TIPO GENERAL,2018-01-01T00:00:00.000,2018-12-31T00:00:00.000,364,2018
50439,COMPARTIMENTO ZONA FRANCA DEL FONDO DE CAPITAL PRIVADO INVERLINK ESTRUCTURAS INMOBILIARIAS,16,FONDOS DE CAPITAL PRIVADO,2018-01-01T00:00:00.000,2018-12-31T00:00:00.000,363,2018
58756,CREDICORP CAPITAL ALTA LIQUIDEZ,28,FIC DE TIPO GENERAL,2018-01-01T00:00:00.000,2018-12-31T00:00:00.000,365,2018
50518,FONDO DE CO-INVERSIÓN CON EL FONDO DE INFRAESTRUCTURA ASHMORE I - FCP  COMPARTIMENTO 3 - CODAD S.A,16,FONDOS DE CAPITAL PRIVADO,2018-01-01T00:00:00.000,2018-12-31T00:00:00.000,363,2018
10659,FONDO DE INVERSION COLECTIVA ABIERTO FIDUGOB,22,FIC DE TIPO GENERAL,2018-01-01T00:00:00.000,2018-12-31T00:00:00.000,3237,2018
59738,FONDO DE INVERSION COLECTIVA ABIERTO RENTA VARIABLE COLOMBIA,22,FIC DE TIPO GENERAL,2018-01-01T00:00:00.000,2018-12-31T00:00:00.000,365,2018
80955,FONDO DE CAPITAL PRIVADO AQUA COMPARTIMENTO UNO AQUA I,63,FONDOS DE CAPITAL PRIVADO,2018-12-18T00:00:00.000,2018-12-31T00:00:00.000,14,2018
65531,FIC PACTO 25 DE LA FAMILIA DE FONDOS DE FIDUAGRARIA RENTASEMILLA,39,FIC DE TIPO GENERAL,2018-01-01T00:00:00.000,2018-12-31T00:00:00.000,364,2018
65733,FONDO DE CAPITAL PRIVADO TC LATAM - COMPARTIMENTO F TC LATAM,26,FONDOS DE CAPITAL PRIVADO,2018-12-21T00:00:00.000,2018-12-31T00:00:00.000,11,2018
58900,FONVAL DEUDA PUBLICA,28,FIC DE TIPO GENERAL,2018-01-01T00:00:00.000,2018-12-26T00:00:00.000,360,2018
59863,FONDO DE CAPITAL PRIVADO  INVERSIONES GANADERAS COMPARTIMENTO 34,21,FONDOS DE CAPITAL PRIVADO,2018-01-01T00:00:00.000,2018-12-31T00:00:00.000,365,2018
67404,FONDO DE INVERSION COLECTIVA ABIERTO CON PACTO PERMANENCIA ALIANZA RENTA FIJA 90,16,FIC DE TIPO GENERAL,2018-01-01T00:00:00.000,2018-12-31T00:00:00.000,2541,2018
58703,FONDO DE CAPITAL PRIVADO CORREDORES CAPITAL I,26,FONDOS DE CAPITAL PRIVADO,2018-01-01T00:00:00.000,2018-12-31T00:00:00.000,365,2018
60924,COMP II MAS COLOMBIA OPPORTUNITY -FCP MAS COLOMBIA LATAM,9,FONDOS DE CAPITAL PRIVADO,2018-01-01T00:00:00.000,2018-12-31T00:00:00.000,362,2018
60920,"SUBFONDO D TRANSANDINO COLOMBIA, FCP",9,FONDOS DE CAPITAL PRIVADO,2018-01-01T00:00:00.000,2018-12-21T00:00:00.000,353,2018
28405,FONDO DE CAPITAL PRIVADO OXO - PROPIEDADES SOSTENIBLES COMPARTIMENTO II. OXO - PROPIEDADES SOSTENIB,16,FONDOS DE CAPITAL PRIVADO,2018-01-01T00:00:00.000,2018-12-31T00:00:00.000,363,2018
29495,FONDO DE INVERSIÓN COLECTIVA ABIERTO CON PACTO DE PERMANENCIA ÓPTIMO,22,FIC DE TIPO GENERAL,2018-01-01T00:00:00.000,2018-12-31T00:00:00.000,364,2018
64114,FONDO ASHMORE ANDINO II - FCP COMPARTIMENTO A,16,FONDOS DE CAPITAL PRIVADO,2018-01-01T00:00:00.000,2018-12-31T00:00:00.000,1089,2018
58928,CREDICORP CAPITAL ESTRATEGICO,28,FIC DE TIPO GENERAL,2018-01-01T00:00:00.000,2018-12-31T00:00:00.000,365,2018
60348,FONDO DE INVERSIÓN COLECTIVA INMOBILIARIO VISUM RENTAS INMOBILIARIAS,14,FIC INMOBILIARIAS,2018-01-01T00:00:00.000,2018-12-31T00:00:00.000,1160,2018
58746,CASA DE BOLSA LIQUIDEZ FONDO ABIERTO,76,FIC DE MERCADO MONETARIO,2018-01-01T00:00:00.000,2018-03-31T00:00:00.000,89,2018
13525,FONDO DE INVERSION COLECTIVA ABIERTO CON PACTO DE PERMANENCIA RENTAPAIS,39,FIC DE TIPO GENERAL,2018-01-01T00:00:00.000,2018-12-31T00:00:00.000,364,2018
2971,FONDO DE INVERSION COLECTIVA ABIERTO CON PACTO DE PERMANENCIA FIDURENTA,31,FIC DE TIPO GENERAL,2018-01-01T00:00:00.000,2018-12-31T00:00:00.000,1820,2018
59018,FG - FONDO DE CAPITAL PRIVADO FG,26,FONDOS DE CAPITAL PRIVADO,2018-01-01T00:00:00.000,2018-12-31T00:00:00.000,365,2018
59342,FONDO DE INVERSIÓN COLECTIVA CERRADO RENTA FIJA 365,68,FIC DE TIPO GENERAL,2018-01-01T00:00:00.000,2018-12-31T00:00:00.000,365,2018
72409,FONDO DE INVERSION COLECTIVA CERRADO ACCICOLF VANGUARDIA ACCIONES ORDINARIAS,21,FIC DE TIPO GENERAL,2018-01-01T00:00:00.000,2018-12-31T00:00:00.000,364,2018
68802,FONDO DE INVERSIÓN COLECTIVA ULTRASERFINCO GEA,62,FIC DE TIPO GENERAL,2018-01-01T00:00:00.000,2018-12-31T00:00:00.000,365,2018
53954,F.I.C. VALOR PLUS I,20,FIC DE TIPO GENERAL,2018-01-01T00:00:00.000,2018-12-31T00:00:00.000,4368,2018
53970,FONDO DE INVERSION COLECTIVA CERRADO SURA CREDITO PRIVADO COLOMBIA,58,FIC DE TIPO GENERAL,2018-01-01T00:00:00.000,2018-12-31T00:00:00.000,728,2018
32814,FONDO DE INVERSION COLECTIVA CCA RENTALIQUIDA FIDUCAFE,42,FIC DE TIPO GENERAL,2018-01-01T00:00:00.000,2018-12-31T00:00:00.000,1606,2018
72899,FONDO DE CAPITAL PRIVADO INMOBILIARIO GRUPO PEGASUS COLOMBIA FONDO I COMPARTIMENTO 1 PEGASUS VIVIEN,26,FONDOS DE CAPITAL PRIVADO,2018-04-18T00:00:00.000,2018-12-31T00:00:00.000,516,2018
60532,FONDO DE INVERSIÓN COLECTIVA CERRADO CON PLAZO DE REDENCIÓN INVERTIR EN ALTERNATIVOS CLASE 2,9,FIC DE TIPO GENERAL,2018-01-01T00:00:00.000,2018-12-31T00:00:00.000,365,2018
50377,"FONDO DE CO-INVERSIÓN CON EL FONDO DE INFRAESTRUCTURA ASHMORE I - FCP, COMPARTIMENTO UNO",16,FONDOS DE CAPITAL PRIVADO,2018-01-01T00:00:00.000,2018-02-21T00:00:00.000,104,2018
50304,FONDO DE CAPITAL PRIVADO VALORAR FUTURO,16,FONDOS DE CAPITAL PRIVADO,2018-01-01T00:00:00.000,2018-12-31T00:00:00.000,363,2018
59105,CREDICORP CAPITAL ACCIONES COLOMBIA,28,FIC DE TIPO GENERAL,2018-01-01T00:00:00.000,2018-12-31T00:00:00.000,365,2018
66567,COMP IV UNO MAS COLOMBIA LATAM,9,FONDOS DE CAPITAL PRIVADO,2018-01-01T00:00:00.000,2018-12-31T00:00:00.000,1086,2018
75121,FONDO DE CAPITAL PRIVADO MERCANTIL COLPATRIA,25,FONDOS DE CAPITAL PRIVADO,2018-01-19T00:00:00.000,2018-08-01T00:00:00.000,194,2018
34644,FONDO DE INFRAESTRUCTURA BROOKFIELD COLOMBIA - SUBCOMPARTIMENTO GP,16,FONDOS DE CAPITAL PRIVADO,2018-01-01T00:00:00.000,2018-12-31T00:00:00.000,363,2018
38802,FONDO DE CAPITAL PRIVADO OXO - PROPIEDADES SOSTENIBLES COMPARTIMENTO III. BARRANQUILLA. OXO - PROPI,16,FONDOS DE CAPITAL PRIVADO,2018-01-01T00:00:00.000,2018-12-31T00:00:00.000,363,2018
11962,FONDO DE INVERSIÓN COLECTIVA ABIERTO BBVA PAÍS CON PARTICIPACIONES DIFERENCIALES,3,FIC DE TIPO GENERAL,2018-01-01T00:00:00.000,2018-12-31T00:00:00.000,1092,2018
10025,FONDO DE INVERSION COLECTIVA CONSOLIDAR,42,FIC DE TIPO GENERAL,2018-01-01T00:00:00.000,2018-12-31T00:00:00.000,364,2018
58973,CREDICORP CAPITAL VISION,28,FIC DE TIPO GENERAL,2018-01-01T00:00:00.000,2018-12-31T00:00:00.000,365,2018
67403,FONDO DE INVERSION COLECTIVA ABIERTO CON PACTO DE PERMANENCIA ALIANZA ACCIONES,16,FIC DE TIPO GENERAL,2018-01-01T00:00:00.000,2018-12-31T00:00:00.000,1804,2018
11286,FONDO DE INVERSIÓN COLECTIVA ABIERTO RENTAR,18,FIC DE TIPO GENERAL,2018-01-01T00:00:00.000,2018-12-31T00:00:00.000,3058,2018
60918,FCP SUBFONDO B TRASANDINO COLOBIA,9,FONDOS DE CAPITAL PRIVADO,2018-01-01T00:00:00.000,2018-12-21T00:00:00.000,353,2018
60273,FONDO DE INVERSIÓN COLECTIVA CERRADO BTG PACTUAL CRÉDITO,14,FIC DE TIPO GENERAL,2018-01-01T00:00:00.000,2018-12-31T00:00:00.000,1072,2018
11149,FONDO DE INVERSIÓN COLECTIVA FIDUCOLDEX,40,FIC DE TIPO GENERAL,2018-01-01T00:00:00.000,2018-12-31T00:00:00.000,364,2018
59076,FIC RENTA FIJA MEDIANO PLAZO MULTIESCALA,26,FIC DE TIPO GENERAL,2018-01-01T00:00:00.000,2018-12-31T00:00:00.000,686,2018
13520,FONDO DE INVERSION COLECTIVA ABIERTO CON PACTO DE PERMANENCIA RENTAPLAZO,39,FIC DE TIPO GENERAL,2018-01-01T00:00:00.000,2018-12-31T00:00:00.000,364,2018
67066,CREDICORP CAPITAL DEUDA CORPORATIVA LATAM,28,FIC DE TIPO GENERAL,2018-01-01T00:00:00.000,2018-12-31T00:00:00.000,365,2018
2713,FONDO DE CAPITAL PRIVADO FONDO INMOBILIARIO COLOMBIA,31,FONDOS DE CAPITAL PRIVADO,2018-01-01T00:00:00.000,2018-12-31T00:00:00.000,364,2018
72905,FONDO DE CAPITAL PRIVADO PALADIN REALTY COLOMBIA COMPARTIMENTO B,26,FONDOS DE CAPITAL PRIVADO,2018-08-16T00:00:00.000,2018-12-31T00:00:00.000,138,2018
81378,FONDO DE INVERSIÓN COLECTIVA CERRADO ACCIVAL ESTRUCTURADO III,3,FIC DE TIPO GENERAL,2018-12-03T00:00:00.000,2018-12-31T00:00:00.000,58,2018
54576,FONDO DE INVERSION COLECTIVA ABIERTO CON PACTO DE PERMANENCIA ARCO IRIS TÍTULOS DEUDA PRIVADA,33,FIC DE TIPO GENERAL,2018-01-01T00:00:00.000,2018-12-31T00:00:00.000,364,2018
75995,"FONDO DE CO-INVERSIÓN CON EL FONDO DE INFRAESTRUCTURA ASHMORE I FCP, COMPARTIMENTO I",16,FONDOS DE CAPITAL PRIVADO,2018-02-22T00:00:00.000,2018-12-31T00:00:00.000,622,2018
62013,FONDO DE INVERSIÓN COLECTIVA ABIERTO SIN PACTO DE PERMANENCIA GLOBAL BALANCEADO,62,FIC DE TIPO GENERAL,2018-01-01T00:00:00.000,2018-12-31T00:00:00.000,365,2018
73591,FCP - VALOR FORESTAL - CAUCHO 10 (EN LIQUIDACIÓN),38,FONDOS DE CAPITAL PRIVADO,2018-01-01T00:00:00.000,2018-12-31T00:00:00.000,365,2018
76762,ADCAP FONDO CORPORATIVO,9,FIC DE MERCADO MONETARIO,2018-04-11T00:00:00.000,2018-10-09T00:00:00.000,182,2018
58980,FONDO DE INVERSION COLECTIVA CERRADO DENOMINADO FACTORING,62,FIC DE TIPO GENERAL,2019-01-01T00:00:00.000,2019-12-31T00:00:00.000,365,2019
50406,FONDO DE CAPITAL PRIVADO TRIBECA TERMINAL DE CARGA EL DORADO,16,FONDOS DE CAPITAL PRIVADO,2019-01-01T00:00:00.000,2019-02-15T00:00:00.000,46,2019
59355,FONDO DE INVERSION COLECTIVA CERRADO RENTA CRÉDITO,68,FIC DE TIPO GENERAL,2019-01-01T00:00:00.000,2019-12-31T00:00:00.000,365,2019
66289,FCP SURA ASSET MANAGEMENT ? DESARROLLO INMOBILIARIO COMPARTIMENTO GENERAL,16,FONDOS DE CAPITAL PRIVADO,2019-01-01T00:00:00.000,2019-12-31T00:00:00.000,365,2019
73446,FONDO DE INVERSION COLECTIVA ULTRASERFINCO SECTORIAL ENERGIA Y PETROLEO,62,FIC DE TIPO GENERAL,2019-01-01T00:00:00.000,2019-12-31T00:00:00.000,730,2019
46197,NEXUS INMOBILIARIO - COMPARTIMENTO TORRE ALIANZA,21,FONDOS DE CAPITAL PRIVADO,2019-01-01T00:00:00.000,2019-12-31T00:00:00.000,365,2019
83516,FONDO DE INVERSION COLECTIVA INMOBILIARIA PLENTIA RENTAS,97,FIC INMOBILIARIAS,2019-03-09T00:00:00.000,2019-12-31T00:00:00.000,298,2019
78888,FONDO DE INVERSIÓN COLECTIVA DIVERSIFICADO INTERNACIONAL,26,FIC DE TIPO GENERAL,2019-01-01T00:00:00.000,2019-12-31T00:00:00.000,365,2019
10936,FONDO ABIERTO ALIANZA,16,FIC DE TIPO GENERAL,2019-01-01T00:00:00.000,2019-12-31T00:00:00.000,4580,2019
58452,"FONDO DE INVERSION COLECTIVA ""SERFINCO AIC GRUPO ARGOS""",62,FIC DE TIPO GENERAL,2019-01-01T00:00:00.000,2019-12-31T00:00:00.000,365,2019
60174,FIC CERRADO MIDAS ALTERNATIVO,10,FIC DE TIPO GENERAL,2019-01-01T00:00:00.000,2019-12-31T00:00:00.000,365,2019
58958,FONDO DE CAPITAL PRIVADO INVERSOR COMPARTIMENTO B,26,FONDOS DE CAPITAL PRIVADO,2019-01-01T00:00:00.000,2019-12-31T00:00:00.000,365,2019
54582,COMPARTIMENTO 6 DEL FONDO DE CO-INVERSIÓN CON EL FONDO DE INFRAESTRUCTURA ASHMORE I FCP,16,FONDOS DE CAPITAL PRIVADO,2019-01-01T00:00:00.000,2019-12-31T00:00:00.000,365,2019
79263,FIC RENTA AGRARIA 1525,39,FIC DE TIPO GENERAL,2019-01-01T00:00:00.000,2019-09-30T00:00:00.000,273,2019
76413,F.I.C. ABIERTA CON PACTO DE PERMANENCIA SOSTENIBLE GLOBAL,20,FIC DE TIPO GENERAL,2019-01-01T00:00:00.000,2019-12-31T00:00:00.000,365,2019
85018,CREDICORP CAPITAL ESTRUCTURADO IX,28,FIC DE TIPO GENERAL,2019-04-10T00:00:00.000,2019-12-31T00:00:00.000,266,2019
51953,FONDO DE INVERSIÓN COLECTIVA SKANDIA EFECTIVO,7,FIC DE TIPO GENERAL,2019-01-01T00:00:00.000,2019-12-31T00:00:00.000,2190,2019
10440,FONDO DE INVERSION ABIERTO CASH,34,FIC DE TIPO GENERAL,2019-01-01T00:00:00.000,2019-12-31T00:00:00.000,365,2019
71259,FONDO DE INVERSIÓN COLECTIVA ABIERTO CON PACTO DE PERMANENCIA BTG PACTUAL RENTA FIJA INTERNACIONAL,14,FIC DE TIPO GENERAL,2019-01-01T00:00:00.000,2019-12-31T00:00:00.000,1649,2019
9641,F.I.C. CON PACTO DE PERMANENCIA MULTIPLICAR,20,FIC DE TIPO GENERAL,2019-01-01T00:00:00.000,2019-12-31T00:00:00.000,365,2019
80428,ACCIVAL RENTA FIJA 180,3,FIC DE TIPO GENERAL,2019-01-01T00:00:00.000,2019-12-31T00:00:00.000,365,2019
11207,FONDO AUREOS COLOMBIA,40,FONDOS DE CAPITAL PRIVADO,2019-01-01T00:00:00.000,2019-12-31T00:00:00.000,365,2019
61384,"MAS EQUITY FUND III COLOMBIA, FCP",9,FONDOS DE CAPITAL PRIVADO,2019-01-01T00:00:00.000,2019-12-31T00:00:00.000,365,2019
53965,FIC CORPORATIVO II,58,FIC DE TIPO GENERAL,2019-01-01T00:00:00.000,2019-12-31T00:00:00.000,365,2019
73587,FCP - VALOR FORESTAL - CAUCHO 06(EN LIQUIDACIÓN),38,FONDOS DE CAPITAL PRIVADO,2019-01-01T00:00:00.000,2019-12-31T00:00:00.000,365,2019
66648,FONDO INMOBILIARIO FIDUPAÍS FIC CERRADO NO. 1 EN DERECHOS FIDUCIARIOS SOBRE INMUEBLES,68,FIC INMOBILIARIAS,2019-01-01T00:00:00.000,2019-12-31T00:00:00.000,365,2019
53966,FIC CORPORATIVO III,58,FIC DE TIPO GENERAL,2019-01-01T00:00:00.000,2019-01-28T00:00:00.000,28,2019
87265,FONDO DE CAPITAL PRIVADO INMOBILIARIO POR COMPARTIMENTOS AZUR COMPARTIMENTO CHIZO,97,FONDOS DE CAPITAL PRIVADO,2019-08-05T00:00:00.000,2019-12-31T00:00:00.000,149,2019
58699,FONDO DE INVERSIÓN COLECTIVA ABIERTO CON PACTO DE PERMANENCIA BTG PACTUAL ACCIONES COLOMBIA,14,FIC DE TIPO GENERAL,2019-01-01T00:00:00.000,2019-12-31T00:00:00.000,2057,2019
9448,FONDO DE INVERSIÓN COLECTIVA ABIERTO SIN PACTO DE PERMANENCIA AVANZA RENTA FIJA,21,FIC DE TIPO GENERAL,2019-01-01T00:00:00.000,2019-12-31T00:00:00.000,365,2019
9792,FONDO DE INVERSION COLECTIVA DAVIPLUS RENTA FIJA PESOS,42,FIC DE TIPO GENERAL,2019-01-01T00:00:00.000,2019-12-31T00:00:00.000,365,2019
58695,FONDO DE INVERSION COLECTIVA ACCIVAL VISTA,3,FIC DE TIPO GENERAL,2019-01-01T00:00:00.000,2019-12-31T00:00:00.000,365,2019
67539,FONDO DE CAPITAL PRIVADO PACTIA INMOBILIARIO,31,FONDOS DE CAPITAL PRIVADO,2019-01-01T00:00:00.000,2019-12-31T00:00:00.000,365,2019
67470,FONDO DE INVERSION COLECTIVA INMOBILIARIA VALORALTA INMOBILIARIO,10,FIC INMOBILIARIAS,2019-01-01T00:00:00.000,2019-03-08T00:00:00.000,67,2019
60619,OLD MUTUAL FONDO DE INVERSIÓN COLECTIVA LIQUIDEZ,93,FIC DE TIPO GENERAL,2019-01-01T00:00:00.000,2019-08-13T00:00:00.000,225,2019
89435,FONDO DE CAPITAL PRIVADO INMOBILIARIO YELLOWSTONE REAL ESTATE OPPORTUNITY FUND II,16,FONDOS DE CAPITAL PRIVADO,2019-12-02T00:00:00.000,2019-12-31T00:00:00.000,270,2019
43502,FONDO BURSÁTIL GLOBAL X COLOMBIA SELECT DE S&P,22,FIC BURSATILES,2019-01-01T00:00:00.000,2019-12-31T00:00:00.000,365,2019
59422,FONVAL DERECHOS ECONOMICOS 2020 EN LIQUIDACIÓN,28,FIC DE TIPO GENERAL,2019-01-01T00:00:00.000,2019-12-31T00:00:00.000,365,2019
72904,FONDO DE CAPITAL PRIVADO PALADIN REALTY COLOMBIA COMPARTIMENTO A,26,FONDOS DE CAPITAL PRIVADO,2019-01-01T00:00:00.000,2019-12-31T00:00:00.000,365,2019
81087,FCP NEXUS COMP INMUEBLES BANCO POPULAR,21,FONDOS DE CAPITAL PRIVADO,2019-01-01T00:00:00.000,2019-12-31T00:00:00.000,365,2019
59356,FONDO DE INVERSION COLECTIVA CERRADO GLOBAL SECURITIES CREDIT OPPORTUNITIES FUND TITULOS VALORES,68,FIC DE TIPO GENERAL,2019-01-01T00:00:00.000,2019-12-31T00:00:00.000,365,2019
59505,CARTERA COLECTIVA ESCALONADA INTERBOLSA FACTORING,68,FIC DE TIPO GENERAL,2019-01-01T00:00:00.000,2019-12-31T00:00:00.000,365,2019
58437,"FONDO DE INVERSION COLECTIVA ""SERFINCO AIC ECOPETROL""",62,FIC DE TIPO GENERAL,2019-01-01T00:00:00.000,2019-12-31T00:00:00.000,365,2019
87268,FONDO DE CAPITAL PRIVADO BTG PACTUAL ACTIVOS ALTERNATIVOS COMPARTIMENTO ACTIVOS CREDITICIOS I,14,FONDOS DE CAPITAL PRIVADO,2019-08-06T00:00:00.000,2019-12-31T00:00:00.000,148,2019
85000,FONDO DE CAPITAL PRIVADO BTG PACTUAL ACTIVOS ALTERNATIVOS COMPARTIMENTO SMPI,14,FONDOS DE CAPITAL PRIVADO,2019-04-08T00:00:00.000,2019-12-31T00:00:00.000,268,2019
53967,FIC COLECTIVO II,58,FIC DE TIPO GENERAL,2019-01-01T00:00:00.000,2019-12-31T00:00:00.000,365,2019
81965,FONDO DE CAPITAL PRIVADO BTG PACTUAL TAURUS CAPITAL COMPARTIMENTO I,14,FONDOS DE CAPITAL PRIVADO,2019-01-01T00:00:00.000,2019-12-31T00:00:00.000,365,2019
62633,FIDUCOLDEX CAPITAL INTELIGENTE FONDO DE INVERSION COLECTIVA,40,FIC DE TIPO GENERAL,2019-01-01T00:00:00.000,2019-12-31T00:00:00.000,730,2019
58916,FONVAL ACCIONES RECURSOS NATURALES,28,FIC DE TIPO GENERAL,2019-01-01T00:00:00.000,2019-07-11T00:00:00.000,192,2019
11714,FONDO ABIERTO FIDUCIARIA CENTRAL,38,FIC DE TIPO GENERAL,2019-01-01T00:00:00.000,2019-12-31T00:00:00.000,2369,2019
48153,FONDO DE INVERSION COLECTIVA ABIERTO ITAU CORTO PLAZO,23,FIC DE TIPO GENERAL,2019-01-01T00:00:00.000,2019-12-31T00:00:00.000,1786,2019
83314,CREDICORP CAPITAL DERECHOS ECONOMICOS 2026,28,FIC DE TIPO GENERAL,2019-03-12T00:00:00.000,2019-12-31T00:00:00.000,295,2019
80265,FONDO DE INVERSIÓN COLECTIVA ABIERTO CON PACTO DE PERMANENCIA VALOR ESTRATEGICO ? FONDO CON PARTICI,12,FIC DE TIPO GENERAL,2019-01-01T00:00:00.000,2019-12-31T00:00:00.000,365,2019
76410,F.I.C. ESTRATEGIA MODERADA,20,FIC DE TIPO GENERAL,2019-01-01T00:00:00.000,2019-12-31T00:00:00.000,365,2019
76412,F.I.C. DEUDA CORPORATIVA,20,FIC DE TIPO GENERAL,2019-01-01T00:00:00.000,2019-12-31T00:00:00.000,365,2019
81411,FCP NUEVOMUNDO COMPARTIMENTO 1,21,FONDOS DE CAPITAL PRIVADO,2019-01-01T00:00:00.000,2019-12-31T00:00:00.000,365,2019
58684,FONDO DE INVERSIÓN COLECTIVA ABIERTO BTG PACTUAL DEUDA PÚBLICA,14,FIC DE TIPO GENERAL,2019-01-01T00:00:00.000,2019-03-28T00:00:00.000,254,2019
73588,FCP VALOR FORESTAL CAUCHO 7 (EN LIQUIDACIÓN),38,FONDOS DE CAPITAL PRIVADO,2019-01-01T00:00:00.000,2019-12-31T00:00:00.000,365,2019
50277,FONDO DE CAPITAL PRIVADO RUTA DEL SOL COMPARTIMENTO A2,16,FONDOS DE CAPITAL PRIVADO,2019-01-01T00:00:00.000,2019-12-31T00:00:00.000,365,2019
66509,"FONDO DE INVERSION COLECTIVA CERRADO INMOBILIARIO ""PROGRESION RENTAR 2015""",11,FIC INMOBILIARIAS,2019-01-01T00:00:00.000,2019-12-31T00:00:00.000,365,2019
34163,FONDO CERRADO INMOBILIARIO ALIANZA,16,FIC INMOBILIARIAS,2019-01-01T00:00:00.000,2019-12-31T00:00:00.000,365,2019
60349,FONDO DE INVERSIÓN COLECTIVA ABIERTO CON PACTO DE PERMANENCIA ULTRAINVERSIÓN,62,FIC DE TIPO GENERAL,2019-01-01T00:00:00.000,2019-12-31T00:00:00.000,365,2019
67405,FONDO ABIERTO CON PACTO DE PERMANENCIA ALIANZA RENTA FIJA GLOBAL.,16,FIC DE TIPO GENERAL,2019-01-01T00:00:00.000,2019-12-31T00:00:00.000,1943,2019
50280,FONDO DE CAPITAL PRIVADO RUTA DEL SOL COMPARTIMENTO B2,16,FONDOS DE CAPITAL PRIVADO,2019-01-01T00:00:00.000,2019-12-31T00:00:00.000,365,2019
59954,INMOVAL DESARROLLOS - EN LIQUIDACION,28,FIC INMOBILIARIAS,2019-01-01T00:00:00.000,2019-12-31T00:00:00.000,365,2019
25743,FONDO CERRADO MAS COLOMBIA OPPORTUNITY,16,FIC DE TIPO GENERAL,2019-01-01T00:00:00.000,2019-12-31T00:00:00.000,365,2019
65869,FONDO DE CAPITAL PRIVADO YELLOWSTONE CAPITAL FUND I- COMPARTIMENTO AI,16,FONDOS DE CAPITAL PRIVADO,2019-01-01T00:00:00.000,2019-12-31T00:00:00.000,365,2019
11403,CARTERA COLECTIVA ABIERTA CON PACTO DE PERMANENCIA EFECTIVO A PLAZOS - CARTERA CON COMPARTIMENTOS,12,FIC DE TIPO GENERAL,2019-01-01T00:00:00.000,2019-12-31T00:00:00.000,1825,2019
66652,FONDO DE CAPITAL TERRANUM COMPARTIMENTO,16,FONDOS DE CAPITAL PRIVADO,2019-01-01T00:00:00.000,2019-12-31T00:00:00.000,365,2019
59002,FONDO DE CAPITAL PRIVADO ALTRA FCP II,26,FONDOS DE CAPITAL PRIVADO,2019-01-01T00:00:00.000,2019-12-31T00:00:00.000,365,2019
58438,"FONDO DE INVERSION COLECTIVA ""SERFINCO ACCIONES""",62,FIC DE TIPO GENERAL,2019-01-01T00:00:00.000,2019-12-31T00:00:00.000,365,2019
51220,COMPARTIMENTO DIVERSIFICADO DE DESARROLLOS INMOBILIARIOS,21,FONDOS DE CAPITAL PRIVADO,2019-01-01T00:00:00.000,2019-12-31T00:00:00.000,365,2019
63109,FONDO DE INVERSION COLECTIVA ABIERTO PROGRESION LIQUIDEZ,11,FIC DE TIPO GENERAL,2019-01-01T00:00:00.000,2019-12-31T00:00:00.000,365,2019
73493,FONDO DE CAPITAL PRIVADO YELLOWSTONE CAPITAL FUND I -COMPARTIMENTO PROSCENIO AII,16,FONDOS DE CAPITAL PRIVADO,2019-01-01T00:00:00.000,2019-12-31T00:00:00.000,365,2019
60599,FONDO DE CAPITAL PRIVADO BTG PACUAL CACAO SUBCOMP Z ECOCACAO - COMP I - FCP BTG PACTUAL FCP CACAO,14,FONDOS DE CAPITAL PRIVADO,2019-01-01T00:00:00.000,2019-12-31T00:00:00.000,365,2019
42259,COMPARTIMENTO II DEL FONDO DE CAPITAL PRIVADO FINTRA,20,FONDOS DE CAPITAL PRIVADO,2019-01-01T00:00:00.000,2019-12-31T00:00:00.000,365,2019
90025,FONDO DE CAPITAL PRIVADO SUMATORIA DEUDA GLOBAL,26,FONDOS DE CAPITAL PRIVADO,2019-12-11T00:00:00.000,2019-12-31T00:00:00.000,21,2019
58564,FONDO DE INVERSIÓN COLECTIVA ABIERTO BTG PACTUAL LIQUIDEZ,14,FIC DE MERCADO MONETARIO,2019-01-01T00:00:00.000,2019-12-31T00:00:00.000,2190,2019
51325,FONDO NAZCA INVESTMENT,21,FONDOS DE CAPITAL PRIVADO,2019-01-01T00:00:00.000,2019-12-31T00:00:00.000,365,2019
60567,FONDO DE CAPITAL PRIVADO BTG PACUAL CACAO SUBCOMP A - COMP I - FCP BTG PACTUAL FCP CACAO,14,FONDOS DE CAPITAL PRIVADO,2019-01-01T00:00:00.000,2019-12-31T00:00:00.000,365,2019
75674,FONDO DE INVERSIÓN COLECTIVA RENTA ESTABLE DE LA FAMILIA DE FONDOS DE FIDUAGRARIA S.A,39,FIC DE TIPO GENERAL,2019-01-01T00:00:00.000,2019-09-30T00:00:00.000,273,2019
54573,FONDO DE INVERSIÓN COLECTIVA ABIERTO SIN PACTO DE PERMANENCIA ARCO IRIS CONSERVADOR,33,FIC DE TIPO GENERAL,2019-01-01T00:00:00.000,2019-12-31T00:00:00.000,365,2019
76873,FONDO DE CAPITAL PRIVADO PROGRESION PROFUTBOL,11,FONDOS DE CAPITAL PRIVADO,2019-01-01T00:00:00.000,2019-12-31T00:00:00.000,365,2019
50413,FONDO DE CAPITAL PRIVADO TRIBECA FUND I FCP,16,FONDOS DE CAPITAL PRIVADO,2019-01-01T00:00:00.000,2019-12-31T00:00:00.000,365,2019
60200,FONDO DE INVERSIÓN COLECTIVA CERRADO BTG PACTUAL CREDIVALORES I,14,FIC DE TIPO GENERAL,2019-01-01T00:00:00.000,2019-12-31T00:00:00.000,730,2019
22969,FONDO DE INVERSION COLECTIVA ABIERTO SUMAR,22,FIC DE TIPO GENERAL,2019-01-01T00:00:00.000,2019-12-31T00:00:00.000,4015,2019
88799,FONDO DE INVERSION COLECTIVA ABIERTO SIN PACTO DE PERMANECIA DENOMINADO DOLAR EFECTIVO II,62,FIC DE TIPO GENERAL,2019-10-18T00:00:00.000,2019-12-31T00:00:00.000,75,2019
59354,FONDO DE INVERSION COLECTIVA CERRADO GLOBAL SECURITIES CREDIT OPPORTUNITIES FUND FACTURAS,68,FIC DE TIPO GENERAL,2019-01-01T00:00:00.000,2019-12-31T00:00:00.000,365,2019
76770,FONVAL RENTA FIJA ALTO RENDIMIENTO,28,FIC DE TIPO GENERAL,2019-01-01T00:00:00.000,2019-12-31T00:00:00.000,365,2019
90195,FONDO ABIERTO 1525 FC2 FIDUCENTRAL,38,FIC DE TIPO GENERAL,2019-12-17T00:00:00.000,2019-12-31T00:00:00.000,50,2019
59252,FONDO DE CAPITAL PRIVADO FONDO ESCALA CAPITAL EN LIQUIDACIÓN,22,FONDOS DE CAPITAL PRIVADO,2019-01-01T00:00:00.000,2019-12-31T00:00:00.000,730,2019
58957,FONDO DE CAPITAL PRIVADO INVERSOR COMPARTIMENTO A,26,FONDOS DE CAPITAL PRIVADO,2019-01-01T00:00:00.000,2019-12-31T00:00:00.000,365,2019
86121,FONDO DE CAPITAL PRIVADO AQUA COMPARTIMENTO CUATRO AQUA IV,63,FONDOS DE CAPITAL PRIVADO,2019-06-07T00:00:00.000,2019-12-31T00:00:00.000,208,2019
8686,FONDO DE INVERSIÓN COLECTIVA ABIERTO CON PACTO DE PERMANENCIA Y  PARTICIPACIONES DIFERENCIALES BBVA,3,FIC DE TIPO GENERAL,2019-01-01T00:00:00.000,2019-12-31T00:00:00.000,365,2019
74052,OLD MUTUAL  FONDO DE INVERSIÓN COLECTIVA NACIÓN DEL MERCADO MONETARIO,7,FIC DE TIPO GENERAL,2019-01-01T00:00:00.000,2019-01-21T00:00:00.000,63,2019
58921,CREDICORP CAPITAL RENTA FIJA GLOBAL,28,FIC DE TIPO GENERAL,2019-01-01T00:00:00.000,2019-12-31T00:00:00.000,365,2019
74491,FONDO DE CAPITAL PRIVADO POR COMPARTIMENTOS RAIZ - COMPARTIMENTO I,97,FONDOS DE CAPITAL PRIVADO,2019-01-01T00:00:00.000,2019-12-31T00:00:00.000,365,2019
8734,FONDO DE INVERSIÓN COLECTIVA ABIERTO BBVA EFECTIVO CON PARTICIPACIONES DIFERENCIALES,3,FIC DE TIPO GENERAL,2019-01-01T00:00:00.000,2019-12-31T00:00:00.000,3285,2019
50398,FONDO DE CAPITAL PRIVADO INVERLINK ESTRUCTURAS INMOBILIARIAS- COMPARTIMENTO PARALELO 26,16,FONDOS DE CAPITAL PRIVADO,2019-01-01T00:00:00.000,2019-06-26T00:00:00.000,177,2019
77779,FCP POR COMP. FINANCIACION ESTRUCTURADA,20,FONDOS DE CAPITAL PRIVADO,2019-01-01T00:00:00.000,2019-03-10T00:00:00.000,69,2019
17653,FONDO DE INVERSION COLECTIVA ABIERTO 1525,25,FIC DE MERCADO MONETARIO,2019-01-01T00:00:00.000,2019-12-31T00:00:00.000,365,2019
58946,FONDO DE CAPITAL PRIVADO ENERGETICO - COMPARTIMENTO A,26,FONDOS DE CAPITAL PRIVADO,2019-01-01T00:00:00.000,2019-12-31T00:00:00.000,365,2019
68940,FONDO DE CAPITAL PRIVADOFONDO DE CAPITAL PRIVADO INVERSIONES GANADERAS COMPARTIMENTO 33,21,FONDOS DE CAPITAL PRIVADO,2019-01-01T00:00:00.000,2019-12-31T00:00:00.000,365,2019
29497,FONDO DE INVERSIÓN COLECTIVA ABIERTO CON PACTO DE PERMANENCIA CUBRIR BALANCEADO INTERNACIONAL,22,FIC DE TIPO GENERAL,2019-01-01T00:00:00.000,2019-12-31T00:00:00.000,730,2019
54077,FONDO DE INVERSIÓN COLECTIVA ABIERTO CON PACTO DE PERMANENCIA ES+,22,FIC DE TIPO GENERAL,2019-01-01T00:00:00.000,2019-12-31T00:00:00.000,1095,2019
85384,FONDO DE INVERSION COLECTIVA ABIERTO ITAU ACCIONES COLOMBIA,23,FIC DE TIPO GENERAL,2019-04-29T00:00:00.000,2019-12-31T00:00:00.000,247,2019
10779,RENTAFACIL FONDO DE INVERSION COLECTIVA ABIERTO,6,FIC DE TIPO GENERAL,2019-01-01T00:00:00.000,2019-12-31T00:00:00.000,2555,2019
58897,CREDICORP CAPITAL RENTA FIJA COLOMBIA,28,FIC DE TIPO GENERAL,2019-01-01T00:00:00.000,2019-12-31T00:00:00.000,365,2019
76275,FONDO DE INVERSIÓN COLECTIVA ABIERTO CON PACTO DE PERMANENCIA RENTAR CAPITAL,18,FIC DE TIPO GENERAL,2019-01-01T00:00:00.000,2019-12-31T00:00:00.000,365,2019
60606,FONDO DE CAPITAL PRIVADO BTG PACUAL CACAO SUBCOMP Z NECOCLI - COMP I - FCP BTG PACTUAL FCP CACAO,14,FONDOS DE CAPITAL PRIVADO,2019-01-01T00:00:00.000,2019-12-31T00:00:00.000,365,2019
80574,FONDO DE CAPITAL PRIVADO ELIMARC CAPITAL - COMPARTIMENTO SAN PABLO,59,FONDOS DE CAPITAL PRIVADO,2019-01-01T00:00:00.000,2019-12-31T00:00:00.000,365,2019
36570,FONDO ABIERTO 1525 FIDUCENTRAL,38,FIC DE TIPO GENERAL,2019-01-01T00:00:00.000,2019-12-31T00:00:00.000,2266,2019
77698,FONDO DE CAPITAL PRIVADO INMOBILIARIO POR COMPARTIMENTOS AZUR - COMPARTIMENTO DORADO PLAZA,97,FONDOS DE CAPITAL PRIVADO,2019-01-01T00:00:00.000,2019-12-31T00:00:00.000,365,2019
3895,FONDO DE INVERSIÓN COLECTIVA ABIERTA SIN PACTO DE PERMANENCIA FIDUEXCEDENTES,31,FIC DE TIPO GENERAL,2019-01-01T00:00:00.000,2019-12-31T00:00:00.000,365,2019
59144,FONDO DE CAPITAL PRIVADO TEKA COLOMBIA I COMPARTIMENTO LP,26,FONDOS DE CAPITAL PRIVADO,2019-01-01T00:00:00.000,2019-12-31T00:00:00.000,365,2019
51615,COMPARTIMENTO A FCP AVENIDA COLOMBIA PEF,20,FONDOS DE CAPITAL PRIVADO,2019-01-01T00:00:00.000,2019-12-31T00:00:00.000,365,2019
60103,FONDO DE INVERSION COLECTIVA ABIERTO SIN PACTO DE PERMANENCIA PERFIL MODERADO,62,FIC DE TIPO GENERAL,2019-01-01T00:00:00.000,2019-12-31T00:00:00.000,365,2019
14173,FONDO DE CAPITAL PRIVADO NEXUS INFRAESTRUCTURA I FCP EN LIQUIDACION,31,FONDOS DE CAPITAL PRIVADO,2019-01-01T00:00:00.000,2019-12-31T00:00:00.000,730,2019
28403,FONDO DE CAPITAL PRIVADO OXO - PROPIEDADES SOSTENIBLES COMPARTIMENTO I. CARTAGENA. OXO - PROPIEDADE,16,FONDOS DE CAPITAL PRIVADO,2019-01-01T00:00:00.000,2019-12-31T00:00:00.000,365,2019
87342,FONDO DE INVERSIÓN COLECTIVA ABIERTO BBVA DIGITAL CON PARTICIPACIONES DIFERENCIALES,3,FIC DE TIPO GENERAL,2019-08-12T00:00:00.000,2019-12-31T00:00:00.000,142,2019
69536,FONDO DE INVERSION COLECTIVA ABIERTO CONFIRENTA,39,FIC DE TIPO GENERAL,2019-01-01T00:00:00.000,2019-12-31T00:00:00.000,1598,2019
51968,FONDO DE INVERSIÓN COLECTIVA INMOBILIARIO CERRADO SKANDIA COMPRAR PARA ARRENDAR-I,7,FIC INMOBILIARIAS,2019-01-01T00:00:00.000,2019-12-31T00:00:00.000,730,2019
11627,FONDO DE INVERSION COLECTIVA ABIERTO RENDIR,25,FIC DE TIPO GENERAL,2019-01-01T00:00:00.000,2019-12-31T00:00:00.000,365,2019
10824,FONDO ABIERTO CON PACTO DE PERMANENCIA CXC,16,FIC DE TIPO GENERAL,2019-01-01T00:00:00.000,2019-12-31T00:00:00.000,2190,2019
73579,FCP - VALOR FORESTAL - CAUCHO 01 (EN LIQUIDACIÓN),38,FONDOS DE CAPITAL PRIVADO,2019-01-01T00:00:00.000,2019-12-31T00:00:00.000,365,2019
64228,FONDO DE CAPITAL PRIVADO COMPARTIMENTO SANTANDER I,97,FONDOS DE CAPITAL PRIVADO,2019-01-01T00:00:00.000,2019-12-31T00:00:00.000,365,2019
11407,CARTERA COLECTIVA ABIERTA DE ALTA LIQUIDEZ,12,FIC DE TIPO GENERAL,2019-01-01T00:00:00.000,2019-12-31T00:00:00.000,1095,2019
29496,FONDO DE INVERSIÓN COLECTIVA ABIERTO CON PACTO DE PERMANENCIA FIDUACCIÓN,22,FIC DE TIPO GENERAL,2019-01-01T00:00:00.000,2019-12-31T00:00:00.000,365,2019
59143,FONDO DE CAPITAL PRIVADO TEKA COLOMBIA I COMPARTIMENTO GP,26,FONDOS DE CAPITAL PRIVADO,2019-01-01T00:00:00.000,2019-12-31T00:00:00.000,365,2019
59741,FONDO DE INVERSION COLECTIVA ABIERTO RENTA FIJA PLUS,22,FIC DE TIPO GENERAL,2019-01-01T00:00:00.000,2019-12-31T00:00:00.000,365,2019
51218,COMPARTIMENTO INMOBILIARIO TRIPLE A,21,FONDOS DE CAPITAL PRIVADO,2019-01-01T00:00:00.000,2019-12-31T00:00:00.000,365,2019
76989,FONDO DE INVERSION COLECTIVA ABIERTO CON PACTO DE PERMANENCIA AVANZAR 30 DIAS,62,FIC DE TIPO GENERAL,2019-01-01T00:00:00.000,2019-12-31T00:00:00.000,1244,2019
72413,FONDO DE CAPITAL PRIVADO FONDO PLENTIA INVERSIONES,97,FONDOS DE CAPITAL PRIVADO,2019-01-01T00:00:00.000,2019-12-31T00:00:00.000,365,2019
60509,FONDO DE INVERSIÓN COLECTIVA ABIERTO CON PACTO DE PERMANENCIA ADCAP MULTIPLAZOS,9,FIC DE TIPO GENERAL,2019-01-01T00:00:00.000,2019-12-31T00:00:00.000,365,2019
13263,FONDO DE CAPITAL PRIVADO PROGRESA CAPITAL EN LIQUIDACIÓN,31,FONDOS DE CAPITAL PRIVADO,2019-01-01T00:00:00.000,2019-12-31T00:00:00.000,365,2019
69940,FCP DEUDA INFRAESTRUCTURA COLOMBIA,31,FONDOS DE CAPITAL PRIVADO,2019-01-01T00:00:00.000,2019-12-31T00:00:00.000,365,2019
59078,FONDO DE INVERSIÓN COLECTIVA DIVERSIFICADO MODERADO,26,FIC DE TIPO GENERAL,2019-01-01T00:00:00.000,2019-12-31T00:00:00.000,365,2019
80042,FONDO DE CAPITAL NEXUS INMOBILIARIO - COMPARTIMENTO INMUEBLES BANCO DE BOGOTÁ,21,FONDOS DE CAPITAL PRIVADO,2019-01-01T00:00:00.000,2019-12-31T00:00:00.000,365,2019
58439,FONDO DE INVERSION COLECTIVA CERRADO DENOMINADO ESPARTA 180,62,FIC DE TIPO GENERAL,2019-01-01T00:00:00.000,2019-12-31T00:00:00.000,365,2019
70843,FONDO DE INVERSIÓN COLECTIVA ABIERTO CON PACTO DE PERMANENCIA ALTARENTA,22,FIC DE TIPO GENERAL,2019-01-01T00:00:00.000,2019-12-31T00:00:00.000,730,2019
87505,FONDO DE INVERSION COLECTIVA ABIERTO CON PACTO DE PERMANECIA ESPARTA RENTA DISTRIBUTIVA,62,FIC DE TIPO GENERAL,2019-08-21T00:00:00.000,2019-12-31T00:00:00.000,133,2019
83110,FONDO DE CAPITAL PRIVADO CO-INVERSION EQUITY INFRAESTRUCTURA COLOMBIA EN LIQUIDACION,31,FONDOS DE CAPITAL PRIVADO,2019-04-23T00:00:00.000,2019-12-31T00:00:00.000,491,2019
60117,FONDO DE INVERSION COLECTIVA ABIERTO SIN PACTO DE PERMANENCIA PERFIL CONSERVADOR,62,FIC DE TIPO GENERAL,2019-01-01T00:00:00.000,2019-12-31T00:00:00.000,365,2019
73585,FCP - VALOR FORESTAL - CAUCHO 04 (EN LIQUIDACIÓN),38,FONDOS DE CAPITAL PRIVADO,2019-01-01T00:00:00.000,2019-12-31T00:00:00.000,365,2019
81774,FCP NUEVOMUNDO COMPARTIMENTO NUEVOMUNDO-MAYAGÜEZ,21,FONDOS DE CAPITAL PRIVADO,2019-01-01T00:00:00.000,2019-07-30T00:00:00.000,211,2019
58907,FONVAL ACCIONES VALOR,28,FIC DE TIPO GENERAL,2019-01-01T00:00:00.000,2019-10-07T00:00:00.000,280,2019
60230,FONDO DE CAPITAL PRIVADO MEDICAL,11,FONDOS DE CAPITAL PRIVADO,2019-01-01T00:00:00.000,2019-12-31T00:00:00.000,365,2019
53972,FIC PENSIONES V,58,FIC DE TIPO GENERAL,2019-01-01T00:00:00.000,2019-01-28T00:00:00.000,28,2019
64129,FONDO ASHMORE ANDINO II - FCP COMPARTIMENTO B,16,FONDOS DE CAPITAL PRIVADO,2019-01-01T00:00:00.000,2019-12-31T00:00:00.000,365,2019
60925,COMP III MAS COLOMBIA OPPORTUNITY - FCP MAS COLOMBIA LATAM,9,FONDOS DE CAPITAL PRIVADO,2019-01-01T00:00:00.000,2019-12-31T00:00:00.000,365,2019
29133,FONDO DE INVERSIÓN COLECTIVA ABIERTO FIDUCREDICORP VISTA,59,FIC DE TIPO GENERAL,2019-01-01T00:00:00.000,2019-12-31T00:00:00.000,2920,2019
59201,FIC FACTOR FUTURO - EN LIQUIDACIÓN,26,FIC DE TIPO GENERAL,2019-01-01T00:00:00.000,2019-11-25T00:00:00.000,329,2019
54577,FONDO DE INVERSION COLECTIVA ABIERTO CON PACTO DE PERMANENCIA ARCO IRIS DEUDA PRIVADA,33,FIC DE TIPO GENERAL,2019-01-01T00:00:00.000,2019-12-31T00:00:00.000,365,2019
81931,FCP COLOMBIAN INFRASTRUCTURE EQUITY FUND - CIEF,21,FONDOS DE CAPITAL PRIVADO,2019-02-08T00:00:00.000,2019-12-31T00:00:00.000,327,2019
58735,FONDO DE INVERSION COLECTIVA  ABIERTO ACCIVAL ACCIONES DINAMICO,3,FIC DE TIPO GENERAL,2019-01-01T00:00:00.000,2019-12-31T00:00:00.000,365,2019
31508,FONDO DE INVERSION COLECTIVA ABIERTO RENTAR 30,18,FIC DE TIPO GENERAL,2019-01-01T00:00:00.000,2019-12-31T00:00:00.000,365,2019
89854,FONDO DE CAPITAL PRIVADO YELLOWSTONE  FUND I - COMPARTIMENTO BI,16,FONDOS DE CAPITAL PRIVADO,2019-12-16T00:00:00.000,2019-12-31T00:00:00.000,48,2019
61354,FONDO DE CAPITAL PRIVADO POR COMPARTIMENTOS SERFINCO AGRONEGOCIOS- COMPARTIMENTO CACAO AGROFORESTAL,62,FONDOS DE CAPITAL PRIVADO,2019-01-01T00:00:00.000,2019-12-31T00:00:00.000,365,2019
59008,FONDO DE CAPITAL PRIVADO TC LATAM - COMPARTIMENTO A,26,FONDOS DE CAPITAL PRIVADO,2019-01-01T00:00:00.000,2019-12-31T00:00:00.000,365,2019
9438,FONDO DE INVERSIÓN COLECTIVA ABIERTO SIN PACTO DE PERMANENCIA OCCIRENTA,21,FIC DE TIPO GENERAL,2019-01-01T00:00:00.000,2019-12-31T00:00:00.000,1825,2019
50408,FONDO DE CAPITAL PRIVADO TRIBECA HOMECARE FUND I,16,FONDOS DE CAPITAL PRIVADO,2019-01-01T00:00:00.000,2019-11-19T00:00:00.000,323,2019
85659,COMPARTIMENTO SCALE UP FINANCING - AKTIVA FINANCIACIÓN ESTRUCTURADA,20,FONDOS DE CAPITAL PRIVADO,2019-06-19T00:00:00.000,2019-12-31T00:00:00.000,196,2019
42258,COMPARTIMENTO I DEL FONDO DE CAPITAL PRIVADO FINTRA,20,FONDOS DE CAPITAL PRIVADO,2019-01-01T00:00:00.000,2019-12-31T00:00:00.000,365,2019
50287,FONDO DE CAPITAL PRIVADO RUTA DEL SOL COMPARTIMENTO B1,16,FONDOS DE CAPITAL PRIVADO,2019-01-01T00:00:00.000,2019-12-31T00:00:00.000,365,2019
60520,FONDO DE INVERSIÓN COLECTIVA ABIERTO INVERTIR AHORRO PLUS,9,FIC DE TIPO GENERAL,2019-01-01T00:00:00.000,2019-12-31T00:00:00.000,365,2019
60491,FONDO DE INVERSIÓN COLECTIVA ABIERTO CON PACTO DE PERMANENCIA INVERTIR GESTIONADO COLOMBIA,9,FIC DE TIPO GENERAL,2019-01-01T00:00:00.000,2019-12-31T00:00:00.000,365,2019
72906,FONDO DE CAPITAL PRIVADO PALADIN REALTY COLOMBIA COMPARTIMENTO C,26,FONDOS DE CAPITAL PRIVADO,2019-01-01T00:00:00.000,2019-12-31T00:00:00.000,365,2019
73589,FCP VALOR FORESTAL CAUCHO 8 (EN LIQUIDACIÓN),38,FONDOS DE CAPITAL PRIVADO,2019-01-01T00:00:00.000,2019-12-31T00:00:00.000,365,2019
59014,FONDO DE CAPITAL PRIVADO TC LATAM - COMPARTIMENTO D,26,FONDOS DE CAPITAL PRIVADO,2019-01-01T00:00:00.000,2019-12-31T00:00:00.000,365,2019
75122,COMPARTIMENTO A,25,FONDOS DE CAPITAL PRIVADO,2019-01-01T00:00:00.000,2019-12-31T00:00:00.000,365,2019
53962,FONDO DE INVERSION COLECTA ABIERTO CON PACTO DE PERMANENCIA SURA MULTIESTRATEGIA CREDITO COLOMBIA,58,FIC DE TIPO GENERAL,2019-01-01T00:00:00.000,2019-12-31T00:00:00.000,365,2019
50278,FIC COMPARTIMENTO B SECCIÓN I ASHMORE DEL FONDO DE INFRAESTRUCTURA COLOMBIA ASHMORE - FCP,16,FONDOS DE CAPITAL PRIVADO,2019-01-01T00:00:00.000,2019-12-31T00:00:00.000,365,2019
50402,FONDO DE CAPITAL PRIVADO FUTURO INMOBILIARIO - COMPARTIMENTO UNO,16,FONDOS DE CAPITAL PRIVADO,2019-01-01T00:00:00.000,2019-12-31T00:00:00.000,365,2019
72709,FONDO DE INVERSIÓN COLECTIVA ULTRASERFINCO SECTORIAL HOLDING,62,FIC DE TIPO GENERAL,2019-01-01T00:00:00.000,2019-12-31T00:00:00.000,730,2019
50403,FONDO DE CAPITAL PRIVADO FUTURO INMOBILIARIO - COMPARTIMENTO UNO PARTICIPACIÓN B,16,FONDOS DE CAPITAL PRIVADO,2019-01-01T00:00:00.000,2019-12-31T00:00:00.000,365,2019
66532,COMPARTIMENTO INMUEBLES I,21,FONDOS DE CAPITAL PRIVADO,2019-01-01T00:00:00.000,2019-12-31T00:00:00.000,365,2019
32436,FONDO DE CAPITAL PRIVADO AMERIGO VENTURES PACIFICO,31,FONDOS DE CAPITAL PRIVADO,2019-01-01T00:00:00.000,2019-12-31T00:00:00.000,365,2019
86744,FIC ABIERTO CON PACTO DE PERMANENCIA AVANZAR SOLIDARIO,62,FIC DE TIPO GENERAL,2019-07-10T00:00:00.000,2019-12-31T00:00:00.000,857,2019
59336,FONDO DE INVERSION COLECTIVA ABIERTO CON PACTO DE PERMANENCIA GLOBAL SECURITIES ACCIONES,68,FIC DE TIPO GENERAL,2019-01-01T00:00:00.000,2019-12-31T00:00:00.000,365,2019
13534,CARTERA COLECTIVA FONDO DE INVERSION FORESTAL COLOMBIA,39,FONDOS DE CAPITAL PRIVADO,2019-01-01T00:00:00.000,2019-12-31T00:00:00.000,365,2019
63732,FONDO DE INVERSIÓN COLECTIVA CERRADO BTG PACTUAL OBLIGACIONES DIVERSIFICADO II,14,FIC DE TIPO GENERAL,2019-01-01T00:00:00.000,2019-12-31T00:00:00.000,730,2019
80665,FONDO DE CAPITAL PRIVADO INMOBILIARIO POR COMPARTIMIENTOS AZUR - COMPARTIMIENTO NUEVA VISTA,97,FONDOS DE CAPITAL PRIVADO,2019-01-01T00:00:00.000,2019-12-31T00:00:00.000,365,2019
75716,FONDO DE CAPITAL PRIVADO ARMILLA CAPITAL - COMPARTIMENTO INMOBILIARIO COMERCIAL,16,FONDOS DE CAPITAL PRIVADO,2019-01-01T00:00:00.000,2019-12-31T00:00:00.000,365,2019
21080,"F.C.P. KANDEO FUND I (COLOMBIA), FCP (KFIC)",20,FONDOS DE CAPITAL PRIVADO,2019-01-01T00:00:00.000,2019-12-31T00:00:00.000,365,2019
77780,FCP COMP. GROWTH DEBT - AKTIVA FINANCIACION ESTRUCTURADA,20,FONDOS DE CAPITAL PRIVADO,2019-03-11T00:00:00.000,2019-12-31T00:00:00.000,296,2019
9452,FONDO DE INVERSIÓN COLECTIVA ABIERTO CON PACTO DE PERMANENCIA META CRECIMIENTO,21,FIC DE TIPO GENERAL,2019-01-01T00:00:00.000,2019-12-31T00:00:00.000,365,2019
58954,ALTRA - FONDO DE CAPITAL PRIVADO ALTRA FCP 1 EN LIQUIDACION,26,FONDOS DE CAPITAL PRIVADO,2019-01-01T00:00:00.000,2019-12-31T00:00:00.000,365,2019
66857,FONDO DE CAPITAL PRIVADO LA MONTERA COMPARTIMENTO ALEJANDRIA,16,FONDOS DE CAPITAL PRIVADO,2019-01-01T00:00:00.000,2019-12-31T00:00:00.000,365,2019
67673,COMPARTIMENTO C DEL FCP AVENIDA COLOMBIA PEF,20,FONDOS DE CAPITAL PRIVADO,2019-01-01T00:00:00.000,2019-12-31T00:00:00.000,365,2019
71191,COMPARTIMENTO SQF- FCP INVERLINK EST INMOBILIARIAS,16,FONDOS DE CAPITAL PRIVADO,2019-01-01T00:00:00.000,2019-12-31T00:00:00.000,365,2019
59740,FONDO DE INVERSION COLECTIVA ABIERTO RENTA SOSTENIBLE GLOBAL,22,FIC DE TIPO GENERAL,2019-01-01T00:00:00.000,2019-12-31T00:00:00.000,365,2019
50410,FONDO DE CAPITAL PRIVADO TRIBECA NATURAL RESOURCES FUND COMP. A TRIBECA NATURAL RESOURCES,16,FONDOS DE CAPITAL PRIVADO,2019-01-01T00:00:00.000,2019-12-31T00:00:00.000,365,2019
15397,FONDO DE INVERSION COLECTIVA ABIERTO CON PACTO DE PERMANENCIA ITAU LARGO PLAZO,23,FIC DE TIPO GENERAL,2019-01-01T00:00:00.000,2019-12-31T00:00:00.000,365,2019
60923,COMP I MAS COLOMBIA LATAM - FCP MAS LATAM,9,FONDOS DE CAPITAL PRIVADO,2019-01-01T00:00:00.000,2019-12-31T00:00:00.000,365,2019
75155,FONDO DE INVERSIÓN COLECTIVA ESPARTA PLUS,62,FIC DE TIPO GENERAL,2019-01-01T00:00:00.000,2019-12-31T00:00:00.000,365,2019
58877,FONDO DE INVERSION COLECTIVA ABIERTO CON PACTO DE PERMANENCIA BTG PACTUAL RENTA FIJA COLOMBIA,14,FIC DE TIPO GENERAL,2019-01-01T00:00:00.000,2019-12-31T00:00:00.000,1825,2019
88922,F.C.P CATTLEYA  - COMPARTIMENTO 2,20,FONDOS DE CAPITAL PRIVADO,2019-12-02T00:00:00.000,2019-12-31T00:00:00.000,120,2019
73583,FCP - VALOR FORESTAL - CAUCHO 03(EN LIQUIDACIÓN),38,FONDOS DE CAPITAL PRIVADO,2019-01-01T00:00:00.000,2019-12-31T00:00:00.000,365,2019
58927,CREDICORP CAPITAL BALANCEADO III,28,FIC DE TIPO GENERAL,2019-01-01T00:00:00.000,2019-12-31T00:00:00.000,365,2019
59500,CARTERA COLECTIVA ESCALONADA INTERBOLSA CREDIT,68,FIC DE TIPO GENERAL,2019-01-01T00:00:00.000,2019-12-31T00:00:00.000,365,2019
72485,FONDO DE INVERSION COLECTIVA RENTA 4 GLOBAL VISTA,63,FIC DE TIPO GENERAL,2019-01-01T00:00:00.000,2019-12-31T00:00:00.000,1825,2019
90278,FONDO DE INVERSIÓN COLECTIVA INMOBILIARIO SIRENTA,3,FIC INMOBILIARIAS,2019-12-18T00:00:00.000,2019-12-31T00:00:00.000,14,2019
85172,FONDO DE CAPITAL PRIVADO AQUA COMPARTIMENTO TRES AQUA III,63,FONDOS DE CAPITAL PRIVADO,2019-04-16T00:00:00.000,2019-12-31T00:00:00.000,780,2019
73963,FONDO DE INVERSION COLECTIVA ABIERTO CON PACTO DE PERMANENCIA RENTA FIJA DINAMICA,21,FIC DE TIPO GENERAL,2019-01-01T00:00:00.000,2019-12-31T00:00:00.000,365,2019
50261,FONDO DE CAPITAL PRIVADO INVERLINK ESTRUCTURAS INMOBILIARIAS COMPARTIMENTO UNO TIPO DE UNIDAD A,16,FONDOS DE CAPITAL PRIVADO,2019-01-01T00:00:00.000,2019-12-31T00:00:00.000,365,2019
76414,F.I.C. ACCIONES PLUS,20,FIC DE TIPO GENERAL,2019-01-01T00:00:00.000,2019-12-31T00:00:00.000,365,2019
59621,COMPARTIMENTO VACUNAS I,21,FONDOS DE CAPITAL PRIVADO,2019-01-01T00:00:00.000,2019-12-31T00:00:00.000,365,2019
69368,FONDO DE INVERSIÓN COLECTIVA ABIERTO CON PACTO DE PERMANENCIA BBVA AM ESTRATEGIA BALANCEADO GLOBAL,3,FIC DE TIPO GENERAL,2019-01-01T00:00:00.000,2019-12-31T00:00:00.000,365,2019
77640,FCP - VALOR INMOBILIARIO - TERMINALES LOGÍSTICOS DE COLOMBIA - BOGOTA,38,FONDOS DE CAPITAL PRIVADO,2019-01-01T00:00:00.000,2019-12-31T00:00:00.000,732,2019
88154,FONDO DE INVERSION COLECTIVA PARA TODOS,62,FIC DE TIPO GENERAL,2019-09-20T00:00:00.000,2019-12-31T00:00:00.000,100,2019
61583,UNIVERSITAS  FONDO DE INVERSION  COLECTIVA ABIERTO CON  PACTO DE  PERMANENCIA,6,FIC DE TIPO GENERAL,2019-01-01T00:00:00.000,2019-12-31T00:00:00.000,365,2019
60197,FONDO DE INVERSIÓN COLECTIVA CERRADO BTG PACTUAL OBLIGACIONES DIVERSIFICADO I,14,FIC DE TIPO GENERAL,2019-01-01T00:00:00.000,2019-12-31T00:00:00.000,365,2019
59856,FONDO DE CAPITAL PRIVADO  INVERSIONES GANADERAS COMPARTIMENTO 30,21,FONDOS DE CAPITAL PRIVADO,2019-01-01T00:00:00.000,2019-02-08T00:00:00.000,39,2019
59523,FCP EMPRENDIMIENTO E INNOVACION S P - EN LIQUIDACIÓN,28,FONDOS DE CAPITAL PRIVADO,2019-01-01T00:00:00.000,2019-12-31T00:00:00.000,365,2019
65792,FONDO BURSATIL ISHARES MSCI COLOMBIA RISK WEIGHTED,73,FIC BURSATILES,2019-01-01T00:00:00.000,2019-07-31T00:00:00.000,212,2019
59012,FONDO DE CAPITAL PRIVADO TC LATAM - COMPARTIMENTO C,26,FONDOS DE CAPITAL PRIVADO,2019-01-01T00:00:00.000,2019-12-31T00:00:00.000,365,2019
59304,FONDO DE INVERSION COLECTIVA ABIERTO RENTA LIQUIDEZ,22,FIC DE TIPO GENERAL,2019-01-01T00:00:00.000,2019-12-31T00:00:00.000,365,2019
63935,FONDO DE INVERSIÓN COLECTIVA INMOBILIARIO DESARROLLO COLOMBIA I,26,FIC INMOBILIARIAS,2019-01-01T00:00:00.000,2019-12-31T00:00:00.000,365,2019
58451,"FONDO DE INVERSION COLECTIVA ""SERFINCO AIC CORPORACION FINANCIERA DE COLOMBIA""",62,FIC DE TIPO GENERAL,2019-01-01T00:00:00.000,2019-02-19T00:00:00.000,50,2019
81171,FONDO DE INVERSIÓN COLECTIVA CERRADO INMOBILIARIO SKANDIA GRANDES SUPERFICIES,7,FIC DE TIPO GENERAL,2019-01-01T00:00:00.000,2019-09-23T00:00:00.000,266,2019
78886,FONDO DE INVERSIÓN COLECTIVA RENTA FIJA LARGO PLAZO,26,FIC DE TIPO GENERAL,2019-02-01T00:00:00.000,2019-12-31T00:00:00.000,334,2019
73581,FCP VALOR FORESTAL CAUCHO 2 (EN LIQUIDACIÓN),38,FONDOS DE CAPITAL PRIVADO,2019-01-01T00:00:00.000,2019-12-31T00:00:00.000,365,2019
73593,FCP VALOR FORESTAL CACAO 01 (EN LIQUIDACIÓN),38,FONDOS DE CAPITAL PRIVADO,2019-01-01T00:00:00.000,2019-12-31T00:00:00.000,365,2019
58436,FONDO DE INVERSION COLECTIVA ABIERTO CON PACTO DE PERMANECIA ESPARTA 30,62,FIC DE TIPO GENERAL,2019-01-01T00:00:00.000,2019-12-31T00:00:00.000,365,2019
61653,RENDIR FONDO DE INVERSION COLECTIVA ABIERTO,6,FIC DE TIPO GENERAL,2019-01-01T00:00:00.000,2019-12-31T00:00:00.000,365,2019
63301,FONDO DE INVERSION COLECTIVA ABIERTO RENTA ALTA CONVICCION,22,FIC DE TIPO GENERAL,2019-01-01T00:00:00.000,2019-12-31T00:00:00.000,365,2019
66082,FONDO DE INVERSIÓN COLECTIVA INMOBILIARIO DE RENTA DAVIVIENDA CORREDORES,26,FIC INMOBILIARIAS,2019-01-01T00:00:00.000,2019-12-31T00:00:00.000,365,2019
71258,FONDO DE INVERSION COLECTIVA ABIERTO CON PACTO DE PERMANENCIA BTG PACTUAL ACCIONES INTERNACIONALES,14,FIC DE TIPO GENERAL,2019-01-01T00:00:00.000,2019-12-31T00:00:00.000,1414,2019
69305,FONDO DE INVERSIÓN COLECTIVA CERRADO ACCIVAL ESTRUCTURADO,3,FIC DE TIPO GENERAL,2019-01-01T00:00:00.000,2019-12-31T00:00:00.000,365,2019
51959,FONDO DE INVERSIÓN COLECTIVA SKANDIA MULTIPLAZO,7,FIC DE TIPO GENERAL,2019-01-01T00:00:00.000,2019-12-31T00:00:00.000,3023,2019
71323,FCP FUTURO INMOBILIARIO COMPARTIMENTO II - VIVIENDA,16,FONDOS DE CAPITAL PRIVADO,2019-01-01T00:00:00.000,2019-12-31T00:00:00.000,730,2019
59560,CPVAL HIDROCARBUROS,28,FONDOS DE CAPITAL PRIVADO,2019-01-01T00:00:00.000,2019-12-31T00:00:00.000,365,2019
76407,FONDO DE CAPITAL PRIVADO MALLPLAZA - COMPARTIMENTO UNO,26,FONDOS DE CAPITAL PRIVADO,2019-01-01T00:00:00.000,2019-12-31T00:00:00.000,365,2019
60342,FONDO DE INVERSIÓN COLECTIVA ABIERTO SIN PACTO DE PERMANENCIA DOLAR EFECTIVO,62,FIC DE TIPO GENERAL,2019-01-01T00:00:00.000,2019-11-14T00:00:00.000,318,2019
85274,FIC F5,39,FIC DE TIPO GENERAL,2019-04-23T00:00:00.000,2019-09-30T00:00:00.000,161,2019
58134,FONDO DE INVERSION COLECTIVA FONDO GNB ABIERTO,34,FIC DE TIPO GENERAL,2019-01-01T00:00:00.000,2019-12-31T00:00:00.000,365,2019
11427,CARTERA COLECTIVA ABIERTA EFECTIVO A LA VISTA,12,FIC DE TIPO GENERAL,2019-01-01T00:00:00.000,2019-12-31T00:00:00.000,2190,2019
73590,FCP - VALOR FORESTAL - CAUCHO 09 (EN LIQUIDACIÓN),38,FONDOS DE CAPITAL PRIVADO,2019-01-01T00:00:00.000,2019-12-31T00:00:00.000,365,2019
50276,FIC COMPARTIMENTO A SECCIÓN I ASHMORE DEL FONDO DE INFRAESTRUCTURA COLOMBIA ASHMORE - FCP,16,FONDOS DE CAPITAL PRIVADO,2019-01-01T00:00:00.000,2019-12-31T00:00:00.000,365,2019
66363,FCP INVERLINK EST INMOBILIARIAS - COMPARTIMENTO RENTAS INMOBILIARIAS,16,FONDOS DE CAPITAL PRIVADO,2019-01-01T00:00:00.000,2019-12-31T00:00:00.000,365,2019
34630,FONDO DE INFRAESTRUCTURA BROOKFIELD COLOMBIA - SUBCOMPARTIMENTO LP,16,FONDOS DE CAPITAL PRIVADO,2019-01-01T00:00:00.000,2019-12-31T00:00:00.000,365,2019
53968,FIC PENSIONES II,58,FIC DE TIPO GENERAL,2019-01-01T00:00:00.000,2019-12-31T00:00:00.000,365,2019
69537,FONDO DE INVERSION COLECTIVA ABIERTO FIC 600,39,FIC DE TIPO GENERAL,2019-01-01T00:00:00.000,2019-12-31T00:00:00.000,2640,2019
58947,FONDO DE CAPITAL PRIVADO ENERGETICO - COMPARTIMENTO B,26,FONDOS DE CAPITAL PRIVADO,2019-01-01T00:00:00.000,2019-12-31T00:00:00.000,365,2019
73586,FCP - VALOR FORESTAL - CAUCHO 05(EN LIQUIDACIÓN),38,FONDOS DE CAPITAL PRIVADO,2019-01-01T00:00:00.000,2019-12-31T00:00:00.000,365,2019
50411,FONDO DE CAPITAL PRIVADO TRIBECA NATURAL RESOURCES FUND COMP. B TRIBECA NATURAL RESOURCES,16,FONDOS DE CAPITAL PRIVADO,2019-01-01T00:00:00.000,2019-12-31T00:00:00.000,365,2019
81088,FCP NEXUS COMP INMUEBLES ALPOPULAR,21,FONDOS DE CAPITAL PRIVADO,2019-01-01T00:00:00.000,2019-12-31T00:00:00.000,365,2019
27283,FONDO DE INFRAESTRUCTURA BROOKFIELD COLOMBIA - COMPARTIMENTO II,16,FONDOS DE CAPITAL PRIVADO,2019-01-01T00:00:00.000,2019-12-31T00:00:00.000,365,2019
59079,FIC ACCIONES GLOBALES,26,FIC DE TIPO GENERAL,2019-01-01T00:00:00.000,2019-12-31T00:00:00.000,1311,2019
59950,CPVAL TERMICO - EN LIQUIDACIÓN,28,FONDOS DE CAPITAL PRIVADO,2019-01-01T00:00:00.000,2019-12-31T00:00:00.000,365,2019
59582,FCP VALOR INMOBILIARIO POLIGONOS INDUSTRIALES DE COLOMBIA - CARTAGENA (PIC),21,FONDOS DE CAPITAL PRIVADO,2019-01-01T00:00:00.000,2019-12-31T00:00:00.000,365,2019
10026,FONDO DE INVERSION COLECTIVA SUPERIOR,42,FIC DE TIPO GENERAL,2019-01-01T00:00:00.000,2019-12-31T00:00:00.000,2618,2019
2852,FONDO DE INVERSIÓN COLECTIVA ABIERTO FIDUCUENTA,31,FIC DE TIPO GENERAL,2019-01-01T00:00:00.000,2019-12-31T00:00:00.000,365,2019
59345,FONDO DE INVERSION COLECTIVA ABIERTO CON PACTO DE PERMANENCIA CG SMALL CAPS ANDINO,32,FIC DE TIPO GENERAL,2019-01-01T00:00:00.000,2019-05-02T00:00:00.000,122,2019
60275,FONDO DE INVERSION COLECTIVA ABIERTO RENTAVAL,91,FIC DE TIPO GENERAL,2019-01-01T00:00:00.000,2019-12-31T00:00:00.000,365,2019
58247,FONDO DE DEUDA SENIOR PARA INFRAESTRUCTURA EN COLOMBIA CAF ASHMORE I,16,FONDOS DE CAPITAL PRIVADO,2019-01-01T00:00:00.000,2019-12-31T00:00:00.000,365,2019
74094,"FONDO DE CAPITAL PRIVADO INMOBILIARIO POR COMPARTIMENTOS AZUR, COMPARTIMENTO BLOCPORT",97,FONDOS DE CAPITAL PRIVADO,2019-01-01T00:00:00.000,2019-12-31T00:00:00.000,365,2019
3644,FONDO DE INVERSIÓN COLECTIVA ABIERTO RENTA ACCIONES LATAM,31,FIC DE TIPO GENERAL,2019-01-01T00:00:00.000,2019-12-31T00:00:00.000,1095,2019
60106,FONDO DE INVERSION COLECTIVA ABIERTO SIN PACTO DE PERMANENCIA PERFIL CRECIMIENTO,62,FIC DE TIPO GENERAL,2019-01-01T00:00:00.000,2019-12-31T00:00:00.000,365,2019
44227,FONDO DE CAPITAL PRIVADO VELUM EARLY STAGE FUND I,23,FONDOS DE CAPITAL PRIVADO,2019-01-01T00:00:00.000,2019-12-31T00:00:00.000,365,2019
60248,FONDO DE INVERSIÓN COLECTIVA CERRADO BTG PACTUAL CREDIVALORES II,14,FIC DE TIPO GENERAL,2019-01-01T00:00:00.000,2019-12-31T00:00:00.000,730,2019
59328,FONDO DE INVERSION COLECTIVA ABIERTO GLOBAL VISTA,68,FIC DE TIPO GENERAL,2019-01-01T00:00:00.000,2019-12-31T00:00:00.000,365,2019
11014,FONDO DE INVERSIÓN COLECTIVA ABIERTO SIN PACTO DE PERMANENCIA ACCION UNO,33,FIC DE TIPO GENERAL,2019-01-01T00:00:00.000,2019-12-31T00:00:00.000,365,2019
60046,FONDO DE INVERSION COLECTIVA CERRADO PROGRESION RENTAMAS,11,FIC DE TIPO GENERAL,2019-01-01T00:00:00.000,2019-12-31T00:00:00.000,1460,2019
50433,FONDO DE INVERSIÓN COLECTIVA CERRADA INMUEBLES FIDUCOR POR COMPARTIMENTOS,16,FIC INMOBILIARIAS,2019-01-01T00:00:00.000,2019-06-27T00:00:00.000,178,2019
58750,FONDO DE INVERSION COLECTIVA CERRADA OCCIDECOL,21,FIC DE TIPO GENERAL,2019-01-01T00:00:00.000,2019-12-31T00:00:00.000,365,2019
77050,FONDO DE CAPITAL PRIVADO MALLPLAZA - COMPARTIMENTO FARO INMOBILIARIO,26,FONDOS DE CAPITAL PRIVADO,2019-01-01T00:00:00.000,2019-12-31T00:00:00.000,365,2019
59501,INMOVAL FONDO INMOBILIARIO,28,FIC INMOBILIARIAS,2019-01-01T00:00:00.000,2019-12-31T00:00:00.000,365,2019
74174,COMPARTIMENTO B FCP AVENIDA COLOMBIA PEF II,20,FONDOS DE CAPITAL PRIVADO,2019-01-01T00:00:00.000,2019-12-31T00:00:00.000,1822,2019
74207,FONDO DE CAPITAL PRIVADO VALOR INMOBILIARIO COMPLEJO LOGISTICO DEL CARIBE,11,FONDOS DE CAPITAL PRIVADO,2019-01-17T00:00:00.000,2019-12-31T00:00:00.000,349,2019
58883,CREDICORP CAPITAL DEUDA CORPORATIVA,28,FIC DE TIPO GENERAL,2019-01-01T00:00:00.000,2019-12-31T00:00:00.000,365,2019
66528,COMPARTIMENTO ALIMENTOS VALUARY,21,FONDOS DE CAPITAL PRIVADO,2019-01-01T00:00:00.000,2019-12-31T00:00:00.000,365,2019
3049,FONDO DE INVERSION COLECTIVA ABIERTO CON PACTO DE PERMANENCIA PLAN SEMILLA,31,FIC DE TIPO GENERAL,2019-01-01T00:00:00.000,2019-12-31T00:00:00.000,365,2019
78767,FCP VALOR INMOBILIARIO COMPARTIMENTO SENIOR CAPITAL,31,FONDOS DE CAPITAL PRIVADO,2019-01-01T00:00:00.000,2019-03-05T00:00:00.000,64,2019
60239,FONDO DE CAPITAL PRIVADO PROGRESION INMOBILIARIO,11,FONDOS DE CAPITAL PRIVADO,2019-01-01T00:00:00.000,2019-12-31T00:00:00.000,365,2019
11356,FONDO DE INVERSIÓN COLECTIVA ABIERTO FIDULIQUIDEZ,18,FIC DE TIPO GENERAL,2019-01-01T00:00:00.000,2019-12-31T00:00:00.000,3759,2019
10648,FONDO DE INVERSION COLECTIVA ABIERTO ITAU MONEY MARKET,23,FIC DE TIPO GENERAL,2019-01-01T00:00:00.000,2019-12-31T00:00:00.000,1825,2019
72576,FONDO DE INVERSION COLECTIVA ABIERTO CON PACTO DE PERMANENCIA AVANZAR 180 DIAS,62,FIC DE TIPO GENERAL,2019-01-01T00:00:00.000,2019-12-31T00:00:00.000,1191,2019
60678,FONDO BURSÁTIL ISHARES  MSCI COLCAP,73,FIC BURSATILES,2019-01-01T00:00:00.000,2019-12-31T00:00:00.000,365,2019
59009,FONDO DE CAPITAL PRIVADO TC LATAM - COMPARTIMENTO B,26,FONDOS DE CAPITAL PRIVADO,2019-01-01T00:00:00.000,2019-12-31T00:00:00.000,365,2019
58347,FIC INTERÉS,26,FIC DE TIPO GENERAL,2019-01-01T00:00:00.000,2019-12-31T00:00:00.000,730,2019
16373,FIC GESTIÓN,58,FIC DE MERCADO MONETARIO,2019-01-01T00:00:00.000,2019-12-31T00:00:00.000,365,2019
65734,FONDO DE CAPITAL PRIVADO TC LATAM - COMPARTIMENTO G TC LATAM,26,FONDOS DE CAPITAL PRIVADO,2019-01-01T00:00:00.000,2019-12-31T00:00:00.000,365,2019
3814,FONDO DE INVERSIÓN COLECTIVA ABIERTO RENTA FIJA PLAZO,31,FIC DE TIPO GENERAL,2019-01-01T00:00:00.000,2019-12-31T00:00:00.000,365,2019
58948,FONDO DE CAPITAL PRIVADO ENERGETICO - COMPARTIMENTO C,26,FONDOS DE CAPITAL PRIVADO,2019-01-01T00:00:00.000,2019-12-31T00:00:00.000,365,2019
88247,FONDO DE CAPITAL PRIVADO INMOBILIARIO CCLA - COMPARTIMENTO VIVIENDA URBANA EN ARRIENDO I,16,FONDOS DE CAPITAL PRIVADO,2019-09-30T00:00:00.000,2019-12-31T00:00:00.000,277,2019
9453,FONDO DE INVERSIÓN COLECTIVA ABIERTO SIN PACTO DE PERMANENCIA OCCITESOROS,21,FIC DE TIPO GENERAL,2019-01-01T00:00:00.000,2019-12-31T00:00:00.000,365,2019
66651,FONDO INMOBILIARIO FIDUPAÍS FIC CERRADO NO. 2 EN DERECHOS FIDUCIARIOS SOBRE INMUEBLES,68,FIC INMOBILIARIAS,2019-01-01T00:00:00.000,2019-12-31T00:00:00.000,365,2019
77049,FONDO DE CAPITAL PRIVADO MALLPLAZA - COMPARTIMENTO AS,26,FONDOS DE CAPITAL PRIVADO,2019-01-01T00:00:00.000,2019-12-31T00:00:00.000,365,2019
71846,FCP 4G CREDICORP CAPITAL - SURA AM COMP LIQUIDEZ I,28,FONDOS DE CAPITAL PRIVADO,2019-01-01T00:00:00.000,2019-12-31T00:00:00.000,1460,2019
50272,FONDO DE CAPITAL PRIVADO RUTA DEL SOL COMPARTIMENTO A1,16,FONDOS DE CAPITAL PRIVADO,2019-01-01T00:00:00.000,2019-12-31T00:00:00.000,365,2019
58741,FICS ABIERTO SIN PACTO DE PERMANENCIA ACCIVAL BALANCEADO,3,FIC DE TIPO GENERAL,2019-01-01T00:00:00.000,2019-12-31T00:00:00.000,365,2019
58445,"FONDO DE INVERSION COLECTIVA ""SERFINCO AIC GRUPO SURA""",62,FIC DE TIPO GENERAL,2019-01-01T00:00:00.000,2019-12-31T00:00:00.000,365,2019
61306,FONDO DE CAPITAL INMOBILIARIO,62,FONDOS DE CAPITAL PRIVADO,2019-01-01T00:00:00.000,2019-12-31T00:00:00.000,365,2019
59854,FONDO DE CAPITAL PRIVADO INVERSIONES GANADERAS COMPARTIMENTO 29,21,FONDOS DE CAPITAL PRIVADO,2019-01-01T00:00:00.000,2019-12-31T00:00:00.000,365,2019
13174,F.I.C. A. MERCADO MONETARIO CONFIANZA PLUS,20,FIC DE MERCADO MONETARIO,2019-01-01T00:00:00.000,2019-12-31T00:00:00.000,365,2019
73454,FONDO DE INVERSION COLECTIVA ULTRASERFINCO SECTORIAL BANCOS,62,FIC DE TIPO GENERAL,2019-01-01T00:00:00.000,2019-12-31T00:00:00.000,730,2019
60168,FONDO DE INVERSIÓN COLECTIVA CERRADO PROGRESIÓN RENTAPLÚS,11,FIC DE TIPO GENERAL,2019-01-01T00:00:00.000,2019-12-31T00:00:00.000,365,2019
65875,FIC FONDO DE SEGURIDAD BOLIVAR,42,FIC DE TIPO GENERAL,2019-01-01T00:00:00.000,2019-12-31T00:00:00.000,365,2019
58918,CREDICORP CAPITAL ACCIONES GLOBALES,28,FIC DE TIPO GENERAL,2019-01-01T00:00:00.000,2019-12-31T00:00:00.000,365,2019
73592,FCP VALOR FORESTAL CAUCHO 11 (EN LIQUIDACIÓN),38,FONDOS DE CAPITAL PRIVADO,2019-01-01T00:00:00.000,2019-12-31T00:00:00.000,365,2019
74841,FONDO DE INVERSION COLECTIVA CERRADO INMOBILIARIO PROGRESION RENTAR II,11,FIC INMOBILIARIAS,2019-01-01T00:00:00.000,2019-12-31T00:00:00.000,365,2019
9645,F.I.C. CON PACTO DE PERMANENCIA CAPITAL PLUS,20,FIC DE TIPO GENERAL,2019-01-01T00:00:00.000,2019-12-31T00:00:00.000,365,2019
8742,FIC ABIERTO BBVA FAM CON PARTICIPACIONES DIFERENCIALES,3,FIC DE TIPO GENERAL,2019-01-01T00:00:00.000,2019-12-31T00:00:00.000,2555,2019
3078,FONDO DE INVERSIÓN COLECTIVA ABIERTO RENTA BALANCEADO,31,FIC DE TIPO GENERAL,2019-01-01T00:00:00.000,2019-12-31T00:00:00.000,365,2019
82379,FIC ABIERTO CON PACTO DE PERMANENCIA AVANZAR 90 DIAS,62,FIC DE TIPO GENERAL,2019-01-08T00:00:00.000,2019-12-31T00:00:00.000,1177,2019
60528,FONDO DE INVERSIÓN COLECTIVA CERRADO CON PLAZO DE REDENCIÓN INVERTIR EN ALTERNATIVOS CLASE 1,9,FIC DE TIPO GENERAL,2019-01-01T00:00:00.000,2019-12-31T00:00:00.000,365,2019
60510,FONDO DE INVERSIÓN COLECTIVA ABIERTO CON PACTO DE PERMANENCIA ADCAP RENTA FIJA COLOMBIA,9,FIC DE TIPO GENERAL,2019-01-01T00:00:00.000,2019-12-31T00:00:00.000,365,2019
73723,FONDO DE INVERSIÓN COLECTIVA ABIERTO CON PACTO DE PERMANENCIA ALIANZA RENTA FIJA MERCADOS EMERGENTE,16,FIC DE TIPO GENERAL,2019-01-01T00:00:00.000,2019-12-31T00:00:00.000,1594,2019
86055,FCP CATTLEYA - COMPARTIMENTO 1,20,FONDOS DE CAPITAL PRIVADO,2019-08-05T00:00:00.000,2019-12-31T00:00:00.000,298,2019
65731,FONDO DE CAPITAL PRIVADO TC LATAM - COMPARTIMENTO E TC LATAM,26,FONDOS DE CAPITAL PRIVADO,2019-01-01T00:00:00.000,2019-12-31T00:00:00.000,365,2019
58434,FONDO DE INVERSIÓN COLECTIVA ABIERTO SIN PACTO DE PERMANENCIA ULTRASERFINCO LIQUIDEZ,62,FIC DE TIPO GENERAL,2019-01-01T00:00:00.000,2019-12-31T00:00:00.000,2555,2019
18462,FONDO CASH CONSERVADOR ALIANZA 1525,16,FIC DE TIPO GENERAL,2019-01-01T00:00:00.000,2019-12-31T00:00:00.000,2662,2019
79144,FCP SURA AM INMOBILIARIO,31,FONDOS DE CAPITAL PRIVADO,2019-01-01T00:00:00.000,2019-12-31T00:00:00.000,365,2019
73317,FONDO DE CAPITAL PRIVADO ARMILLA CAPITAL-COMPARTIMENTO ALPES,16,FONDOS DE CAPITAL PRIVADO,2019-01-01T00:00:00.000,2019-12-31T00:00:00.000,365,2019
61112,COMPARTIMENTO DEUDA PRIVADA INFRAESTRUCTURA I,28,FONDOS DE CAPITAL PRIVADO,2019-01-01T00:00:00.000,2019-12-31T00:00:00.000,1095,2019
75993,FONDO DE INVERSIÓN COLECTIVA CERRADO ACCIVAL ESTRUCTURADO II,3,FIC DE TIPO GENERAL,2019-01-01T00:00:00.000,2019-12-31T00:00:00.000,365,2019
77191,FONDO DE CAPITAL PRIVADO INMOBILIARIO SERVIVALORES GNB SUDAMERIS,91,FONDOS DE CAPITAL PRIVADO,2019-01-01T00:00:00.000,2019-12-31T00:00:00.000,365,2019
74196,FONDO DE CAPITAL PRIVADO RENTA INMOBILIARIA,11,FONDOS DE CAPITAL PRIVADO,2019-01-01T00:00:00.000,2019-12-31T00:00:00.000,365,2019
50283,FONDO DE CAPITAL PRIVADO TRG FCP LA I,16,FONDOS DE CAPITAL PRIVADO,2019-01-01T00:00:00.000,2019-12-31T00:00:00.000,365,2019
67598,FONDO DE CAPITAL AGROEMPRESAS COLOMBIA DE SEAF,21,FONDOS DE CAPITAL PRIVADO,2019-01-01T00:00:00.000,2019-12-31T00:00:00.000,365,2019
10650,FONDO DE INVERSION COLECTIVA ABIERTO CON PACTO DE PERMANENCIA ITAU MEDIANO PLAZO,23,FIC DE TIPO GENERAL,2019-01-01T00:00:00.000,2019-12-31T00:00:00.000,365,2019
71197,FONDO DE INVERSIÓN COLECTIVA ABIERTO FIC AVANZAR VISTA,62,FIC DE TIPO GENERAL,2019-01-01T00:00:00.000,2019-12-31T00:00:00.000,1341,2019
53973,FIC GESTIONAR,58,FIC DE TIPO GENERAL,2019-01-01T00:00:00.000,2019-12-31T00:00:00.000,365,2019
50439,COMPARTIMENTO ZONA FRANCA DEL FONDO DE CAPITAL PRIVADO INVERLINK ESTRUCTURAS INMOBILIARIAS,16,FONDOS DE CAPITAL PRIVADO,2019-01-01T00:00:00.000,2019-12-31T00:00:00.000,365,2019
58756,CREDICORP CAPITAL ALTA LIQUIDEZ,28,FIC DE TIPO GENERAL,2019-01-01T00:00:00.000,2019-12-31T00:00:00.000,365,2019
50518,FONDO DE CO-INVERSIÓN CON EL FONDO DE INFRAESTRUCTURA ASHMORE I - FCP  COMPARTIMENTO 3 - CODAD S.A,16,FONDOS DE CAPITAL PRIVADO,2019-01-01T00:00:00.000,2019-12-31T00:00:00.000,365,2019
10659,FONDO DE INVERSION COLECTIVA ABIERTO FIDUGOB,22,FIC DE TIPO GENERAL,2019-01-01T00:00:00.000,2019-12-31T00:00:00.000,3285,2019
59738,FONDO DE INVERSION COLECTIVA ABIERTO RENTA VARIABLE COLOMBIA,22,FIC DE TIPO GENERAL,2019-01-01T00:00:00.000,2019-12-31T00:00:00.000,365,2019
80955,FONDO DE CAPITAL PRIVADO AQUA COMPARTIMENTO UNO AQUA I,63,FONDOS DE CAPITAL PRIVADO,2019-01-01T00:00:00.000,2019-12-31T00:00:00.000,364,2019
65531,FIC PACTO 25 DE LA FAMILIA DE FONDOS DE FIDUAGRARIA RENTASEMILLA,39,FIC DE TIPO GENERAL,2019-01-01T00:00:00.000,2019-01-29T00:00:00.000,29,2019
85697,FONDO DE INVERSIÓN COLECTIVA INMOBILIARIO SURA AM RENTAS INMOBILIARIAS,31,FIC INMOBILIARIAS,2019-06-05T00:00:00.000,2019-12-31T00:00:00.000,420,2019
65733,FONDO DE CAPITAL PRIVADO TC LATAM - COMPARTIMENTO F TC LATAM,26,FONDOS DE CAPITAL PRIVADO,2019-01-01T00:00:00.000,2019-12-31T00:00:00.000,365,2019
90256,FONDO DE CAPITAL PRIVADO INMOBILIARIO SALUD COMPARTIMENTO 1,16,FONDOS DE CAPITAL PRIVADO,2019-12-23T00:00:00.000,2019-12-31T00:00:00.000,9,2019
59863,FONDO DE CAPITAL PRIVADO  INVERSIONES GANADERAS COMPARTIMENTO 34,21,FONDOS DE CAPITAL PRIVADO,2019-01-01T00:00:00.000,2019-02-08T00:00:00.000,39,2019
67404,FONDO DE INVERSION COLECTIVA ABIERTO CON PACTO PERMANENCIA ALIANZA RENTA FIJA 90,16,FIC DE TIPO GENERAL,2019-01-01T00:00:00.000,2019-12-31T00:00:00.000,2723,2019
58703,FONDO DE CAPITAL PRIVADO CORREDORES CAPITAL I,26,FONDOS DE CAPITAL PRIVADO,2019-01-01T00:00:00.000,2019-12-31T00:00:00.000,365,2019
60924,COMP II MAS COLOMBIA OPPORTUNITY -FCP MAS COLOMBIA LATAM,9,FONDOS DE CAPITAL PRIVADO,2019-01-01T00:00:00.000,2019-12-31T00:00:00.000,365,2019
81171,FONDO DE INVERSIÓN COLECTIVA CERRADO INMOBILIARIO GRANDES SUPERFICIES,7,FIC INMOBILIARIAS,2019-09-24T00:00:00.000,2019-12-31T00:00:00.000,99,2019
82718,FONDO DE INVERSIÓN COLECTIVA ABIERTO CON PACTO DE PERMANENCIA RENTAPAIS,39,FIC DE TIPO GENERAL,2019-01-29T00:00:00.000,2019-12-31T00:00:00.000,337,2019
28405,FONDO DE CAPITAL PRIVADO OXO - PROPIEDADES SOSTENIBLES COMPARTIMENTO II. OXO - PROPIEDADES SOSTENIB,16,FONDOS DE CAPITAL PRIVADO,2019-01-01T00:00:00.000,2019-12-31T00:00:00.000,365,2019
29495,FONDO DE INVERSIÓN COLECTIVA ABIERTO CON PACTO DE PERMANENCIA ÓPTIMO,22,FIC DE TIPO GENERAL,2019-01-01T00:00:00.000,2019-12-31T00:00:00.000,365,2019
64114,FONDO ASHMORE ANDINO II - FCP COMPARTIMENTO A,16,FONDOS DE CAPITAL PRIVADO,2019-01-01T00:00:00.000,2019-12-31T00:00:00.000,1095,2019
58928,CREDICORP CAPITAL ESTRATEGICO,28,FIC DE TIPO GENERAL,2019-01-01T00:00:00.000,2019-12-31T00:00:00.000,365,2019
60348,FONDO DE INVERSIÓN COLECTIVA INMOBILIARIO VISUM RENTAS INMOBILIARIAS,14,FIC INMOBILIARIAS,2019-01-01T00:00:00.000,2019-12-31T00:00:00.000,1095,2019
13525,FONDO DE INVERSION COLECTIVA ABIERTO CON PACTO DE PERMANENCIA RENTAPAIS,39,FIC DE TIPO GENERAL,2019-01-01T00:00:00.000,2019-01-29T00:00:00.000,29,2019
2971,FONDO DE INVERSION COLECTIVA ABIERTO CON PACTO DE PERMANENCIA FIDURENTA,31,FIC DE TIPO GENERAL,2019-01-01T00:00:00.000,2019-12-31T00:00:00.000,1825,2019
59018,FG - FONDO DE CAPITAL PRIVADO FG,26,FONDOS DE CAPITAL PRIVADO,2019-01-01T00:00:00.000,2019-11-25T00:00:00.000,329,2019
59342,FONDO DE INVERSIÓN COLECTIVA CERRADO RENTA FIJA 365,68,FIC DE TIPO GENERAL,2019-01-01T00:00:00.000,2019-04-05T00:00:00.000,95,2019
72409,FONDO DE INVERSION COLECTIVA CERRADO ACCICOLF VANGUARDIA ACCIONES ORDINARIAS,21,FIC DE TIPO GENERAL,2019-01-01T00:00:00.000,2019-12-31T00:00:00.000,365,2019
68802,FONDO DE INVERSIÓN COLECTIVA ULTRASERFINCO GEA,62,FIC DE TIPO GENERAL,2019-01-01T00:00:00.000,2019-12-31T00:00:00.000,365,2019
53954,F.I.C. VALOR PLUS I,20,FIC DE TIPO GENERAL,2019-01-01T00:00:00.000,2019-12-31T00:00:00.000,4427,2019
53970,FONDO DE INVERSION COLECTIVA CERRADO SURA CREDITO PRIVADO COLOMBIA,58,FIC DE TIPO GENERAL,2019-01-01T00:00:00.000,2019-12-31T00:00:00.000,730,2019
32814,FONDO DE INVERSION COLECTIVA CCA RENTALIQUIDA FIDUCAFE,42,FIC DE TIPO GENERAL,2019-01-01T00:00:00.000,2019-12-31T00:00:00.000,1425,2019
86374,FONDO DE CAPITAL PRIVADO AQUA COMPARTIMENTO DOS IKALON,63,FONDOS DE CAPITAL PRIVADO,2019-06-21T00:00:00.000,2019-12-31T00:00:00.000,194,2019
72899,FONDO DE CAPITAL PRIVADO INMOBILIARIO GRUPO PEGASUS COLOMBIA FONDO I COMPARTIMENTO 1 PEGASUS VIVIEN,26,FONDOS DE CAPITAL PRIVADO,2019-01-01T00:00:00.000,2019-12-31T00:00:00.000,730,2019
60532,FONDO DE INVERSIÓN COLECTIVA CERRADO CON PLAZO DE REDENCIÓN INVERTIR EN ALTERNATIVOS CLASE 2,9,FIC DE TIPO GENERAL,2019-01-01T00:00:00.000,2019-12-31T00:00:00.000,365,2019
82382,FIC ABIERTO AVANZAR GOBIERNO,62,FIC DE TIPO GENERAL,2019-01-08T00:00:00.000,2019-02-12T00:00:00.000,144,2019
50304,FONDO DE CAPITAL PRIVADO VALORAR FUTURO,16,FONDOS DE CAPITAL PRIVADO,2019-01-01T00:00:00.000,2019-12-31T00:00:00.000,365,2019
59105,CREDICORP CAPITAL ACCIONES COLOMBIA,28,FIC DE TIPO GENERAL,2019-01-01T00:00:00.000,2019-12-31T00:00:00.000,365,2019
66567,COMP IV UNO MAS COLOMBIA LATAM,9,FONDOS DE CAPITAL PRIVADO,2019-01-01T00:00:00.000,2019-12-31T00:00:00.000,1095,2019
34644,FONDO DE INFRAESTRUCTURA BROOKFIELD COLOMBIA - SUBCOMPARTIMENTO GP,16,FONDOS DE CAPITAL PRIVADO,2019-01-01T00:00:00.000,2019-12-31T00:00:00.000,365,2019
38802,FONDO DE CAPITAL PRIVADO OXO - PROPIEDADES SOSTENIBLES COMPARTIMENTO III. BARRANQUILLA. OXO - PROPI,16,FONDOS DE CAPITAL PRIVADO,2019-01-01T00:00:00.000,2019-12-31T00:00:00.000,365,2019
11962,FONDO DE INVERSIÓN COLECTIVA ABIERTO BBVA PAÍS CON PARTICIPACIONES DIFERENCIALES,3,FIC DE TIPO GENERAL,2019-01-01T00:00:00.000,2019-12-31T00:00:00.000,1095,2019
10025,FONDO DE INVERSION COLECTIVA CONSOLIDAR,42,FIC DE TIPO GENERAL,2019-01-01T00:00:00.000,2019-12-31T00:00:00.000,365,2019
58973,CREDICORP CAPITAL VISION,28,FIC DE TIPO GENERAL,2019-01-01T00:00:00.000,2019-12-31T00:00:00.000,365,2019
67403,FONDO DE INVERSION COLECTIVA ABIERTO CON PACTO DE PERMANENCIA ALIANZA ACCIONES,16,FIC DE TIPO GENERAL,2019-01-01T00:00:00.000,2019-12-31T00:00:00.000,2106,2019
11286,FONDO DE INVERSIÓN COLECTIVA ABIERTO RENTAR,18,FIC DE TIPO GENERAL,2019-01-01T00:00:00.000,2019-12-31T00:00:00.000,4298,2019
60273,FONDO DE INVERSIÓN COLECTIVA CERRADO BTG PACTUAL CRÉDITO,14,FIC DE TIPO GENERAL,2019-01-01T00:00:00.000,2019-12-31T00:00:00.000,825,2019
11149,FONDO DE INVERSIÓN COLECTIVA FIDUCOLDEX,40,FIC DE TIPO GENERAL,2019-01-01T00:00:00.000,2019-12-31T00:00:00.000,977,2019
59076,FIC RENTA FIJA MEDIANO PLAZO MULTIESCALA,26,FIC DE TIPO GENERAL,2019-01-01T00:00:00.000,2019-12-31T00:00:00.000,730,2019
13520,FONDO DE INVERSION COLECTIVA ABIERTO CON PACTO DE PERMANENCIA RENTAPLAZO,39,FIC DE TIPO GENERAL,2019-01-01T00:00:00.000,2019-01-29T00:00:00.000,29,2019
67066,CREDICORP CAPITAL DEUDA CORPORATIVA LATAM,28,FIC DE TIPO GENERAL,2019-01-01T00:00:00.000,2019-12-31T00:00:00.000,365,2019
2713,FONDO DE CAPITAL PRIVADO FONDO INMOBILIARIO COLOMBIA,31,FONDOS DE CAPITAL PRIVADO,2019-01-01T00:00:00.000,2019-12-31T00:00:00.000,365,2019
72905,FONDO DE CAPITAL PRIVADO PALADIN REALTY COLOMBIA COMPARTIMENTO B,26,FONDOS DE CAPITAL PRIVADO,2019-01-01T00:00:00.000,2019-12-31T00:00:00.000,365,2019
81378,FONDO DE INVERSIÓN COLECTIVA CERRADO ACCIVAL ESTRUCTURADO III,3,FIC DE TIPO GENERAL,2019-01-01T00:00:00.000,2019-12-31T00:00:00.000,730,2019
54576,FONDO DE INVERSION COLECTIVA ABIERTO CON PACTO DE PERMANENCIA ARCO IRIS TÍTULOS DEUDA PRIVADA,33,FIC DE TIPO GENERAL,2019-01-01T00:00:00.000,2019-12-31T00:00:00.000,365,2019
75995,"FONDO DE CO-INVERSIÓN CON EL FONDO DE INFRAESTRUCTURA ASHMORE I FCP, COMPARTIMENTO I",16,FONDOS DE CAPITAL PRIVADO,2019-01-01T00:00:00.000,2019-12-31T00:00:00.000,730,2019
62013,FONDO DE INVERSIÓN COLECTIVA ABIERTO SIN PACTO DE PERMANENCIA GLOBAL BALANCEADO,62,FIC DE TIPO GENERAL,2019-01-01T00:00:00.000,2019-12-31T00:00:00.000,365,2019
73591,FCP - VALOR FORESTAL - CAUCHO 10 (EN LIQUIDACIÓN),38,FONDOS DE CAPITAL PRIVADO,2019-01-01T00:00:00.000,2019-12-31T00:00:00.000,365,2019
58980,FONDO DE INVERSION COLECTIVA CERRADO DENOMINADO FACTORING,62,FIC DE TIPO GENERAL,2020-01-01T00:00:00.000,2020-06-26T00:00:00.000,178,2020
59355,FONDO DE INVERSION COLECTIVA CERRADO RENTA CRÉDITO,68,FIC DE TIPO GENERAL,2020-01-01T00:00:00.000,2020-12-31T00:00:00.000,366,2020
66289,FCP SURA ASSET MANAGEMENT ? DESARROLLO INMOBILIARIO COMPARTIMENTO GENERAL,16,FONDOS DE CAPITAL PRIVADO,2020-01-01T00:00:00.000,2020-12-31T00:00:00.000,366,2020
73446,FONDO DE INVERSION COLECTIVA ULTRASERFINCO SECTORIAL ENERGIA Y PETROLEO,62,FIC DE TIPO GENERAL,2020-01-01T00:00:00.000,2020-06-26T00:00:00.000,356,2020
46197,NEXUS INMOBILIARIO - COMPARTIMENTO TORRE ALIANZA,21,FONDOS DE CAPITAL PRIVADO,2020-01-01T00:00:00.000,2020-02-27T00:00:00.000,58,2020
92650,FONDO DE CAPITAL PRIVADO CARTAMA POR COMPARTIMENTOS,31,FONDOS DE CAPITAL PRIVADO,2020-05-18T00:00:00.000,2020-12-31T00:00:00.000,472,2020
83516,FONDO DE INVERSION COLECTIVA INMOBILIARIA PLENTIA RENTAS,97,FIC INMOBILIARIAS,2020-01-01T00:00:00.000,2020-12-31T00:00:00.000,366,2020
78888,FONDO DE INVERSIÓN COLECTIVA DIVERSIFICADO INTERNACIONAL,26,FIC DE TIPO GENERAL,2020-01-01T00:00:00.000,2020-12-31T00:00:00.000,366,2020
10936,FONDO ABIERTO ALIANZA,16,FIC DE TIPO GENERAL,2020-01-01T00:00:00.000,2020-12-31T00:00:00.000,4752,2020
58452,"FONDO DE INVERSION COLECTIVA ""SERFINCO AIC GRUPO ARGOS""",62,FIC DE TIPO GENERAL,2020-01-01T00:00:00.000,2020-06-26T00:00:00.000,178,2020
60174,FIC CERRADO MIDAS ALTERNATIVO,10,FIC DE TIPO GENERAL,2020-01-01T00:00:00.000,2020-08-11T00:00:00.000,222,2020
58958,FONDO DE CAPITAL PRIVADO INVERSOR COMPARTIMENTO B,26,FONDOS DE CAPITAL PRIVADO,2020-01-01T00:00:00.000,2020-12-31T00:00:00.000,366,2020
54582,COMPARTIMENTO 6 DEL FONDO DE CO-INVERSIÓN CON EL FONDO DE INFRAESTRUCTURA ASHMORE I FCP,16,FONDOS DE CAPITAL PRIVADO,2020-01-01T00:00:00.000,2020-12-31T00:00:00.000,366,2020
86956,FONDO CAPITAL PRIVADO BANCOLDEX - CAPITAL PARA EMPRENDER,40,FONDOS DE CAPITAL PRIVADO,2020-04-07T00:00:00.000,2020-12-31T00:00:00.000,269,2020
76413,F.I.C. ABIERTA CON PACTO DE PERMANENCIA SOSTENIBLE GLOBAL,20,FIC DE TIPO GENERAL,2020-01-01T00:00:00.000,2020-12-31T00:00:00.000,366,2020
85018,CREDICORP CAPITAL ESTRUCTURADO IX,28,FIC DE TIPO GENERAL,2020-01-01T00:00:00.000,2020-12-31T00:00:00.000,366,2020
51953,FONDO DE INVERSIÓN COLECTIVA SKANDIA EFECTIVO,7,FIC DE TIPO GENERAL,2020-01-01T00:00:00.000,2020-12-31T00:00:00.000,2287,2020
10440,FONDO DE INVERSION ABIERTO CASH,34,FIC DE TIPO GENERAL,2020-01-01T00:00:00.000,2020-12-31T00:00:00.000,366,2020
71259,FONDO DE INVERSIÓN COLECTIVA ABIERTO CON PACTO DE PERMANENCIA BTG PACTUAL RENTA FIJA INTERNACIONAL,14,FIC DE TIPO GENERAL,2020-01-01T00:00:00.000,2020-12-31T00:00:00.000,1830,2020
9641,F.I.C. CON PACTO DE PERMANENCIA MULTIPLICAR,20,FIC DE TIPO GENERAL,2020-01-01T00:00:00.000,2020-12-31T00:00:00.000,366,2020
80428,ACCIVAL RENTA FIJA 180,3,FIC DE TIPO GENERAL,2020-01-01T00:00:00.000,2020-12-31T00:00:00.000,366,2020
11207,FONDO AUREOS COLOMBIA,40,FONDOS DE CAPITAL PRIVADO,2020-01-01T00:00:00.000,2020-12-31T00:00:00.000,366,2020
61384,"MAS EQUITY FUND III COLOMBIA, FCP",9,FONDOS DE CAPITAL PRIVADO,2020-01-01T00:00:00.000,2020-12-30T00:00:00.000,365,2020
53965,FIC CORPORATIVO II,58,FIC DE TIPO GENERAL,2020-01-01T00:00:00.000,2020-07-09T00:00:00.000,191,2020
73587,FCP - VALOR FORESTAL - CAUCHO 06(EN LIQUIDACIÓN),38,FONDOS DE CAPITAL PRIVADO,2020-01-01T00:00:00.000,2020-12-31T00:00:00.000,366,2020
66648,FONDO INMOBILIARIO FIDUPAÍS FIC CERRADO NO. 1 EN DERECHOS FIDUCIARIOS SOBRE INMUEBLES,68,FIC INMOBILIARIAS,2020-01-01T00:00:00.000,2020-12-31T00:00:00.000,366,2020
87265,FONDO DE CAPITAL PRIVADO INMOBILIARIO POR COMPARTIMENTOS AZUR COMPARTIMENTO CHIZO,97,FONDOS DE CAPITAL PRIVADO,2020-01-01T00:00:00.000,2020-12-31T00:00:00.000,366,2020
93198,CREDICORP CAPITAL DOLAR EFECTIVO,28,FIC DE TIPO GENERAL,2020-06-27T00:00:00.000,2020-12-31T00:00:00.000,188,2020
58699,FONDO DE INVERSIÓN COLECTIVA ABIERTO CON PACTO DE PERMANENCIA BTG PACTUAL ACCIONES COLOMBIA,14,FIC DE TIPO GENERAL,2020-01-01T00:00:00.000,2020-12-31T00:00:00.000,1899,2020
9448,FONDO DE INVERSIÓN COLECTIVA ABIERTO SIN PACTO DE PERMANENCIA AVANZA RENTA FIJA,21,FIC DE TIPO GENERAL,2020-01-01T00:00:00.000,2020-12-31T00:00:00.000,366,2020
9792,FONDO DE INVERSION COLECTIVA DAVIPLUS RENTA FIJA PESOS,42,FIC DE TIPO GENERAL,2020-01-01T00:00:00.000,2020-12-31T00:00:00.000,366,2020
58695,FONDO DE INVERSION COLECTIVA ACCIVAL VISTA,3,FIC DE TIPO GENERAL,2020-01-01T00:00:00.000,2020-12-31T00:00:00.000,366,2020
67539,FONDO DE CAPITAL PRIVADO PACTIA INMOBILIARIO,31,FONDOS DE CAPITAL PRIVADO,2020-01-01T00:00:00.000,2020-12-31T00:00:00.000,366,2020
89435,FONDO DE CAPITAL PRIVADO INMOBILIARIO YELLOWSTONE REAL ESTATE OPPORTUNITY FUND II,16,FONDOS DE CAPITAL PRIVADO,2020-01-01T00:00:00.000,2020-12-31T00:00:00.000,3294,2020
43502,FONDO BURSÁTIL GLOBAL X COLOMBIA SELECT DE S&P,22,FIC BURSATILES,2020-01-01T00:00:00.000,2020-12-31T00:00:00.000,366,2020
59422,FONVAL DERECHOS ECONOMICOS 2020 EN LIQUIDACIÓN,28,FIC DE TIPO GENERAL,2020-01-01T00:00:00.000,2020-12-31T00:00:00.000,366,2020
72904,FONDO DE CAPITAL PRIVADO PALADIN REALTY COLOMBIA COMPARTIMENTO A,26,FONDOS DE CAPITAL PRIVADO,2020-01-01T00:00:00.000,2020-12-31T00:00:00.000,366,2020
81087,FCP NEXUS COMP INMUEBLES BANCO POPULAR,21,FONDOS DE CAPITAL PRIVADO,2020-01-01T00:00:00.000,2020-12-31T00:00:00.000,366,2020
59356,FONDO DE INVERSION COLECTIVA CERRADO GLOBAL SECURITIES CREDIT OPPORTUNITIES FUND TITULOS VALORES,68,FIC DE TIPO GENERAL,2020-01-01T00:00:00.000,2020-12-31T00:00:00.000,366,2020
59505,CARTERA COLECTIVA ESCALONADA INTERBOLSA FACTORING,68,FIC DE TIPO GENERAL,2020-01-01T00:00:00.000,2020-12-31T00:00:00.000,366,2020
58437,"FONDO DE INVERSION COLECTIVA ""SERFINCO AIC ECOPETROL""",62,FIC DE TIPO GENERAL,2020-01-01T00:00:00.000,2020-06-26T00:00:00.000,178,2020
87268,FONDO DE CAPITAL PRIVADO BTG PACTUAL ACTIVOS ALTERNATIVOS COMPARTIMENTO ACTIVOS CREDITICIOS I,14,FONDOS DE CAPITAL PRIVADO,2020-01-01T00:00:00.000,2020-12-31T00:00:00.000,366,2020
85000,FONDO DE CAPITAL PRIVADO BTG PACTUAL ACTIVOS ALTERNATIVOS COMPARTIMENTO SMPI,14,FONDOS DE CAPITAL PRIVADO,2020-01-01T00:00:00.000,2020-12-31T00:00:00.000,366,2020
53967,FIC COLECTIVO II,58,FIC DE TIPO GENERAL,2020-01-01T00:00:00.000,2020-12-31T00:00:00.000,366,2020
81965,FONDO DE CAPITAL PRIVADO BTG PACTUAL TAURUS CAPITAL COMPARTIMENTO I,14,FONDOS DE CAPITAL PRIVADO,2020-01-01T00:00:00.000,2020-10-16T00:00:00.000,290,2020
62633,FIDUCOLDEX CAPITAL INTELIGENTE FONDO DE INVERSION COLECTIVA,40,FIC DE TIPO GENERAL,2020-01-01T00:00:00.000,2020-12-31T00:00:00.000,732,2020
11714,FONDO ABIERTO FIDUCIARIA CENTRAL,38,FIC DE TIPO GENERAL,2020-01-01T00:00:00.000,2020-12-31T00:00:00.000,2350,2020
48153,FONDO DE INVERSION COLECTIVA ABIERTO ITAU CORTO PLAZO,23,FIC DE TIPO GENERAL,2020-01-01T00:00:00.000,2020-12-31T00:00:00.000,1770,2020
83314,CREDICORP CAPITAL DERECHOS ECONOMICOS 2026,28,FIC DE TIPO GENERAL,2020-01-01T00:00:00.000,2020-12-31T00:00:00.000,366,2020
80265,FONDO DE INVERSIÓN COLECTIVA ABIERTO CON PACTO DE PERMANENCIA VALOR ESTRATEGICO ? FONDO CON PARTICI,12,FIC DE TIPO GENERAL,2020-01-01T00:00:00.000,2020-12-31T00:00:00.000,366,2020
76410,F.I.C. ESTRATEGIA MODERADA,20,FIC DE TIPO GENERAL,2020-01-01T00:00:00.000,2020-12-31T00:00:00.000,366,2020
76412,F.I.C. DEUDA CORPORATIVA,20,FIC DE TIPO GENERAL,2020-01-01T00:00:00.000,2020-12-31T00:00:00.000,366,2020
81411,FCP NUEVOMUNDO COMPARTIMENTO 1,21,FONDOS DE CAPITAL PRIVADO,2020-01-01T00:00:00.000,2020-12-31T00:00:00.000,366,2020
73588,FCP VALOR FORESTAL CAUCHO 7 (EN LIQUIDACIÓN),38,FONDOS DE CAPITAL PRIVADO,2020-01-01T00:00:00.000,2020-12-31T00:00:00.000,366,2020
50277,FONDO DE CAPITAL PRIVADO RUTA DEL SOL COMPARTIMENTO A2,16,FONDOS DE CAPITAL PRIVADO,2020-01-01T00:00:00.000,2020-12-31T00:00:00.000,366,2020
66509,"FONDO DE INVERSION COLECTIVA CERRADO INMOBILIARIO ""PROGRESION RENTAR 2015""",11,FIC INMOBILIARIAS,2020-01-01T00:00:00.000,2020-12-31T00:00:00.000,366,2020
34163,FONDO CERRADO INMOBILIARIO ALIANZA,16,FIC INMOBILIARIAS,2020-01-01T00:00:00.000,2020-12-31T00:00:00.000,366,2020
60349,FONDO DE INVERSIÓN COLECTIVA ABIERTO CON PACTO DE PERMANENCIA ULTRAINVERSIÓN,62,FIC DE TIPO GENERAL,2020-01-01T00:00:00.000,2020-06-26T00:00:00.000,178,2020
93223,CREDICORP CAPITAL BALANCEADO COLOMBIA,28,FIC DE TIPO GENERAL,2020-06-27T00:00:00.000,2020-12-31T00:00:00.000,188,2020
67405,FONDO ABIERTO CON PACTO DE PERMANENCIA ALIANZA RENTA FIJA GLOBAL.,16,FIC DE TIPO GENERAL,2020-01-01T00:00:00.000,2020-12-31T00:00:00.000,1954,2020
50280,FONDO DE CAPITAL PRIVADO RUTA DEL SOL COMPARTIMENTO B2,16,FONDOS DE CAPITAL PRIVADO,2020-01-01T00:00:00.000,2020-12-31T00:00:00.000,366,2020
59954,INMOVAL DESARROLLOS - EN LIQUIDACION,28,FIC INMOBILIARIAS,2020-01-01T00:00:00.000,2020-12-31T00:00:00.000,366,2020
25743,FONDO CERRADO MAS COLOMBIA OPPORTUNITY,16,FIC DE TIPO GENERAL,2020-01-01T00:00:00.000,2020-12-31T00:00:00.000,366,2020
65869,FONDO DE CAPITAL PRIVADO YELLOWSTONE CAPITAL FUND I- COMPARTIMENTO AI,16,FONDOS DE CAPITAL PRIVADO,2020-01-01T00:00:00.000,2020-12-31T00:00:00.000,366,2020
11403,CARTERA COLECTIVA ABIERTA CON PACTO DE PERMANENCIA EFECTIVO A PLAZOS - CARTERA CON COMPARTIMENTOS,12,FIC DE TIPO GENERAL,2020-01-01T00:00:00.000,2020-12-31T00:00:00.000,1830,2020
66652,FONDO DE CAPITAL TERRANUM COMPARTIMENTO,16,FONDOS DE CAPITAL PRIVADO,2020-01-01T00:00:00.000,2020-12-31T00:00:00.000,366,2020
93226,PERFIL CRECIMIENTO,28,FIC DE TIPO GENERAL,2020-06-27T00:00:00.000,2020-10-16T00:00:00.000,112,2020
59002,FONDO DE CAPITAL PRIVADO ALTRA FCP II,26,FONDOS DE CAPITAL PRIVADO,2020-01-01T00:00:00.000,2020-12-31T00:00:00.000,366,2020
58438,"FONDO DE INVERSION COLECTIVA ""SERFINCO ACCIONES""",62,FIC DE TIPO GENERAL,2020-01-01T00:00:00.000,2020-06-26T00:00:00.000,178,2020
51220,COMPARTIMENTO DIVERSIFICADO DE DESARROLLOS INMOBILIARIOS,21,FONDOS DE CAPITAL PRIVADO,2020-01-01T00:00:00.000,2020-12-31T00:00:00.000,366,2020
90302,FONDO DE INVERSION COLECTIVA ABIERTO CON PACTO DE PERMANENCIA META ESTRATEGICA,21,FIC DE TIPO GENERAL,2020-01-10T00:00:00.000,2020-12-31T00:00:00.000,357,2020
63109,FONDO DE INVERSION COLECTIVA ABIERTO PROGRESION LIQUIDEZ,11,FIC DE TIPO GENERAL,2020-01-01T00:00:00.000,2020-12-31T00:00:00.000,366,2020
93231,CREDICORP CAPITAL AGRONEGOCIOS - CACAO AGROFORESTAL,28,FONDOS DE CAPITAL PRIVADO,2020-06-27T00:00:00.000,2020-12-31T00:00:00.000,188,2020
73493,FONDO DE CAPITAL PRIVADO YELLOWSTONE CAPITAL FUND I -COMPARTIMENTO PROSCENIO AII,16,FONDOS DE CAPITAL PRIVADO,2020-01-01T00:00:00.000,2020-12-31T00:00:00.000,366,2020
60599,FONDO DE CAPITAL PRIVADO BTG PACUAL CACAO SUBCOMP Z ECOCACAO - COMP I - FCP BTG PACTUAL FCP CACAO,14,FONDOS DE CAPITAL PRIVADO,2020-01-01T00:00:00.000,2020-12-31T00:00:00.000,366,2020
42259,COMPARTIMENTO II DEL FONDO DE CAPITAL PRIVADO FINTRA,20,FONDOS DE CAPITAL PRIVADO,2020-01-01T00:00:00.000,2020-12-31T00:00:00.000,366,2020
90025,FONDO DE CAPITAL PRIVADO SUMATORIA DEUDA GLOBAL,26,FONDOS DE CAPITAL PRIVADO,2020-01-01T00:00:00.000,2020-12-31T00:00:00.000,366,2020
93203,CREDICORP CAPITAL ACCIONES GEA,28,FIC DE TIPO GENERAL,2020-06-27T00:00:00.000,2020-12-31T00:00:00.000,341,2020
58564,FONDO DE INVERSIÓN COLECTIVA ABIERTO BTG PACTUAL LIQUIDEZ,14,FIC DE MERCADO MONETARIO,2020-01-01T00:00:00.000,2020-12-31T00:00:00.000,2025,2020
95589,FONDO DE INVERSION COLECTIVA CERRADO ASHMORE ACCIONES COLOMBIA + LATAM,97,FIC DE TIPO GENERAL,2020-12-01T00:00:00.000,2020-12-31T00:00:00.000,93,2020
51325,FONDO NAZCA INVESTMENT,21,FONDOS DE CAPITAL PRIVADO,2020-01-01T00:00:00.000,2020-12-31T00:00:00.000,366,2020
60567,FONDO DE CAPITAL PRIVADO BTG PACUAL CACAO SUBCOMP A - COMP I - FCP BTG PACTUAL FCP CACAO,14,FONDOS DE CAPITAL PRIVADO,2020-01-01T00:00:00.000,2020-12-31T00:00:00.000,366,2020
54573,FONDO DE INVERSIÓN COLECTIVA ABIERTO SIN PACTO DE PERMANENCIA ARCO IRIS CONSERVADOR,33,FIC DE TIPO GENERAL,2020-01-01T00:00:00.000,2020-12-31T00:00:00.000,366,2020
93206,AIC - GRUPOARGOS,28,FIC DE TIPO GENERAL,2020-06-27T00:00:00.000,2020-08-27T00:00:00.000,62,2020
91173,FCP. POR COMPART. AVANTI - COMPART. GARANTIA,20,FONDOS DE CAPITAL PRIVADO,2020-10-15T00:00:00.000,2020-12-31T00:00:00.000,78,2020
76873,FONDO DE CAPITAL PRIVADO PROGRESION PROFUTBOL,11,FONDOS DE CAPITAL PRIVADO,2020-01-01T00:00:00.000,2020-12-31T00:00:00.000,366,2020
50413,FONDO DE CAPITAL PRIVADO TRIBECA FUND I FCP,16,FONDOS DE CAPITAL PRIVADO,2020-01-01T00:00:00.000,2020-12-31T00:00:00.000,366,2020
60200,FONDO DE INVERSIÓN COLECTIVA CERRADO BTG PACTUAL CREDIVALORES I,14,FIC DE TIPO GENERAL,2020-01-01T00:00:00.000,2020-12-31T00:00:00.000,732,2020
22969,FONDO DE INVERSION COLECTIVA ABIERTO SUMAR,22,FIC DE TIPO GENERAL,2020-01-01T00:00:00.000,2020-12-31T00:00:00.000,3957,2020
88799,FONDO DE INVERSION COLECTIVA ABIERTO SIN PACTO DE PERMANECIA DENOMINADO DOLAR EFECTIVO II,62,FIC DE TIPO GENERAL,2020-01-01T00:00:00.000,2020-06-26T00:00:00.000,178,2020
59354,FONDO DE INVERSION COLECTIVA CERRADO GLOBAL SECURITIES CREDIT OPPORTUNITIES FUND FACTURAS,68,FIC DE TIPO GENERAL,2020-01-01T00:00:00.000,2020-12-31T00:00:00.000,366,2020
76770,FONVAL RENTA FIJA ALTO RENDIMIENTO,28,FIC DE TIPO GENERAL,2020-01-01T00:00:00.000,2020-03-11T00:00:00.000,71,2020
90195,FONDO ABIERTO 1525 FC2 FIDUCENTRAL,38,FIC DE TIPO GENERAL,2020-01-01T00:00:00.000,2020-12-31T00:00:00.000,2544,2020
59252,FONDO DE CAPITAL PRIVADO FONDO ESCALA CAPITAL EN LIQUIDACIÓN,22,FONDOS DE CAPITAL PRIVADO,2020-01-01T00:00:00.000,2020-12-31T00:00:00.000,732,2020
58957,FONDO DE CAPITAL PRIVADO INVERSOR COMPARTIMENTO A,26,FONDOS DE CAPITAL PRIVADO,2020-01-01T00:00:00.000,2020-12-31T00:00:00.000,366,2020
95249,FONDO DE INVERSIÓN COLECTIVA ABIERTO BBVA PÁRAMO,3,FIC DE TIPO GENERAL,2020-11-09T00:00:00.000,2020-12-31T00:00:00.000,53,2020
86121,FONDO DE CAPITAL PRIVADO AQUA COMPARTIMENTO CUATRO AQUA IV,63,FONDOS DE CAPITAL PRIVADO,2020-01-01T00:00:00.000,2020-12-31T00:00:00.000,366,2020
8686,FONDO DE INVERSIÓN COLECTIVA ABIERTO CON PACTO DE PERMANENCIA Y  PARTICIPACIONES DIFERENCIALES BBVA,3,FIC DE TIPO GENERAL,2020-01-01T00:00:00.000,2020-12-31T00:00:00.000,667,2020
58921,CREDICORP CAPITAL RENTA FIJA GLOBAL,28,FIC DE TIPO GENERAL,2020-01-01T00:00:00.000,2020-12-31T00:00:00.000,366,2020
74491,FONDO DE CAPITAL PRIVADO POR COMPARTIMENTOS RAIZ - COMPARTIMENTO I,97,FONDOS DE CAPITAL PRIVADO,2020-01-01T00:00:00.000,2020-12-31T00:00:00.000,366,2020
8734,FONDO DE INVERSIÓN COLECTIVA ABIERTO BBVA EFECTIVO CON PARTICIPACIONES DIFERENCIALES,3,FIC DE TIPO GENERAL,2020-01-01T00:00:00.000,2020-12-31T00:00:00.000,3294,2020
94490,FCP SURA . DEUDA PRIVADA - COMPARTIMENTO DEUDA,16,FONDOS DE CAPITAL PRIVADO,2020-09-24T00:00:00.000,2020-12-31T00:00:00.000,198,2020
17653,FONDO DE INVERSION COLECTIVA ABIERTO 1525,25,FIC DE MERCADO MONETARIO,2020-01-01T00:00:00.000,2020-12-31T00:00:00.000,366,2020
58946,FONDO DE CAPITAL PRIVADO ENERGETICO - COMPARTIMENTO A,26,FONDOS DE CAPITAL PRIVADO,2020-01-01T00:00:00.000,2020-12-31T00:00:00.000,366,2020
68940,FONDO DE CAPITAL PRIVADOFONDO DE CAPITAL PRIVADO INVERSIONES GANADERAS COMPARTIMENTO 33,21,FONDOS DE CAPITAL PRIVADO,2020-01-01T00:00:00.000,2020-06-25T00:00:00.000,177,2020
29497,FONDO DE INVERSIÓN COLECTIVA ABIERTO CON PACTO DE PERMANENCIA CUBRIR BALANCEADO INTERNACIONAL,22,FIC DE TIPO GENERAL,2020-01-01T00:00:00.000,2020-12-31T00:00:00.000,732,2020
54077,FONDO DE INVERSIÓN COLECTIVA ABIERTO CON PACTO DE PERMANENCIA ES+,22,FIC DE TIPO GENERAL,2020-01-01T00:00:00.000,2020-12-31T00:00:00.000,1098,2020
85384,FONDO DE INVERSION COLECTIVA ABIERTO ITAU ACCIONES COLOMBIA,23,FIC DE TIPO GENERAL,2020-01-01T00:00:00.000,2020-12-31T00:00:00.000,366,2020
10779,RENTAFACIL FONDO DE INVERSION COLECTIVA ABIERTO,6,FIC DE TIPO GENERAL,2020-01-01T00:00:00.000,2020-12-31T00:00:00.000,2548,2020
58897,CREDICORP CAPITAL RENTA FIJA COLOMBIA,28,FIC DE TIPO GENERAL,2020-01-01T00:00:00.000,2020-12-31T00:00:00.000,366,2020
76275,FONDO DE INVERSIÓN COLECTIVA ABIERTO CON PACTO DE PERMANENCIA RENTAR CAPITAL,18,FIC DE TIPO GENERAL,2020-01-01T00:00:00.000,2020-12-31T00:00:00.000,366,2020
91995,FONDO DE CAPITAL PRIVADO AQUA COMPARTIMENTO CINCO  AQUA V,63,FONDOS DE CAPITAL PRIVADO,2020-03-12T00:00:00.000,2020-12-31T00:00:00.000,295,2020
60606,FONDO DE CAPITAL PRIVADO BTG PACUAL CACAO SUBCOMP Z NECOCLI - COMP I - FCP BTG PACTUAL FCP CACAO,14,FONDOS DE CAPITAL PRIVADO,2020-01-01T00:00:00.000,2020-12-31T00:00:00.000,366,2020
80574,FONDO DE CAPITAL PRIVADO ELIMARC CAPITAL - COMPARTIMENTO SAN PABLO,59,FONDOS DE CAPITAL PRIVADO,2020-01-01T00:00:00.000,2020-12-31T00:00:00.000,366,2020
93199,ACCIONES,28,FIC DE TIPO GENERAL,2020-06-27T00:00:00.000,2020-10-16T00:00:00.000,112,2020
36570,FONDO ABIERTO 1525 FIDUCENTRAL,38,FIC DE TIPO GENERAL,2020-01-01T00:00:00.000,2020-12-31T00:00:00.000,2521,2020
77698,FONDO DE CAPITAL PRIVADO INMOBILIARIO POR COMPARTIMENTOS AZUR - COMPARTIMENTO DORADO PLAZA,97,FONDOS DE CAPITAL PRIVADO,2020-01-01T00:00:00.000,2020-03-30T00:00:00.000,90,2020
3895,FONDO DE INVERSIÓN COLECTIVA ABIERTA SIN PACTO DE PERMANENCIA FIDUEXCEDENTES,31,FIC DE TIPO GENERAL,2020-01-01T00:00:00.000,2020-12-31T00:00:00.000,366,2020
59144,FONDO DE CAPITAL PRIVADO TEKA COLOMBIA I COMPARTIMENTO LP,26,FONDOS DE CAPITAL PRIVADO,2020-01-01T00:00:00.000,2020-12-31T00:00:00.000,366,2020
51615,COMPARTIMENTO A FCP AVENIDA COLOMBIA PEF,20,FONDOS DE CAPITAL PRIVADO,2020-01-01T00:00:00.000,2020-12-31T00:00:00.000,366,2020
60103,FONDO DE INVERSION COLECTIVA ABIERTO SIN PACTO DE PERMANENCIA PERFIL MODERADO,62,FIC DE TIPO GENERAL,2020-01-01T00:00:00.000,2020-06-26T00:00:00.000,178,2020
14173,FONDO DE CAPITAL PRIVADO NEXUS INFRAESTRUCTURA I FCP EN LIQUIDACION,31,FONDOS DE CAPITAL PRIVADO,2020-01-01T00:00:00.000,2020-12-31T00:00:00.000,732,2020
28403,FONDO DE CAPITAL PRIVADO OXO - PROPIEDADES SOSTENIBLES COMPARTIMENTO I. CARTAGENA. OXO - PROPIEDADE,16,FONDOS DE CAPITAL PRIVADO,2020-01-01T00:00:00.000,2020-12-31T00:00:00.000,366,2020
87342,FONDO DE INVERSIÓN COLECTIVA ABIERTO BBVA DIGITAL CON PARTICIPACIONES DIFERENCIALES,3,FIC DE TIPO GENERAL,2020-01-01T00:00:00.000,2020-12-31T00:00:00.000,366,2020
69536,FONDO DE INVERSION COLECTIVA ABIERTO CONFIRENTA,39,FIC DE TIPO GENERAL,2020-01-01T00:00:00.000,2020-12-31T00:00:00.000,2135,2020
51968,FONDO DE INVERSIÓN COLECTIVA INMOBILIARIO CERRADO SKANDIA COMPRAR PARA ARRENDAR-I,7,FIC INMOBILIARIAS,2020-01-01T00:00:00.000,2020-12-31T00:00:00.000,732,2020
11627,FONDO DE INVERSION COLECTIVA ABIERTO RENDIR,25,FIC DE TIPO GENERAL,2020-01-01T00:00:00.000,2020-12-31T00:00:00.000,366,2020
10824,FONDO ABIERTO CON PACTO DE PERMANENCIA CXC,16,FIC DE TIPO GENERAL,2020-01-01T00:00:00.000,2020-12-31T00:00:00.000,2196,2020
73579,FCP - VALOR FORESTAL - CAUCHO 01 (EN LIQUIDACIÓN),38,FONDOS DE CAPITAL PRIVADO,2020-01-01T00:00:00.000,2020-12-31T00:00:00.000,366,2020
95234,FONDO DE INVERSION COLECTIVA INMOBILIARIO RENTA MAS,21,FIC INMOBILIARIAS,2020-12-28T00:00:00.000,2020-12-31T00:00:00.000,16,2020
64228,FONDO DE CAPITAL PRIVADO COMPARTIMENTO SANTANDER I,97,FONDOS DE CAPITAL PRIVADO,2020-01-01T00:00:00.000,2020-12-21T00:00:00.000,356,2020
11407,CARTERA COLECTIVA ABIERTA DE ALTA LIQUIDEZ,12,FIC DE TIPO GENERAL,2020-01-01T00:00:00.000,2020-01-17T00:00:00.000,51,2020
29496,FONDO DE INVERSIÓN COLECTIVA ABIERTO CON PACTO DE PERMANENCIA FIDUACCIÓN,22,FIC DE TIPO GENERAL,2020-01-01T00:00:00.000,2020-12-31T00:00:00.000,366,2020
59143,FONDO DE CAPITAL PRIVADO TEKA COLOMBIA I COMPARTIMENTO GP,26,FONDOS DE CAPITAL PRIVADO,2020-01-01T00:00:00.000,2020-12-31T00:00:00.000,366,2020
59741,FONDO DE INVERSION COLECTIVA ABIERTO RENTA FIJA PLUS,22,FIC DE TIPO GENERAL,2020-01-01T00:00:00.000,2020-12-31T00:00:00.000,366,2020
51218,COMPARTIMENTO INMOBILIARIO TRIPLE A,21,FONDOS DE CAPITAL PRIVADO,2020-01-01T00:00:00.000,2020-12-31T00:00:00.000,366,2020
76989,FONDO DE INVERSION COLECTIVA ABIERTO CON PACTO DE PERMANENCIA AVANZAR 30 DIAS,62,FIC DE TIPO GENERAL,2020-01-01T00:00:00.000,2020-12-31T00:00:00.000,1747,2020
93222,CREDICORP CAPITAL HOLDINGS COLOMBIA,28,FIC DE TIPO GENERAL,2020-06-27T00:00:00.000,2020-12-31T00:00:00.000,355,2020
72413,FONDO DE CAPITAL PRIVADO FONDO PLENTIA INVERSIONES,97,FONDOS DE CAPITAL PRIVADO,2020-01-01T00:00:00.000,2020-12-31T00:00:00.000,366,2020
60509,FONDO DE INVERSIÓN COLECTIVA ABIERTO CON PACTO DE PERMANENCIA ADCAP MULTIPLAZOS,9,FIC DE TIPO GENERAL,2020-01-01T00:00:00.000,2020-12-31T00:00:00.000,366,2020
13263,FONDO DE CAPITAL PRIVADO PROGRESA CAPITAL EN LIQUIDACIÓN,31,FONDOS DE CAPITAL PRIVADO,2020-01-01T00:00:00.000,2020-12-31T00:00:00.000,366,2020
69940,FCP DEUDA INFRAESTRUCTURA COLOMBIA,31,FONDOS DE CAPITAL PRIVADO,2020-01-01T00:00:00.000,2020-12-31T00:00:00.000,366,2020
59078,FONDO DE INVERSIÓN COLECTIVA DIVERSIFICADO MODERADO,26,FIC DE TIPO GENERAL,2020-01-01T00:00:00.000,2020-12-31T00:00:00.000,685,2020
80042,FONDO DE CAPITAL NEXUS INMOBILIARIO - COMPARTIMENTO INMUEBLES BANCO DE BOGOTÁ,21,FONDOS DE CAPITAL PRIVADO,2020-01-01T00:00:00.000,2020-12-31T00:00:00.000,366,2020
58439,FONDO DE INVERSION COLECTIVA CERRADO DENOMINADO ESPARTA 180,62,FIC DE TIPO GENERAL,2020-01-01T00:00:00.000,2020-06-26T00:00:00.000,178,2020
70843,FONDO DE INVERSIÓN COLECTIVA ABIERTO CON PACTO DE PERMANENCIA ALTARENTA,22,FIC DE TIPO GENERAL,2020-01-01T00:00:00.000,2020-12-31T00:00:00.000,732,2020
87505,FONDO DE INVERSION COLECTIVA ABIERTO CON PACTO DE PERMANECIA ESPARTA RENTA DISTRIBUTIVA,62,FIC DE TIPO GENERAL,2020-01-01T00:00:00.000,2020-06-26T00:00:00.000,178,2020
83110,FONDO DE CAPITAL PRIVADO CO-INVERSION EQUITY INFRAESTRUCTURA COLOMBIA EN LIQUIDACION,31,FONDOS DE CAPITAL PRIVADO,2020-01-01T00:00:00.000,2020-12-31T00:00:00.000,732,2020
92319,FONDO DE INVERSIÓN COLECTIVA CERRADO SKANDIA CAT II,7,FIC DE TIPO GENERAL,2020-04-16T00:00:00.000,2020-06-25T00:00:00.000,71,2020
60117,FONDO DE INVERSION COLECTIVA ABIERTO SIN PACTO DE PERMANENCIA PERFIL CONSERVADOR,62,FIC DE TIPO GENERAL,2020-01-01T00:00:00.000,2020-06-26T00:00:00.000,178,2020
73585,FCP - VALOR FORESTAL - CAUCHO 04 (EN LIQUIDACIÓN),38,FONDOS DE CAPITAL PRIVADO,2020-01-01T00:00:00.000,2020-12-31T00:00:00.000,366,2020
60230,FONDO DE CAPITAL PRIVADO MEDICAL,11,FONDOS DE CAPITAL PRIVADO,2020-01-01T00:00:00.000,2020-12-31T00:00:00.000,366,2020
64129,FONDO ASHMORE ANDINO II - FCP COMPARTIMENTO B,16,FONDOS DE CAPITAL PRIVADO,2020-01-01T00:00:00.000,2020-12-31T00:00:00.000,366,2020
60925,COMP III MAS COLOMBIA OPPORTUNITY - FCP MAS COLOMBIA LATAM,9,FONDOS DE CAPITAL PRIVADO,2020-01-01T00:00:00.000,2020-12-30T00:00:00.000,365,2020
95356,CERRADO FACTURAS 120,26,FIC DE TIPO GENERAL,2020-11-19T00:00:00.000,2020-12-31T00:00:00.000,43,2020
29133,FONDO DE INVERSIÓN COLECTIVA ABIERTO FIDUCREDICORP VISTA,59,FIC DE TIPO GENERAL,2020-01-01T00:00:00.000,2020-12-31T00:00:00.000,3810,2020
54577,FONDO DE INVERSION COLECTIVA ABIERTO CON PACTO DE PERMANENCIA ARCO IRIS DEUDA PRIVADA,33,FIC DE TIPO GENERAL,2020-01-01T00:00:00.000,2020-12-31T00:00:00.000,366,2020
81931,FCP COLOMBIAN INFRASTRUCTURE EQUITY FUND - CIEF,21,FONDOS DE CAPITAL PRIVADO,2020-01-01T00:00:00.000,2020-12-31T00:00:00.000,366,2020
58735,FONDO DE INVERSION COLECTIVA  ABIERTO ACCIVAL ACCIONES DINAMICO,3,FIC DE TIPO GENERAL,2020-01-01T00:00:00.000,2020-12-31T00:00:00.000,366,2020
31508,FONDO DE INVERSION COLECTIVA ABIERTO RENTAR 30,18,FIC DE TIPO GENERAL,2020-01-01T00:00:00.000,2020-12-31T00:00:00.000,366,2020
89854,FONDO DE CAPITAL PRIVADO YELLOWSTONE  FUND I - COMPARTIMENTO BI,16,FONDOS DE CAPITAL PRIVADO,2020-01-01T00:00:00.000,2020-12-31T00:00:00.000,1098,2020
93761,FONDO DE INVERSION COLECTIVA ABIERTO SIN PACTO DE PERMANENCIA RENTA FIJA RECURRENTE,21,FIC DE TIPO GENERAL,2020-09-22T00:00:00.000,2020-12-31T00:00:00.000,190,2020
61354,FONDO DE CAPITAL PRIVADO POR COMPARTIMENTOS SERFINCO AGRONEGOCIOS- COMPARTIMENTO CACAO AGROFORESTAL,62,FONDOS DE CAPITAL PRIVADO,2020-01-01T00:00:00.000,2020-06-26T00:00:00.000,178,2020
93204,AIC - ECOPETROL,28,FIC DE TIPO GENERAL,2020-06-27T00:00:00.000,2020-10-16T00:00:00.000,112,2020
59008,FONDO DE CAPITAL PRIVADO TC LATAM - COMPARTIMENTO A,26,FONDOS DE CAPITAL PRIVADO,2020-01-01T00:00:00.000,2020-12-31T00:00:00.000,366,2020
9438,FONDO DE INVERSIÓN COLECTIVA ABIERTO SIN PACTO DE PERMANENCIA OCCIRENTA,21,FIC DE TIPO GENERAL,2020-01-01T00:00:00.000,2020-12-31T00:00:00.000,1830,2020
85659,COMPARTIMENTO SCALE UP FINANCING - AKTIVA FINANCIACIÓN ESTRUCTURADA,20,FONDOS DE CAPITAL PRIVADO,2020-01-01T00:00:00.000,2020-12-31T00:00:00.000,366,2020
42258,COMPARTIMENTO I DEL FONDO DE CAPITAL PRIVADO FINTRA,20,FONDOS DE CAPITAL PRIVADO,2020-01-01T00:00:00.000,2020-12-31T00:00:00.000,366,2020
50287,FONDO DE CAPITAL PRIVADO RUTA DEL SOL COMPARTIMENTO B1,16,FONDOS DE CAPITAL PRIVADO,2020-01-01T00:00:00.000,2020-12-31T00:00:00.000,366,2020
60520,FONDO DE INVERSIÓN COLECTIVA ABIERTO INVERTIR AHORRO PLUS,9,FIC DE TIPO GENERAL,2020-01-01T00:00:00.000,2020-12-31T00:00:00.000,366,2020
60491,FONDO DE INVERSIÓN COLECTIVA ABIERTO CON PACTO DE PERMANENCIA INVERTIR GESTIONADO COLOMBIA,9,FIC DE TIPO GENERAL,2020-01-01T00:00:00.000,2020-12-31T00:00:00.000,366,2020
72906,FONDO DE CAPITAL PRIVADO PALADIN REALTY COLOMBIA COMPARTIMENTO C,26,FONDOS DE CAPITAL PRIVADO,2020-01-01T00:00:00.000,2020-12-31T00:00:00.000,366,2020
90300,FONDO DE INVERSION COLECTIVA ABIERTO CON PACTO DE PERMANENCIA META PLANEADA,21,FIC DE TIPO GENERAL,2020-01-13T00:00:00.000,2020-12-31T00:00:00.000,354,2020
73589,FCP VALOR FORESTAL CAUCHO 8 (EN LIQUIDACIÓN),38,FONDOS DE CAPITAL PRIVADO,2020-01-01T00:00:00.000,2020-12-31T00:00:00.000,366,2020
59014,FONDO DE CAPITAL PRIVADO TC LATAM - COMPARTIMENTO D,26,FONDOS DE CAPITAL PRIVADO,2020-01-01T00:00:00.000,2020-12-31T00:00:00.000,366,2020
75122,COMPARTIMENTO A,25,FONDOS DE CAPITAL PRIVADO,2020-01-01T00:00:00.000,2020-12-31T00:00:00.000,366,2020
53962,FONDO DE INVERSION COLECTA ABIERTO CON PACTO DE PERMANENCIA SURA MULTIESTRATEGIA CREDITO COLOMBIA,58,FIC DE TIPO GENERAL,2020-01-01T00:00:00.000,2020-12-31T00:00:00.000,366,2020
50278,FIC COMPARTIMENTO B SECCIÓN I ASHMORE DEL FONDO DE INFRAESTRUCTURA COLOMBIA ASHMORE - FCP,16,FONDOS DE CAPITAL PRIVADO,2020-01-01T00:00:00.000,2020-12-31T00:00:00.000,366,2020
50402,FONDO DE CAPITAL PRIVADO FUTURO INMOBILIARIO - COMPARTIMENTO UNO,16,FONDOS DE CAPITAL PRIVADO,2020-01-01T00:00:00.000,2020-07-30T00:00:00.000,212,2020
72709,FONDO DE INVERSIÓN COLECTIVA ULTRASERFINCO SECTORIAL HOLDING,62,FIC DE TIPO GENERAL,2020-01-01T00:00:00.000,2020-06-26T00:00:00.000,356,2020
50403,FONDO DE CAPITAL PRIVADO FUTURO INMOBILIARIO - COMPARTIMENTO UNO PARTICIPACIÓN B,16,FONDOS DE CAPITAL PRIVADO,2020-01-01T00:00:00.000,2020-07-30T00:00:00.000,212,2020
66532,COMPARTIMENTO INMUEBLES I,21,FONDOS DE CAPITAL PRIVADO,2020-01-01T00:00:00.000,2020-12-31T00:00:00.000,366,2020
32436,FONDO DE CAPITAL PRIVADO AMERIGO VENTURES PACIFICO,31,FONDOS DE CAPITAL PRIVADO,2020-01-01T00:00:00.000,2020-12-31T00:00:00.000,366,2020
86744,FIC ABIERTO CON PACTO DE PERMANENCIA AVANZAR SOLIDARIO,62,FIC DE TIPO GENERAL,2020-01-01T00:00:00.000,2020-12-31T00:00:00.000,2016,2020
59336,FONDO DE INVERSION COLECTIVA ABIERTO CON PACTO DE PERMANENCIA GLOBAL SECURITIES ACCIONES,68,FIC DE TIPO GENERAL,2020-01-01T00:00:00.000,2020-12-31T00:00:00.000,366,2020
91394,FONDO ABIERTO ALIANZA CON PACTO DE PERMANENCIA MÍNIMA DIVERSIFICACIÓN INMOBILIARIA COLOMBIA,16,FIC DE TIPO GENERAL,2020-02-12T00:00:00.000,2020-12-31T00:00:00.000,1273,2020
13534,CARTERA COLECTIVA FONDO DE INVERSION FORESTAL COLOMBIA,39,FONDOS DE CAPITAL PRIVADO,2020-01-01T00:00:00.000,2020-12-31T00:00:00.000,366,2020
63732,FONDO DE INVERSIÓN COLECTIVA CERRADO BTG PACTUAL OBLIGACIONES DIVERSIFICADO II,14,FIC DE TIPO GENERAL,2020-01-01T00:00:00.000,2020-01-14T00:00:00.000,28,2020
80665,FONDO DE CAPITAL PRIVADO INMOBILIARIO POR COMPARTIMIENTOS AZUR - COMPARTIMIENTO NUEVA VISTA,97,FONDOS DE CAPITAL PRIVADO,2020-01-01T00:00:00.000,2020-12-31T00:00:00.000,366,2020
75716,FONDO DE CAPITAL PRIVADO ARMILLA CAPITAL - COMPARTIMENTO INMOBILIARIO COMERCIAL,16,FONDOS DE CAPITAL PRIVADO,2020-01-01T00:00:00.000,2020-12-31T00:00:00.000,366,2020
21080,"F.C.P. KANDEO FUND I (COLOMBIA), FCP (KFIC)",20,FONDOS DE CAPITAL PRIVADO,2020-01-01T00:00:00.000,2020-12-31T00:00:00.000,366,2020
77780,FCP COMP. GROWTH DEBT - AKTIVA FINANCIACION ESTRUCTURADA,20,FONDOS DE CAPITAL PRIVADO,2020-01-01T00:00:00.000,2020-12-31T00:00:00.000,366,2020
9452,FONDO DE INVERSIÓN COLECTIVA ABIERTO CON PACTO DE PERMANENCIA META CRECIMIENTO,21,FIC DE TIPO GENERAL,2020-01-01T00:00:00.000,2020-12-31T00:00:00.000,366,2020
58954,ALTRA - FONDO DE CAPITAL PRIVADO ALTRA FCP 1 EN LIQUIDACION,26,FONDOS DE CAPITAL PRIVADO,2020-01-01T00:00:00.000,2020-12-31T00:00:00.000,366,2020
66857,FONDO DE CAPITAL PRIVADO LA MONTERA COMPARTIMENTO ALEJANDRIA,16,FONDOS DE CAPITAL PRIVADO,2020-01-01T00:00:00.000,2020-12-31T00:00:00.000,366,2020
67673,COMPARTIMENTO C DEL FCP AVENIDA COLOMBIA PEF,20,FONDOS DE CAPITAL PRIVADO,2020-01-01T00:00:00.000,2020-12-31T00:00:00.000,366,2020
95663,FONDO DE CAPITAL PRIVADO INMOBILIARIO PENNY LANE CAPITAL COMPARTIMENTO I,16,FONDOS DE CAPITAL PRIVADO,2020-12-28T00:00:00.000,2020-12-31T00:00:00.000,8,2020
71191,COMPARTIMENTO SQF- FCP INVERLINK EST INMOBILIARIAS,16,FONDOS DE CAPITAL PRIVADO,2020-01-01T00:00:00.000,2020-12-31T00:00:00.000,366,2020
59740,FONDO DE INVERSION COLECTIVA ABIERTO RENTA SOSTENIBLE GLOBAL,22,FIC DE TIPO GENERAL,2020-01-01T00:00:00.000,2020-12-31T00:00:00.000,366,2020
50410,FONDO DE CAPITAL PRIVADO TRIBECA NATURAL RESOURCES FUND COMP. A TRIBECA NATURAL RESOURCES,16,FONDOS DE CAPITAL PRIVADO,2020-01-01T00:00:00.000,2020-12-31T00:00:00.000,366,2020
15397,FONDO DE INVERSION COLECTIVA ABIERTO CON PACTO DE PERMANENCIA ITAU LARGO PLAZO,23,FIC DE TIPO GENERAL,2020-01-01T00:00:00.000,2020-12-31T00:00:00.000,366,2020
60923,COMP I MAS COLOMBIA LATAM - FCP MAS LATAM,9,FONDOS DE CAPITAL PRIVADO,2020-01-01T00:00:00.000,2020-12-30T00:00:00.000,365,2020
11407,CARTERA COLECTIVA ABIERTA DE ALTA LIQUIDEZ,12,FIC DE MERCADO MONETARIO,2020-01-18T00:00:00.000,2020-12-31T00:00:00.000,1047,2020
75155,FONDO DE INVERSIÓN COLECTIVA ESPARTA PLUS,62,FIC DE TIPO GENERAL,2020-01-01T00:00:00.000,2020-06-26T00:00:00.000,178,2020
58877,FONDO DE INVERSION COLECTIVA ABIERTO CON PACTO DE PERMANENCIA BTG PACTUAL RENTA FIJA COLOMBIA,14,FIC DE TIPO GENERAL,2020-01-01T00:00:00.000,2020-12-31T00:00:00.000,1830,2020
88922,F.C.P CATTLEYA  - COMPARTIMENTO 2,20,FONDOS DE CAPITAL PRIVADO,2020-01-01T00:00:00.000,2020-12-31T00:00:00.000,1608,2020
73583,FCP - VALOR FORESTAL - CAUCHO 03(EN LIQUIDACIÓN),38,FONDOS DE CAPITAL PRIVADO,2020-01-01T00:00:00.000,2020-12-31T00:00:00.000,366,2020
58927,CREDICORP CAPITAL BALANCEADO III,28,FIC DE TIPO GENERAL,2020-01-01T00:00:00.000,2020-12-31T00:00:00.000,366,2020
59500,CARTERA COLECTIVA ESCALONADA INTERBOLSA CREDIT,68,FIC DE TIPO GENERAL,2020-01-01T00:00:00.000,2020-12-31T00:00:00.000,366,2020
72485,FONDO DE INVERSION COLECTIVA RENTA 4 GLOBAL VISTA,63,FIC DE TIPO GENERAL,2020-01-01T00:00:00.000,2020-12-31T00:00:00.000,2166,2020
90278,FONDO DE INVERSIÓN COLECTIVA INMOBILIARIO SIRENTA,3,FIC INMOBILIARIAS,2020-01-01T00:00:00.000,2020-12-31T00:00:00.000,366,2020
85172,FONDO DE CAPITAL PRIVADO AQUA COMPARTIMENTO TRES AQUA III,63,FONDOS DE CAPITAL PRIVADO,2020-01-01T00:00:00.000,2020-12-31T00:00:00.000,1098,2020
73963,FONDO DE INVERSION COLECTIVA ABIERTO CON PACTO DE PERMANENCIA RENTA FIJA DINAMICA,21,FIC DE TIPO GENERAL,2020-01-01T00:00:00.000,2020-12-31T00:00:00.000,366,2020
50261,FONDO DE CAPITAL PRIVADO INVERLINK ESTRUCTURAS INMOBILIARIAS COMPARTIMENTO UNO TIPO DE UNIDAD A,16,FONDOS DE CAPITAL PRIVADO,2020-01-01T00:00:00.000,2020-12-31T00:00:00.000,366,2020
76414,F.I.C. ACCIONES PLUS,20,FIC DE TIPO GENERAL,2020-01-01T00:00:00.000,2020-12-31T00:00:00.000,366,2020
59621,COMPARTIMENTO VACUNAS I,21,FONDOS DE CAPITAL PRIVADO,2020-01-01T00:00:00.000,2020-12-31T00:00:00.000,366,2020
69368,FONDO DE INVERSIÓN COLECTIVA ABIERTO CON PACTO DE PERMANENCIA BBVA AM ESTRATEGIA BALANCEADO GLOBAL,3,FIC DE TIPO GENERAL,2020-01-01T00:00:00.000,2020-12-31T00:00:00.000,366,2020
77640,FCP - VALOR INMOBILIARIO - TERMINALES LOGÍSTICOS DE COLOMBIA - BOGOTA,38,FONDOS DE CAPITAL PRIVADO,2020-01-01T00:00:00.000,2020-12-31T00:00:00.000,1095,2020
88154,FONDO DE INVERSION COLECTIVA PARA TODOS,62,FIC DE TIPO GENERAL,2020-01-01T00:00:00.000,2020-02-13T00:00:00.000,44,2020
93229,CREDICORP CAPITAL FACTORING,28,FIC DE TIPO GENERAL,2020-06-27T00:00:00.000,2020-12-31T00:00:00.000,202,2020
61583,UNIVERSITAS  FONDO DE INVERSION  COLECTIVA ABIERTO CON  PACTO DE  PERMANENCIA,6,FIC DE TIPO GENERAL,2020-01-01T00:00:00.000,2020-12-31T00:00:00.000,366,2020
60197,FONDO DE INVERSIÓN COLECTIVA CERRADO BTG PACTUAL OBLIGACIONES DIVERSIFICADO I,14,FIC DE TIPO GENERAL,2020-01-01T00:00:00.000,2020-12-31T00:00:00.000,366,2020
94909,FONDO DE CAPITAL PRIVADO TAURUS CAPITAL COMPARTIMENTO UNO,68,FONDOS DE CAPITAL PRIVADO,2020-10-17T00:00:00.000,2020-12-31T00:00:00.000,76,2020
59523,FCP EMPRENDIMIENTO E INNOVACION S P - EN LIQUIDACIÓN,28,FONDOS DE CAPITAL PRIVADO,2020-01-01T00:00:00.000,2020-12-31T00:00:00.000,366,2020
59012,FONDO DE CAPITAL PRIVADO TC LATAM - COMPARTIMENTO C,26,FONDOS DE CAPITAL PRIVADO,2020-01-01T00:00:00.000,2020-12-31T00:00:00.000,366,2020
59304,FONDO DE INVERSION COLECTIVA ABIERTO RENTA LIQUIDEZ,22,FIC DE TIPO GENERAL,2020-01-01T00:00:00.000,2020-12-31T00:00:00.000,438,2020
63935,FONDO DE INVERSIÓN COLECTIVA INMOBILIARIO DESARROLLO COLOMBIA I,26,FIC INMOBILIARIAS,2020-01-01T00:00:00.000,2020-12-31T00:00:00.000,366,2020
95409,FONDO DE INVERSIÓN COLECTIVA CERRADO SURA LIBRANZAS I,58,FIC DE TIPO GENERAL,2020-11-23T00:00:00.000,2020-12-31T00:00:00.000,39,2020
78886,FONDO DE INVERSIÓN COLECTIVA RENTA FIJA LARGO PLAZO,26,FIC DE TIPO GENERAL,2020-01-01T00:00:00.000,2020-12-31T00:00:00.000,366,2020
73581,FCP VALOR FORESTAL CAUCHO 2 (EN LIQUIDACIÓN),38,FONDOS DE CAPITAL PRIVADO,2020-01-01T00:00:00.000,2020-12-31T00:00:00.000,366,2020
93225,PERFIL MODERADO,28,FIC DE TIPO GENERAL,2020-06-27T00:00:00.000,2020-08-27T00:00:00.000,62,2020
73593,FCP VALOR FORESTAL CACAO 01 (EN LIQUIDACIÓN),38,FONDOS DE CAPITAL PRIVADO,2020-01-01T00:00:00.000,2020-12-31T00:00:00.000,366,2020
58436,FONDO DE INVERSION COLECTIVA ABIERTO CON PACTO DE PERMANECIA ESPARTA 30,62,FIC DE TIPO GENERAL,2020-01-01T00:00:00.000,2020-06-26T00:00:00.000,178,2020
61653,RENDIR FONDO DE INVERSION COLECTIVA ABIERTO,6,FIC DE TIPO GENERAL,2020-01-01T00:00:00.000,2020-12-31T00:00:00.000,364,2020
63301,FONDO DE INVERSION COLECTIVA ABIERTO RENTA ALTA CONVICCION,22,FIC DE TIPO GENERAL,2020-01-01T00:00:00.000,2020-12-31T00:00:00.000,366,2020
66082,FONDO DE INVERSIÓN COLECTIVA INMOBILIARIO DE RENTA DAVIVIENDA CORREDORES,26,FIC INMOBILIARIAS,2020-01-01T00:00:00.000,2020-12-31T00:00:00.000,366,2020
71258,FONDO DE INVERSION COLECTIVA ABIERTO CON PACTO DE PERMANENCIA BTG PACTUAL ACCIONES INTERNACIONALES,14,FIC DE TIPO GENERAL,2020-01-01T00:00:00.000,2020-12-31T00:00:00.000,1732,2020
69305,FONDO DE INVERSIÓN COLECTIVA CERRADO ACCIVAL ESTRUCTURADO,3,FIC DE TIPO GENERAL,2020-01-01T00:00:00.000,2020-06-19T00:00:00.000,171,2020
51959,FONDO DE INVERSIÓN COLECTIVA SKANDIA MULTIPLAZO,7,FIC DE TIPO GENERAL,2020-01-01T00:00:00.000,2020-12-31T00:00:00.000,3623,2020
71323,FCP FUTURO INMOBILIARIO COMPARTIMENTO II - VIVIENDA,16,FONDOS DE CAPITAL PRIVADO,2020-01-01T00:00:00.000,2020-12-31T00:00:00.000,732,2020
59560,CPVAL HIDROCARBUROS,28,FONDOS DE CAPITAL PRIVADO,2020-01-01T00:00:00.000,2020-12-31T00:00:00.000,366,2020
76407,FONDO DE CAPITAL PRIVADO MALLPLAZA - COMPARTIMENTO UNO,26,FONDOS DE CAPITAL PRIVADO,2020-01-01T00:00:00.000,2020-12-31T00:00:00.000,366,2020
58134,FONDO DE INVERSION COLECTIVA FONDO GNB ABIERTO,34,FIC DE TIPO GENERAL,2020-01-01T00:00:00.000,2020-12-31T00:00:00.000,364,2020
11427,CARTERA COLECTIVA ABIERTA EFECTIVO A LA VISTA,12,FIC DE TIPO GENERAL,2020-01-01T00:00:00.000,2020-12-31T00:00:00.000,2196,2020
73590,FCP - VALOR FORESTAL - CAUCHO 09 (EN LIQUIDACIÓN),38,FONDOS DE CAPITAL PRIVADO,2020-01-01T00:00:00.000,2020-12-31T00:00:00.000,366,2020
50276,FIC COMPARTIMENTO A SECCIÓN I ASHMORE DEL FONDO DE INFRAESTRUCTURA COLOMBIA ASHMORE - FCP,16,FONDOS DE CAPITAL PRIVADO,2020-01-01T00:00:00.000,2020-12-31T00:00:00.000,366,2020
66363,FCP INVERLINK EST INMOBILIARIAS - COMPARTIMENTO RENTAS INMOBILIARIAS,16,FONDOS DE CAPITAL PRIVADO,2020-01-01T00:00:00.000,2020-02-28T00:00:00.000,59,2020
34630,FONDO DE INFRAESTRUCTURA BROOKFIELD COLOMBIA - SUBCOMPARTIMENTO LP,16,FONDOS DE CAPITAL PRIVADO,2020-01-01T00:00:00.000,2020-12-31T00:00:00.000,366,2020
53968,FIC PENSIONES II,58,FIC DE TIPO GENERAL,2020-01-01T00:00:00.000,2020-12-31T00:00:00.000,366,2020
69537,FONDO DE INVERSION COLECTIVA ABIERTO FIC 600,39,FIC DE TIPO GENERAL,2020-01-01T00:00:00.000,2020-12-31T00:00:00.000,3386,2020
58947,FONDO DE CAPITAL PRIVADO ENERGETICO - COMPARTIMENTO B,26,FONDOS DE CAPITAL PRIVADO,2020-01-01T00:00:00.000,2020-12-31T00:00:00.000,366,2020
73586,FCP - VALOR FORESTAL - CAUCHO 05(EN LIQUIDACIÓN),38,FONDOS DE CAPITAL PRIVADO,2020-01-01T00:00:00.000,2020-12-31T00:00:00.000,366,2020
50411,FONDO DE CAPITAL PRIVADO TRIBECA NATURAL RESOURCES FUND COMP. B TRIBECA NATURAL RESOURCES,16,FONDOS DE CAPITAL PRIVADO,2020-01-01T00:00:00.000,2020-12-31T00:00:00.000,366,2020
81088,FCP NEXUS COMP INMUEBLES ALPOPULAR,21,FONDOS DE CAPITAL PRIVADO,2020-01-01T00:00:00.000,2020-12-31T00:00:00.000,366,2020
27283,FONDO DE INFRAESTRUCTURA BROOKFIELD COLOMBIA - COMPARTIMENTO II,16,FONDOS DE CAPITAL PRIVADO,2020-01-01T00:00:00.000,2020-12-31T00:00:00.000,366,2020
93210,AIC - GRUPOSURA,28,FIC DE TIPO GENERAL,2020-06-27T00:00:00.000,2020-08-27T00:00:00.000,62,2020
59079,FIC ACCIONES GLOBALES,26,FIC DE TIPO GENERAL,2020-01-01T00:00:00.000,2020-12-31T00:00:00.000,1367,2020
59950,CPVAL TERMICO - EN LIQUIDACIÓN,28,FONDOS DE CAPITAL PRIVADO,2020-01-01T00:00:00.000,2020-12-31T00:00:00.000,366,2020
59582,FCP VALOR INMOBILIARIO POLIGONOS INDUSTRIALES DE COLOMBIA - CARTAGENA (PIC),21,FONDOS DE CAPITAL PRIVADO,2020-01-01T00:00:00.000,2020-12-31T00:00:00.000,366,2020
10026,FONDO DE INVERSION COLECTIVA SUPERIOR,42,FIC DE TIPO GENERAL,2020-01-01T00:00:00.000,2020-12-31T00:00:00.000,2475,2020
93228,ULTRA INVERSION - EN LIQUIDACION,28,FIC DE TIPO GENERAL,2020-06-27T00:00:00.000,2020-12-31T00:00:00.000,188,2020
2852,FONDO DE INVERSIÓN COLECTIVA ABIERTO FIDUCUENTA,31,FIC DE TIPO GENERAL,2020-01-01T00:00:00.000,2020-12-31T00:00:00.000,366,2020
95981,FONDO DE INVERSION COLECTIVA F6,39,FIC DE TIPO GENERAL,2020-12-22T00:00:00.000,2020-12-31T00:00:00.000,10,2020
60275,FONDO DE INVERSION COLECTIVA ABIERTO RENTAVAL,91,FIC DE TIPO GENERAL,2020-01-01T00:00:00.000,2020-12-31T00:00:00.000,366,2020
58247,FONDO DE DEUDA SENIOR PARA INFRAESTRUCTURA EN COLOMBIA CAF ASHMORE I,16,FONDOS DE CAPITAL PRIVADO,2020-01-01T00:00:00.000,2020-12-31T00:00:00.000,366,2020
74094,"FONDO DE CAPITAL PRIVADO INMOBILIARIO POR COMPARTIMENTOS AZUR, COMPARTIMENTO BLOCPORT",97,FONDOS DE CAPITAL PRIVADO,2020-01-01T00:00:00.000,2020-12-31T00:00:00.000,366,2020
3644,FONDO DE INVERSIÓN COLECTIVA ABIERTO RENTA ACCIONES LATAM,31,FIC DE TIPO GENERAL,2020-01-01T00:00:00.000,2020-12-31T00:00:00.000,1098,2020
60106,FONDO DE INVERSION COLECTIVA ABIERTO SIN PACTO DE PERMANENCIA PERFIL CRECIMIENTO,62,FIC DE TIPO GENERAL,2020-01-01T00:00:00.000,2020-06-26T00:00:00.000,178,2020
44227,FONDO DE CAPITAL PRIVADO VELUM EARLY STAGE FUND I,23,FONDOS DE CAPITAL PRIVADO,2020-01-01T00:00:00.000,2020-12-31T00:00:00.000,366,2020
93201,ESPARTA 180,28,FIC DE TIPO GENERAL,2020-06-27T00:00:00.000,2020-10-16T00:00:00.000,112,2020
60248,FONDO DE INVERSIÓN COLECTIVA CERRADO BTG PACTUAL CREDIVALORES II,14,FIC DE TIPO GENERAL,2020-01-01T00:00:00.000,2020-12-31T00:00:00.000,732,2020
59328,FONDO DE INVERSION COLECTIVA ABIERTO GLOBAL VISTA,68,FIC DE TIPO GENERAL,2020-01-01T00:00:00.000,2020-12-31T00:00:00.000,366,2020
11014,FONDO DE INVERSIÓN COLECTIVA ABIERTO SIN PACTO DE PERMANENCIA ACCION UNO,33,FIC DE TIPO GENERAL,2020-01-01T00:00:00.000,2020-12-31T00:00:00.000,366,2020
60046,FONDO DE INVERSION COLECTIVA CERRADO PROGRESION RENTAMAS,11,FIC DE TIPO GENERAL,2020-01-01T00:00:00.000,2020-12-31T00:00:00.000,1464,2020
58750,FONDO DE INVERSION COLECTIVA CERRADA OCCIDECOL,21,FIC DE TIPO GENERAL,2020-01-01T00:00:00.000,2020-12-31T00:00:00.000,366,2020
77050,FONDO DE CAPITAL PRIVADO MALLPLAZA - COMPARTIMENTO FARO INMOBILIARIO,26,FONDOS DE CAPITAL PRIVADO,2020-01-01T00:00:00.000,2020-12-31T00:00:00.000,366,2020
59501,INMOVAL FONDO INMOBILIARIO,28,FIC INMOBILIARIAS,2020-01-01T00:00:00.000,2020-12-31T00:00:00.000,366,2020
74174,COMPARTIMENTO B FCP AVENIDA COLOMBIA PEF II,20,FONDOS DE CAPITAL PRIVADO,2020-01-01T00:00:00.000,2020-12-31T00:00:00.000,1830,2020
74207,FONDO DE CAPITAL PRIVADO VALOR INMOBILIARIO COMPLEJO LOGISTICO DEL CARIBE,11,FONDOS DE CAPITAL PRIVADO,2020-01-01T00:00:00.000,2020-12-31T00:00:00.000,366,2020
58883,CREDICORP CAPITAL DEUDA CORPORATIVA,28,FIC DE TIPO GENERAL,2020-01-01T00:00:00.000,2020-12-31T00:00:00.000,452,2020
90303,FONDO DE INVERSION COLECTIVA ABIERTO CON PACTO DE PERMANENCIA META DECIDIDA,21,FIC DE TIPO GENERAL,2020-01-10T00:00:00.000,2020-12-31T00:00:00.000,357,2020
66528,COMPARTIMENTO ALIMENTOS VALUARY,21,FONDOS DE CAPITAL PRIVADO,2020-01-01T00:00:00.000,2020-12-31T00:00:00.000,366,2020
3049,FONDO DE INVERSION COLECTIVA ABIERTO CON PACTO DE PERMANENCIA PLAN SEMILLA,31,FIC DE TIPO GENERAL,2020-01-01T00:00:00.000,2020-12-31T00:00:00.000,366,2020
60239,FONDO DE CAPITAL PRIVADO PROGRESION INMOBILIARIO,11,FONDOS DE CAPITAL PRIVADO,2020-01-01T00:00:00.000,2020-12-31T00:00:00.000,366,2020
93625,FONDO DE INVERSION COLECTIVA ABIERTO RENTA FUTURO,22,FIC DE TIPO GENERAL,2020-08-10T00:00:00.000,2020-12-31T00:00:00.000,144,2020
11356,FONDO DE INVERSIÓN COLECTIVA ABIERTO FIDULIQUIDEZ,18,FIC DE TIPO GENERAL,2020-01-01T00:00:00.000,2020-12-31T00:00:00.000,2538,2020
93195,CREDICORP CAPITAL RENTA FIJA ALTO RENDIMIENTO,28,FIC DE TIPO GENERAL,2020-06-27T00:00:00.000,2020-12-31T00:00:00.000,188,2020
10648,FONDO DE INVERSION COLECTIVA ABIERTO ITAU MONEY MARKET,23,FIC DE TIPO GENERAL,2020-01-01T00:00:00.000,2020-12-31T00:00:00.000,1830,2020
72576,FONDO DE INVERSION COLECTIVA ABIERTO CON PACTO DE PERMANENCIA AVANZAR 180 DIAS,62,FIC DE TIPO GENERAL,2020-01-01T00:00:00.000,2020-12-31T00:00:00.000,1543,2020
60678,FONDO BURSÁTIL ISHARES  MSCI COLCAP,73,FIC BURSATILES,2020-01-01T00:00:00.000,2020-12-31T00:00:00.000,366,2020
59009,FONDO DE CAPITAL PRIVADO TC LATAM - COMPARTIMENTO B,26,FONDOS DE CAPITAL PRIVADO,2020-01-01T00:00:00.000,2020-12-31T00:00:00.000,366,2020
58347,FIC INTERÉS,26,FIC DE TIPO GENERAL,2020-01-01T00:00:00.000,2020-12-31T00:00:00.000,980,2020
16373,FIC GESTIÓN,58,FIC DE MERCADO MONETARIO,2020-01-01T00:00:00.000,2020-12-31T00:00:00.000,366,2020
65734,FONDO DE CAPITAL PRIVADO TC LATAM - COMPARTIMENTO G TC LATAM,26,FONDOS DE CAPITAL PRIVADO,2020-01-01T00:00:00.000,2020-12-31T00:00:00.000,366,2020
3814,FONDO DE INVERSIÓN COLECTIVA ABIERTO RENTA FIJA PLAZO,31,FIC DE TIPO GENERAL,2020-01-01T00:00:00.000,2020-12-31T00:00:00.000,366,2020
58948,FONDO DE CAPITAL PRIVADO ENERGETICO - COMPARTIMENTO C,26,FONDOS DE CAPITAL PRIVADO,2020-01-01T00:00:00.000,2020-12-31T00:00:00.000,366,2020
88247,FONDO DE CAPITAL PRIVADO INMOBILIARIO CCLA - COMPARTIMENTO VIVIENDA URBANA EN ARRIENDO I,16,FONDOS DE CAPITAL PRIVADO,2020-01-01T00:00:00.000,2020-12-31T00:00:00.000,1464,2020
9453,FONDO DE INVERSIÓN COLECTIVA ABIERTO SIN PACTO DE PERMANENCIA OCCITESOROS,21,FIC DE TIPO GENERAL,2020-01-01T00:00:00.000,2020-12-31T00:00:00.000,366,2020
66651,FONDO INMOBILIARIO FIDUPAÍS FIC CERRADO NO. 2 EN DERECHOS FIDUCIARIOS SOBRE INMUEBLES,68,FIC INMOBILIARIAS,2020-01-01T00:00:00.000,2020-12-31T00:00:00.000,366,2020
93218,ULTRASERFINCO SECTORIAL ENERGÍA Y PETROLEO,28,FIC DE TIPO GENERAL,2020-06-27T00:00:00.000,2020-10-16T00:00:00.000,224,2020
77049,FONDO DE CAPITAL PRIVADO MALLPLAZA - COMPARTIMENTO AS,26,FONDOS DE CAPITAL PRIVADO,2020-01-01T00:00:00.000,2020-12-31T00:00:00.000,366,2020
93227,CREDICORP CAPITAL GLOBAL BALANCEADO,28,FIC DE TIPO GENERAL,2020-06-27T00:00:00.000,2020-12-31T00:00:00.000,188,2020
71846,FCP 4G CREDICORP CAPITAL - SURA AM COMP LIQUIDEZ I,28,FONDOS DE CAPITAL PRIVADO,2020-01-01T00:00:00.000,2020-12-31T00:00:00.000,1272,2020
50272,FONDO DE CAPITAL PRIVADO RUTA DEL SOL COMPARTIMENTO A1,16,FONDOS DE CAPITAL PRIVADO,2020-01-01T00:00:00.000,2020-12-31T00:00:00.000,366,2020
58741,FICS ABIERTO SIN PACTO DE PERMANENCIA ACCIVAL BALANCEADO,3,FIC DE TIPO GENERAL,2020-01-01T00:00:00.000,2020-09-09T00:00:00.000,253,2020
58445,"FONDO DE INVERSION COLECTIVA ""SERFINCO AIC GRUPO SURA""",62,FIC DE TIPO GENERAL,2020-01-01T00:00:00.000,2020-06-26T00:00:00.000,178,2020
61306,FONDO DE CAPITAL INMOBILIARIO,62,FONDOS DE CAPITAL PRIVADO,2020-01-01T00:00:00.000,2020-06-26T00:00:00.000,178,2020
59854,FONDO DE CAPITAL PRIVADO INVERSIONES GANADERAS COMPARTIMENTO 29,21,FONDOS DE CAPITAL PRIVADO,2020-01-01T00:00:00.000,2020-11-30T00:00:00.000,335,2020
13174,F.I.C. A. MERCADO MONETARIO CONFIANZA PLUS,20,FIC DE MERCADO MONETARIO,2020-01-01T00:00:00.000,2020-12-31T00:00:00.000,366,2020
73454,FONDO DE INVERSION COLECTIVA ULTRASERFINCO SECTORIAL BANCOS,62,FIC DE TIPO GENERAL,2020-01-01T00:00:00.000,2020-06-26T00:00:00.000,356,2020
60168,FONDO DE INVERSIÓN COLECTIVA CERRADO PROGRESIÓN RENTAPLÚS,11,FIC DE TIPO GENERAL,2020-01-01T00:00:00.000,2020-12-31T00:00:00.000,366,2020
65875,FIC FONDO DE SEGURIDAD BOLIVAR,42,FIC DE TIPO GENERAL,2020-01-01T00:00:00.000,2020-12-31T00:00:00.000,366,2020
58918,CREDICORP CAPITAL ACCIONES GLOBALES,28,FIC DE TIPO GENERAL,2020-01-01T00:00:00.000,2020-12-31T00:00:00.000,366,2020
73592,FCP VALOR FORESTAL CAUCHO 11 (EN LIQUIDACIÓN),38,FONDOS DE CAPITAL PRIVADO,2020-01-01T00:00:00.000,2020-12-31T00:00:00.000,366,2020
74841,FONDO DE INVERSION COLECTIVA CERRADO INMOBILIARIO PROGRESION RENTAR II,11,FIC INMOBILIARIAS,2020-01-01T00:00:00.000,2020-12-31T00:00:00.000,366,2020
9645,F.I.C. CON PACTO DE PERMANENCIA CAPITAL PLUS,20,FIC DE TIPO GENERAL,2020-01-01T00:00:00.000,2020-12-31T00:00:00.000,366,2020
8742,FIC ABIERTO BBVA FAM CON PARTICIPACIONES DIFERENCIALES,3,FIC DE TIPO GENERAL,2020-01-01T00:00:00.000,2020-12-31T00:00:00.000,2562,2020
3078,FONDO DE INVERSIÓN COLECTIVA ABIERTO RENTA BALANCEADO,31,FIC DE TIPO GENERAL,2020-01-01T00:00:00.000,2020-12-31T00:00:00.000,366,2020
82379,FIC ABIERTO CON PACTO DE PERMANENCIA AVANZAR 90 DIAS,62,FIC DE TIPO GENERAL,2020-01-01T00:00:00.000,2020-12-31T00:00:00.000,1677,2020
60528,FONDO DE INVERSIÓN COLECTIVA CERRADO CON PLAZO DE REDENCIÓN INVERTIR EN ALTERNATIVOS CLASE 1,9,FIC DE TIPO GENERAL,2020-01-01T00:00:00.000,2020-12-31T00:00:00.000,366,2020
60510,FONDO DE INVERSIÓN COLECTIVA ABIERTO CON PACTO DE PERMANENCIA ADCAP RENTA FIJA COLOMBIA,9,FIC DE TIPO GENERAL,2020-01-01T00:00:00.000,2020-12-31T00:00:00.000,366,2020
96092,FONDO DE CAPITAL PRIVADO COLPATRIA INTERNACIONAL,59,FONDOS DE CAPITAL PRIVADO,2020-12-29T00:00:00.000,2020-12-31T00:00:00.000,3,2020
73723,FONDO DE INVERSIÓN COLECTIVA ABIERTO CON PACTO DE PERMANENCIA ALIANZA RENTA FIJA MERCADOS EMERGENTE,16,FIC DE TIPO GENERAL,2020-01-01T00:00:00.000,2020-12-31T00:00:00.000,1771,2020
86055,FCP CATTLEYA - COMPARTIMENTO 1,20,FONDOS DE CAPITAL PRIVADO,2020-01-01T00:00:00.000,2020-12-31T00:00:00.000,732,2020
65731,FONDO DE CAPITAL PRIVADO TC LATAM - COMPARTIMENTO E TC LATAM,26,FONDOS DE CAPITAL PRIVADO,2020-01-01T00:00:00.000,2020-12-31T00:00:00.000,366,2020
93624,BTG PACTUAL ACCIONES MERCADOS EMERGENTES,14,FIC DE TIPO GENERAL,2020-07-27T00:00:00.000,2020-12-31T00:00:00.000,764,2020
58434,FONDO DE INVERSIÓN COLECTIVA ABIERTO SIN PACTO DE PERMANENCIA ULTRASERFINCO LIQUIDEZ,62,FIC DE TIPO GENERAL,2020-01-01T00:00:00.000,2020-06-26T00:00:00.000,1246,2020
91000,FCP NEXUS COMP INMUEBLES OCCIDENTE,21,FONDOS DE CAPITAL PRIVADO,2020-01-27T00:00:00.000,2020-12-31T00:00:00.000,340,2020
18462,FONDO CASH CONSERVADOR ALIANZA 1525,16,FIC DE TIPO GENERAL,2020-01-01T00:00:00.000,2020-12-31T00:00:00.000,2768,2020
79144,FCP SURA AM INMOBILIARIO,31,FONDOS DE CAPITAL PRIVADO,2020-01-01T00:00:00.000,2020-12-31T00:00:00.000,366,2020
73317,FONDO DE CAPITAL PRIVADO ARMILLA CAPITAL-COMPARTIMENTO ALPES,16,FONDOS DE CAPITAL PRIVADO,2020-01-01T00:00:00.000,2020-12-31T00:00:00.000,366,2020
61112,COMPARTIMENTO DEUDA PRIVADA INFRAESTRUCTURA I,28,FONDOS DE CAPITAL PRIVADO,2020-01-01T00:00:00.000,2020-12-31T00:00:00.000,1098,2020
75993,FONDO DE INVERSIÓN COLECTIVA CERRADO ACCIVAL ESTRUCTURADO II,3,FIC DE TIPO GENERAL,2020-01-01T00:00:00.000,2020-12-31T00:00:00.000,366,2020
77191,FONDO DE CAPITAL PRIVADO INMOBILIARIO SERVIVALORES GNB SUDAMERIS,91,FONDOS DE CAPITAL PRIVADO,2020-01-01T00:00:00.000,2020-12-31T00:00:00.000,366,2020
74196,FONDO DE CAPITAL PRIVADO RENTA INMOBILIARIA,11,FONDOS DE CAPITAL PRIVADO,2020-01-01T00:00:00.000,2020-12-31T00:00:00.000,366,2020
50283,FONDO DE CAPITAL PRIVADO TRG FCP LA I,16,FONDOS DE CAPITAL PRIVADO,2020-01-01T00:00:00.000,2020-12-31T00:00:00.000,366,2020
67598,FONDO DE CAPITAL AGROEMPRESAS COLOMBIA DE SEAF,21,FONDOS DE CAPITAL PRIVADO,2020-01-01T00:00:00.000,2020-12-31T00:00:00.000,366,2020
10650,FONDO DE INVERSION COLECTIVA ABIERTO CON PACTO DE PERMANENCIA ITAU MEDIANO PLAZO,23,FIC DE TIPO GENERAL,2020-01-01T00:00:00.000,2020-12-31T00:00:00.000,366,2020
71197,FONDO DE INVERSIÓN COLECTIVA ABIERTO FIC AVANZAR VISTA,62,FIC DE TIPO GENERAL,2020-01-01T00:00:00.000,2020-12-31T00:00:00.000,1747,2020
53973,FIC GESTIONAR,58,FIC DE TIPO GENERAL,2020-01-01T00:00:00.000,2020-12-31T00:00:00.000,366,2020
93196,CREDICORP CAPITAL RENTA FIJA DISTRIBUTIVA,28,FIC DE TIPO GENERAL,2020-06-27T00:00:00.000,2020-12-31T00:00:00.000,188,2020
50439,COMPARTIMENTO ZONA FRANCA DEL FONDO DE CAPITAL PRIVADO INVERLINK ESTRUCTURAS INMOBILIARIAS,16,FONDOS DE CAPITAL PRIVADO,2020-01-01T00:00:00.000,2020-12-31T00:00:00.000,366,2020
58756,CREDICORP CAPITAL ALTA LIQUIDEZ,28,FIC DE TIPO GENERAL,2020-01-01T00:00:00.000,2020-12-31T00:00:00.000,981,2020
50518,FONDO DE CO-INVERSIÓN CON EL FONDO DE INFRAESTRUCTURA ASHMORE I - FCP  COMPARTIMENTO 3 - CODAD S.A,16,FONDOS DE CAPITAL PRIVADO,2020-01-01T00:00:00.000,2020-12-31T00:00:00.000,366,2020
10659,FONDO DE INVERSION COLECTIVA ABIERTO FIDUGOB,22,FIC DE TIPO GENERAL,2020-01-01T00:00:00.000,2020-12-31T00:00:00.000,3274,2020
59738,FONDO DE INVERSION COLECTIVA ABIERTO RENTA VARIABLE COLOMBIA,22,FIC DE TIPO GENERAL,2020-01-01T00:00:00.000,2020-12-31T00:00:00.000,495,2020
80955,FONDO DE CAPITAL PRIVADO AQUA COMPARTIMENTO UNO AQUA I,63,FONDOS DE CAPITAL PRIVADO,2020-01-01T00:00:00.000,2020-12-31T00:00:00.000,366,2020
93200,ESPARTA 30,28,FIC DE TIPO GENERAL,2020-06-27T00:00:00.000,2020-10-16T00:00:00.000,112,2020
85697,FONDO DE INVERSIÓN COLECTIVA INMOBILIARIO SURA AM RENTAS INMOBILIARIAS,31,FIC INMOBILIARIAS,2020-01-01T00:00:00.000,2020-12-31T00:00:00.000,732,2020
65733,FONDO DE CAPITAL PRIVADO TC LATAM - COMPARTIMENTO F TC LATAM,26,FONDOS DE CAPITAL PRIVADO,2020-01-01T00:00:00.000,2020-12-31T00:00:00.000,366,2020
90256,FONDO DE CAPITAL PRIVADO INMOBILIARIO SALUD COMPARTIMENTO 1,16,FONDOS DE CAPITAL PRIVADO,2020-01-01T00:00:00.000,2020-12-31T00:00:00.000,697,2020
67404,FONDO DE INVERSION COLECTIVA ABIERTO CON PACTO PERMANENCIA ALIANZA RENTA FIJA 90,16,FIC DE TIPO GENERAL,2020-01-01T00:00:00.000,2020-12-31T00:00:00.000,2853,2020
58703,FONDO DE CAPITAL PRIVADO CORREDORES CAPITAL I,26,FONDOS DE CAPITAL PRIVADO,2020-01-01T00:00:00.000,2020-12-31T00:00:00.000,366,2020
60924,COMP II MAS COLOMBIA OPPORTUNITY -FCP MAS COLOMBIA LATAM,9,FONDOS DE CAPITAL PRIVADO,2020-01-01T00:00:00.000,2020-12-30T00:00:00.000,365,2020
81171,FONDO DE INVERSIÓN COLECTIVA CERRADO INMOBILIARIO GRANDES SUPERFICIES,7,FIC INMOBILIARIAS,2020-01-01T00:00:00.000,2020-12-31T00:00:00.000,366,2020
82718,FONDO DE INVERSIÓN COLECTIVA ABIERTO CON PACTO DE PERMANENCIA RENTAPAIS,39,FIC DE TIPO GENERAL,2020-01-01T00:00:00.000,2020-12-31T00:00:00.000,366,2020
28405,FONDO DE CAPITAL PRIVADO OXO - PROPIEDADES SOSTENIBLES COMPARTIMENTO II. OXO - PROPIEDADES SOSTENIB,16,FONDOS DE CAPITAL PRIVADO,2020-01-01T00:00:00.000,2020-12-31T00:00:00.000,366,2020
29495,FONDO DE INVERSIÓN COLECTIVA ABIERTO CON PACTO DE PERMANENCIA ÓPTIMO,22,FIC DE TIPO GENERAL,2020-01-01T00:00:00.000,2020-12-31T00:00:00.000,366,2020
64114,FONDO ASHMORE ANDINO II - FCP COMPARTIMENTO A,16,FONDOS DE CAPITAL PRIVADO,2020-01-01T00:00:00.000,2020-12-31T00:00:00.000,1098,2020
58928,CREDICORP CAPITAL ESTRATEGICO,28,FIC DE TIPO GENERAL,2020-01-01T00:00:00.000,2020-12-31T00:00:00.000,366,2020
60348,FONDO DE INVERSIÓN COLECTIVA INMOBILIARIO VISUM RENTAS INMOBILIARIAS,14,FIC INMOBILIARIAS,2020-01-01T00:00:00.000,2020-12-31T00:00:00.000,485,2020
2971,FONDO DE INVERSION COLECTIVA ABIERTO CON PACTO DE PERMANENCIA FIDURENTA,31,FIC DE TIPO GENERAL,2020-01-01T00:00:00.000,2020-12-31T00:00:00.000,1830,2020
93197,CREDICORP CAPITAL VISTA,28,FIC DE TIPO GENERAL,2020-06-27T00:00:00.000,2020-12-31T00:00:00.000,984,2020
72409,FONDO DE INVERSION COLECTIVA CERRADO ACCICOLF VANGUARDIA ACCIONES ORDINARIAS,21,FIC DE TIPO GENERAL,2020-01-01T00:00:00.000,2020-12-31T00:00:00.000,366,2020
93253,CREDICORP CAPITAL REAL ESTATE 2011 - COMPARTIMENTO UNO EN LIQUIDACIÓN,28,FONDOS DE CAPITAL PRIVADO,2020-06-27T00:00:00.000,2020-12-31T00:00:00.000,188,2020
68802,FONDO DE INVERSIÓN COLECTIVA ULTRASERFINCO GEA,62,FIC DE TIPO GENERAL,2020-01-01T00:00:00.000,2020-06-26T00:00:00.000,178,2020
53954,F.I.C. VALOR PLUS I,20,FIC DE TIPO GENERAL,2020-01-01T00:00:00.000,2020-12-31T00:00:00.000,4758,2020
93213,ULTRASERFINCO SECTORIAL BANCOS,28,FIC DE TIPO GENERAL,2020-06-27T00:00:00.000,2020-10-16T00:00:00.000,224,2020
53970,FONDO DE INVERSION COLECTIVA CERRADO SURA CREDITO PRIVADO COLOMBIA,58,FIC DE TIPO GENERAL,2020-01-01T00:00:00.000,2020-12-31T00:00:00.000,732,2020
32814,FONDO DE INVERSION COLECTIVA CCA RENTALIQUIDA FIDUCAFE,42,FIC DE TIPO GENERAL,2020-01-01T00:00:00.000,2020-12-31T00:00:00.000,1104,2020
86374,FONDO DE CAPITAL PRIVADO AQUA COMPARTIMENTO DOS IKALON,63,FONDOS DE CAPITAL PRIVADO,2020-01-01T00:00:00.000,2020-12-31T00:00:00.000,366,2020
72899,FONDO DE CAPITAL PRIVADO INMOBILIARIO GRUPO PEGASUS COLOMBIA FONDO I COMPARTIMENTO 1 PEGASUS VIVIEN,26,FONDOS DE CAPITAL PRIVADO,2020-01-01T00:00:00.000,2020-12-31T00:00:00.000,732,2020
60532,FONDO DE INVERSIÓN COLECTIVA CERRADO CON PLAZO DE REDENCIÓN INVERTIR EN ALTERNATIVOS CLASE 2,9,FIC DE TIPO GENERAL,2020-01-01T00:00:00.000,2020-12-31T00:00:00.000,366,2020
50304,FONDO DE CAPITAL PRIVADO VALORAR FUTURO,16,FONDOS DE CAPITAL PRIVADO,2020-01-01T00:00:00.000,2020-12-31T00:00:00.000,366,2020
59105,CREDICORP CAPITAL ACCIONES COLOMBIA,28,FIC DE TIPO GENERAL,2020-01-01T00:00:00.000,2020-12-31T00:00:00.000,441,2020
66567,COMP IV UNO MAS COLOMBIA LATAM,9,FONDOS DE CAPITAL PRIVADO,2020-01-01T00:00:00.000,2020-12-31T00:00:00.000,1098,2020
34644,FONDO DE INFRAESTRUCTURA BROOKFIELD COLOMBIA - SUBCOMPARTIMENTO GP,16,FONDOS DE CAPITAL PRIVADO,2020-01-01T00:00:00.000,2020-12-31T00:00:00.000,366,2020
38802,FONDO DE CAPITAL PRIVADO OXO - PROPIEDADES SOSTENIBLES COMPARTIMENTO III. BARRANQUILLA. OXO - PROPI,16,FONDOS DE CAPITAL PRIVADO,2020-01-01T00:00:00.000,2020-12-31T00:00:00.000,366,2020
11962,FONDO DE INVERSIÓN COLECTIVA ABIERTO BBVA PAÍS CON PARTICIPACIONES DIFERENCIALES,3,FIC DE TIPO GENERAL,2020-01-01T00:00:00.000,2020-12-31T00:00:00.000,1253,2020
10025,FONDO DE INVERSION COLECTIVA CONSOLIDAR,42,FIC DE TIPO GENERAL,2020-01-01T00:00:00.000,2020-12-31T00:00:00.000,366,2020
58973,CREDICORP CAPITAL VISION,28,FIC DE TIPO GENERAL,2020-01-01T00:00:00.000,2020-12-31T00:00:00.000,366,2020
67403,FONDO DE INVERSION COLECTIVA ABIERTO CON PACTO DE PERMANENCIA ALIANZA ACCIONES,16,FIC DE TIPO GENERAL,2020-01-01T00:00:00.000,2020-12-31T00:00:00.000,2200,2020
11286,FONDO DE INVERSIÓN COLECTIVA ABIERTO RENTAR,18,FIC DE TIPO GENERAL,2020-01-01T00:00:00.000,2020-12-31T00:00:00.000,4344,2020
96346,FONDO DE CAPITAL PRIVADO PLENTIA INVERSIONES - COMPARTIMENTO II - INVERLOJA,97,FONDOS DE CAPITAL PRIVADO,2020-12-31T00:00:00.000,2020-12-31T00:00:00.000,1,2020
60273,FONDO DE INVERSIÓN COLECTIVA CERRADO BTG PACTUAL CRÉDITO,14,FIC DE TIPO GENERAL,2020-01-01T00:00:00.000,2020-12-31T00:00:00.000,1098,2020
11149,FONDO DE INVERSIÓN COLECTIVA FIDUCOLDEX,40,FIC DE TIPO GENERAL,2020-01-01T00:00:00.000,2020-12-31T00:00:00.000,2667,2020
59076,FIC RENTA FIJA MEDIANO PLAZO MULTIESCALA,26,FIC DE TIPO GENERAL,2020-01-01T00:00:00.000,2020-12-31T00:00:00.000,732,2020
67066,CREDICORP CAPITAL DEUDA CORPORATIVA LATAM,28,FIC DE TIPO GENERAL,2020-01-01T00:00:00.000,2020-12-31T00:00:00.000,366,2020
2713,FONDO DE CAPITAL PRIVADO FONDO INMOBILIARIO COLOMBIA,31,FONDOS DE CAPITAL PRIVADO,2020-01-01T00:00:00.000,2020-12-31T00:00:00.000,366,2020
72905,FONDO DE CAPITAL PRIVADO PALADIN REALTY COLOMBIA COMPARTIMENTO B,26,FONDOS DE CAPITAL PRIVADO,2020-01-01T00:00:00.000,2020-12-31T00:00:00.000,366,2020
81378,FONDO DE INVERSIÓN COLECTIVA CERRADO ACCIVAL ESTRUCTURADO III,3,FIC DE TIPO GENERAL,2020-01-01T00:00:00.000,2020-08-03T00:00:00.000,432,2020
54576,FONDO DE INVERSION COLECTIVA ABIERTO CON PACTO DE PERMANENCIA ARCO IRIS TÍTULOS DEUDA PRIVADA,33,FIC DE TIPO GENERAL,2020-01-01T00:00:00.000,2020-12-31T00:00:00.000,366,2020
75995,"FONDO DE CO-INVERSIÓN CON EL FONDO DE INFRAESTRUCTURA ASHMORE I FCP, COMPARTIMENTO I",16,FONDOS DE CAPITAL PRIVADO,2020-01-01T00:00:00.000,2020-12-31T00:00:00.000,732,2020
62013,FONDO DE INVERSIÓN COLECTIVA ABIERTO SIN PACTO DE PERMANENCIA GLOBAL BALANCEADO,62,FIC DE TIPO GENERAL,2020-01-01T00:00:00.000,2020-06-26T00:00:00.000,178,2020
73591,FCP - VALOR FORESTAL - CAUCHO 10 (EN LIQUIDACIÓN),38,FONDOS DE CAPITAL PRIVADO,2020-01-01T00:00:00.000,2020-12-31T00:00:00.000,366,2020
101060,FONDO DE CAPITAL PRIVADO TECH-O,68,FONDOS DE CAPITAL PRIVADO,2021-10-20T00:00:00.000,2021-12-31T00:00:00.000,73,2021
59355,FONDO DE INVERSION COLECTIVA CERRADO RENTA CRÉDITO,68,FIC DE TIPO GENERAL,2021-01-01T00:00:00.000,2021-12-31T00:00:00.000,365,2021
66289,FCP SURA ASSET MANAGEMENT ? DESARROLLO INMOBILIARIO COMPARTIMENTO GENERAL,16,FONDOS DE CAPITAL PRIVADO,2021-01-01T00:00:00.000,2021-12-31T00:00:00.000,365,2021
92650,FONDO DE CAPITAL PRIVADO CARTAMA POR COMPARTIMENTOS,31,FONDOS DE CAPITAL PRIVADO,2021-01-01T00:00:00.000,2021-12-31T00:00:00.000,1095,2021
83516,FONDO DE INVERSION COLECTIVA INMOBILIARIA PLENTIA RENTAS,97,FIC INMOBILIARIAS,2021-01-01T00:00:00.000,2021-12-31T00:00:00.000,365,2021
78888,FONDO DE INVERSIÓN COLECTIVA DIVERSIFICADO INTERNACIONAL,26,FIC DE TIPO GENERAL,2021-01-01T00:00:00.000,2021-12-31T00:00:00.000,365,2021
10936,FONDO ABIERTO ALIANZA,16,FIC DE TIPO GENERAL,2021-01-01T00:00:00.000,2021-12-31T00:00:00.000,4745,2021
58958,FONDO DE CAPITAL PRIVADO INVERSOR COMPARTIMENTO B,26,FONDOS DE CAPITAL PRIVADO,2021-01-01T00:00:00.000,2021-12-31T00:00:00.000,365,2021
54582,COMPARTIMENTO 6 DEL FONDO DE CO-INVERSIÓN CON EL FONDO DE INFRAESTRUCTURA ASHMORE I FCP,16,FONDOS DE CAPITAL PRIVADO,2021-01-01T00:00:00.000,2021-12-31T00:00:00.000,365,2021
86956,FONDO CAPITAL PRIVADO BANCOLDEX - CAPITAL PARA EMPRENDER,40,FONDOS DE CAPITAL PRIVADO,2021-01-01T00:00:00.000,2021-12-31T00:00:00.000,365,2021
76413,F.I.C. ABIERTA CON PACTO DE PERMANENCIA SOSTENIBLE GLOBAL,20,FIC DE TIPO GENERAL,2021-01-01T00:00:00.000,2021-12-31T00:00:00.000,365,2021
85018,CREDICORP CAPITAL ESTRUCTURADO IX,28,FIC DE TIPO GENERAL,2021-01-01T00:00:00.000,2021-05-04T00:00:00.000,124,2021
96832,FONDO DE INVERSION COLECTIVA ABIERTO CON PACTO DE PERMANENCIA MINIMA ALIANZA RENTA FIJA HIGH YIELD,16,FIC DE TIPO GENERAL,2021-02-05T00:00:00.000,2021-12-31T00:00:00.000,1141,2021
51953,FONDO DE INVERSIÓN COLECTIVA SKANDIA EFECTIVO,7,FIC DE TIPO GENERAL,2021-01-01T00:00:00.000,2021-12-31T00:00:00.000,2555,2021
10440,FONDO DE INVERSION ABIERTO CASH,34,FIC DE TIPO GENERAL,2021-01-01T00:00:00.000,2021-12-31T00:00:00.000,365,2021
71259,FONDO DE INVERSIÓN COLECTIVA ABIERTO CON PACTO DE PERMANENCIA BTG PACTUAL RENTA FIJA INTERNACIONAL,14,FIC DE TIPO GENERAL,2021-01-01T00:00:00.000,2021-12-31T00:00:00.000,1825,2021
9641,F.I.C. CON PACTO DE PERMANENCIA MULTIPLICAR,20,FIC DE TIPO GENERAL,2021-01-01T00:00:00.000,2021-12-31T00:00:00.000,365,2021
80428,ACCIVAL RENTA FIJA 180,3,FIC DE TIPO GENERAL,2021-01-01T00:00:00.000,2021-12-31T00:00:00.000,365,2021
102343,FONDO DE INVERSIÓN COLECTIVA CERRADO DE NATURALEZA APALANCADA SINTÉTICO TASA FIJA,26,FIC DE TIPO GENERAL,2021-12-16T00:00:00.000,2021-12-31T00:00:00.000,16,2021
11207,FONDO AUREOS COLOMBIA,40,FONDOS DE CAPITAL PRIVADO,2021-01-01T00:00:00.000,2021-12-31T00:00:00.000,365,2021
61384,"MAS EQUITY FUND III COLOMBIA, FCP",9,FONDOS DE CAPITAL PRIVADO,2021-01-01T00:00:00.000,2021-12-31T00:00:00.000,364,2021
73587,FCP - VALOR FORESTAL - CAUCHO 06(EN LIQUIDACIÓN),38,FONDOS DE CAPITAL PRIVADO,2021-01-01T00:00:00.000,2021-12-31T00:00:00.000,365,2021
66648,FONDO INMOBILIARIO FIDUPAÍS FIC CERRADO NO. 1 EN DERECHOS FIDUCIARIOS SOBRE INMUEBLES,68,FIC INMOBILIARIAS,2021-01-01T00:00:00.000,2021-12-31T00:00:00.000,365,2021
87265,FONDO DE CAPITAL PRIVADO INMOBILIARIO POR COMPARTIMENTOS AZUR COMPARTIMENTO CHIZO,97,FONDOS DE CAPITAL PRIVADO,2021-01-01T00:00:00.000,2021-12-31T00:00:00.000,365,2021
93198,CREDICORP CAPITAL DOLAR EFECTIVO,28,FIC DE TIPO GENERAL,2021-01-01T00:00:00.000,2021-12-31T00:00:00.000,565,2021
58699,FONDO DE INVERSIÓN COLECTIVA ABIERTO CON PACTO DE PERMANENCIA BTG PACTUAL ACCIONES COLOMBIA,14,FIC DE TIPO GENERAL,2021-01-01T00:00:00.000,2021-12-31T00:00:00.000,1825,2021
9448,FONDO DE INVERSIÓN COLECTIVA ABIERTO SIN PACTO DE PERMANENCIA AVANZA RENTA FIJA,21,FIC DE TIPO GENERAL,2021-01-01T00:00:00.000,2021-12-31T00:00:00.000,365,2021
9792,FONDO DE INVERSION COLECTIVA DAVIPLUS RENTA FIJA PESOS,42,FIC DE TIPO GENERAL,2021-01-01T00:00:00.000,2021-12-31T00:00:00.000,365,2021
58695,FONDO DE INVERSION COLECTIVA ACCIVAL VISTA,3,FIC DE TIPO GENERAL,2021-01-01T00:00:00.000,2021-12-31T00:00:00.000,365,2021
67539,FONDO DE CAPITAL PRIVADO PACTIA INMOBILIARIO,31,FONDOS DE CAPITAL PRIVADO,2021-01-01T00:00:00.000,2021-12-31T00:00:00.000,365,2021
97207,FONDO DE INVERSIÓN COLECTIVA CON PACTO DE PERMANENCIA SKANDIA DINÁMICO,7,FIC DE TIPO GENERAL,2021-03-11T00:00:00.000,2021-12-31T00:00:00.000,1332,2021
89435,FONDO DE CAPITAL PRIVADO INMOBILIARIO YELLOWSTONE REAL ESTATE OPPORTUNITY FUND II,16,FONDOS DE CAPITAL PRIVADO,2021-01-01T00:00:00.000,2021-12-31T00:00:00.000,3285,2021
43502,FONDO BURSÁTIL GLOBAL X COLOMBIA SELECT DE S&P,22,FIC BURSATILES,2021-01-01T00:00:00.000,2021-12-31T00:00:00.000,365,2021
59422,FONVAL DERECHOS ECONOMICOS 2020 EN LIQUIDACIÓN,28,FIC DE TIPO GENERAL,2021-01-01T00:00:00.000,2021-12-31T00:00:00.000,365,2021
72904,FONDO DE CAPITAL PRIVADO PALADIN REALTY COLOMBIA COMPARTIMENTO A,26,FONDOS DE CAPITAL PRIVADO,2021-01-01T00:00:00.000,2021-12-31T00:00:00.000,365,2021
81087,FCP NEXUS COMP INMUEBLES BANCO POPULAR,21,FONDOS DE CAPITAL PRIVADO,2021-01-01T00:00:00.000,2021-12-31T00:00:00.000,365,2021
59356,FONDO DE INVERSION COLECTIVA CERRADO GLOBAL SECURITIES CREDIT OPPORTUNITIES FUND TITULOS VALORES,68,FIC DE TIPO GENERAL,2021-01-01T00:00:00.000,2021-12-31T00:00:00.000,365,2021
99187,FONDO DE CAPITAL PRIVADO PLENTIA INVERSIONES - COMPARTIMENTO III RAIZ,97,FONDOS DE CAPITAL PRIVADO,2021-06-18T00:00:00.000,2021-12-31T00:00:00.000,197,2021
59505,CARTERA COLECTIVA ESCALONADA INTERBOLSA FACTORING,68,FIC DE TIPO GENERAL,2021-01-01T00:00:00.000,2021-12-31T00:00:00.000,365,2021
87268,FONDO DE CAPITAL PRIVADO BTG PACTUAL ACTIVOS ALTERNATIVOS COMPARTIMENTO ACTIVOS CREDITICIOS I,14,FONDOS DE CAPITAL PRIVADO,2021-01-01T00:00:00.000,2021-12-31T00:00:00.000,516,2021
85000,FONDO DE CAPITAL PRIVADO BTG PACTUAL ACTIVOS ALTERNATIVOS COMPARTIMENTO SMPI,14,FONDOS DE CAPITAL PRIVADO,2021-01-01T00:00:00.000,2021-12-31T00:00:00.000,365,2021
53967,FIC COLECTIVO II,58,FIC DE TIPO GENERAL,2021-01-01T00:00:00.000,2021-12-01T00:00:00.000,335,2021
102254,FONDO DE INVERSIÓN COLECTIVA CERRADO SKANDIA CAT VI,7,FIC DE TIPO GENERAL,2021-12-02T00:00:00.000,2021-12-31T00:00:00.000,30,2021
62633,FIDUCOLDEX CAPITAL INTELIGENTE FONDO DE INVERSION COLECTIVA,40,FIC DE TIPO GENERAL,2021-01-01T00:00:00.000,2021-12-31T00:00:00.000,730,2021
96710,FCP NEXUS COMP NEXUS DESARROLLOS INMOBILIARIOS II,21,FONDOS DE CAPITAL PRIVADO,2021-12-21T00:00:00.000,2021-12-31T00:00:00.000,20,2021
11714,FONDO ABIERTO FIDUCIARIA CENTRAL,38,FIC DE TIPO GENERAL,2021-01-01T00:00:00.000,2021-12-31T00:00:00.000,2440,2021
48153,FONDO DE INVERSION COLECTIVA ABIERTO ITAU CORTO PLAZO,23,FIC DE TIPO GENERAL,2021-01-01T00:00:00.000,2021-12-31T00:00:00.000,1825,2021
83314,CREDICORP CAPITAL DERECHOS ECONOMICOS 2026,28,FIC DE TIPO GENERAL,2021-01-01T00:00:00.000,2021-12-31T00:00:00.000,365,2021
80265,FONDO DE INVERSIÓN COLECTIVA ABIERTO CON PACTO DE PERMANENCIA VALOR ESTRATEGICO ? FONDO CON PARTICI,12,FIC DE TIPO GENERAL,2021-01-01T00:00:00.000,2021-12-31T00:00:00.000,365,2021
76410,F.I.C. ESTRATEGIA MODERADA,20,FIC DE TIPO GENERAL,2021-01-01T00:00:00.000,2021-12-31T00:00:00.000,365,2021
76412,F.I.C. DEUDA CORPORATIVA,20,FIC DE TIPO GENERAL,2021-01-01T00:00:00.000,2021-12-31T00:00:00.000,365,2021
81411,FCP NUEVOMUNDO COMPARTIMENTO 1,21,FONDOS DE CAPITAL PRIVADO,2021-01-01T00:00:00.000,2021-12-31T00:00:00.000,365,2021
73588,FCP VALOR FORESTAL CAUCHO 7 (EN LIQUIDACIÓN),38,FONDOS DE CAPITAL PRIVADO,2021-01-01T00:00:00.000,2021-12-31T00:00:00.000,365,2021
50277,FONDO DE CAPITAL PRIVADO RUTA DEL SOL COMPARTIMENTO A2,16,FONDOS DE CAPITAL PRIVADO,2021-01-01T00:00:00.000,2021-12-31T00:00:00.000,365,2021
66509,"FONDO DE INVERSION COLECTIVA CERRADO INMOBILIARIO ""PROGRESION RENTAR 2015""",11,FIC INMOBILIARIAS,2021-01-01T00:00:00.000,2021-12-31T00:00:00.000,364,2021
34163,FONDO CERRADO INMOBILIARIO ALIANZA,16,FIC INMOBILIARIAS,2021-01-01T00:00:00.000,2021-12-31T00:00:00.000,365,2021
93223,CREDICORP CAPITAL BALANCEADO COLOMBIA,28,FIC DE TIPO GENERAL,2021-01-01T00:00:00.000,2021-12-31T00:00:00.000,365,2021
67405,FONDO ABIERTO CON PACTO DE PERMANENCIA ALIANZA RENTA FIJA GLOBAL.,16,FIC DE TIPO GENERAL,2021-01-01T00:00:00.000,2021-12-31T00:00:00.000,1825,2021
50280,FONDO DE CAPITAL PRIVADO RUTA DEL SOL COMPARTIMENTO B2,16,FONDOS DE CAPITAL PRIVADO,2021-01-01T00:00:00.000,2021-12-31T00:00:00.000,365,2021
59954,INMOVAL DESARROLLOS - EN LIQUIDACION,28,FIC INMOBILIARIAS,2021-01-01T00:00:00.000,2021-12-31T00:00:00.000,365,2021
25743,FONDO CERRADO MAS COLOMBIA OPPORTUNITY,16,FIC DE TIPO GENERAL,2021-01-01T00:00:00.000,2021-12-31T00:00:00.000,365,2021
65869,FONDO DE CAPITAL PRIVADO YELLOWSTONE CAPITAL FUND I- COMPARTIMENTO AI,16,FONDOS DE CAPITAL PRIVADO,2021-01-01T00:00:00.000,2021-12-31T00:00:00.000,365,2021
11403,CARTERA COLECTIVA ABIERTA CON PACTO DE PERMANENCIA EFECTIVO A PLAZOS - CARTERA CON COMPARTIMENTOS,12,FIC DE TIPO GENERAL,2021-01-01T00:00:00.000,2021-12-31T00:00:00.000,1627,2021
66652,FONDO DE CAPITAL TERRANUM COMPARTIMENTO,16,FONDOS DE CAPITAL PRIVADO,2021-01-01T00:00:00.000,2021-12-31T00:00:00.000,365,2021
59002,FONDO DE CAPITAL PRIVADO ALTRA FCP II,26,FONDOS DE CAPITAL PRIVADO,2021-01-01T00:00:00.000,2021-12-31T00:00:00.000,365,2021
51220,COMPARTIMENTO DIVERSIFICADO DE DESARROLLOS INMOBILIARIOS,21,FONDOS DE CAPITAL PRIVADO,2021-01-01T00:00:00.000,2021-12-31T00:00:00.000,365,2021
90302,FONDO DE INVERSION COLECTIVA ABIERTO CON PACTO DE PERMANENCIA META ESTRATEGICA,21,FIC DE TIPO GENERAL,2021-01-01T00:00:00.000,2021-12-31T00:00:00.000,365,2021
63109,FONDO DE INVERSION COLECTIVA ABIERTO PROGRESION LIQUIDEZ,11,FIC DE TIPO GENERAL,2021-01-01T00:00:00.000,2021-12-31T00:00:00.000,364,2021
93231,CREDICORP CAPITAL AGRONEGOCIOS - CACAO AGROFORESTAL,28,FONDOS DE CAPITAL PRIVADO,2021-01-01T00:00:00.000,2021-12-31T00:00:00.000,365,2021
73493,FONDO DE CAPITAL PRIVADO YELLOWSTONE CAPITAL FUND I -COMPARTIMENTO PROSCENIO AII,16,FONDOS DE CAPITAL PRIVADO,2021-01-01T00:00:00.000,2021-12-31T00:00:00.000,365,2021
60599,FONDO DE CAPITAL PRIVADO BTG PACUAL CACAO SUBCOMP Z ECOCACAO - COMP I - FCP BTG PACTUAL FCP CACAO,14,FONDOS DE CAPITAL PRIVADO,2021-01-01T00:00:00.000,2021-07-02T00:00:00.000,183,2021
42259,COMPARTIMENTO II DEL FONDO DE CAPITAL PRIVADO FINTRA,20,FONDOS DE CAPITAL PRIVADO,2021-01-01T00:00:00.000,2021-12-31T00:00:00.000,365,2021
90025,FONDO DE CAPITAL PRIVADO SUMATORIA DEUDA GLOBAL,26,FONDOS DE CAPITAL PRIVADO,2021-01-01T00:00:00.000,2021-12-31T00:00:00.000,365,2021
93203,CREDICORP CAPITAL ACCIONES GEA,28,FIC DE TIPO GENERAL,2021-01-01T00:00:00.000,2021-10-15T00:00:00.000,498,2021
58564,FONDO DE INVERSIÓN COLECTIVA ABIERTO BTG PACTUAL LIQUIDEZ,14,FIC DE MERCADO MONETARIO,2021-01-01T00:00:00.000,2021-12-31T00:00:00.000,2190,2021
95589,FONDO DE INVERSION COLECTIVA CERRADO ASHMORE ACCIONES COLOMBIA + LATAM,97,FIC DE TIPO GENERAL,2021-01-01T00:00:00.000,2021-12-31T00:00:00.000,1011,2021
51325,FONDO NAZCA INVESTMENT,21,FONDOS DE CAPITAL PRIVADO,2021-01-01T00:00:00.000,2021-12-31T00:00:00.000,365,2021
100813,FONDO DE CAPITAL PRIVADO TAURUS CAPITAL COMPARTIMIENTO DOS,68,FONDOS DE CAPITAL PRIVADO,2021-10-06T00:00:00.000,2021-12-31T00:00:00.000,87,2021
60567,FONDO DE CAPITAL PRIVADO BTG PACUAL CACAO SUBCOMP A - COMP I - FCP BTG PACTUAL FCP CACAO,14,FONDOS DE CAPITAL PRIVADO,2021-01-01T00:00:00.000,2021-08-05T00:00:00.000,217,2021
96410,FONDO ABIERTO 1525 FC3 FIDUCENTRAL,38,FIC DE TIPO GENERAL,2021-01-19T00:00:00.000,2021-12-31T00:00:00.000,1754,2021
99106,CREDICORP CAPITAL ACCIONES LATAM,28,FIC DE TIPO GENERAL,2021-06-10T00:00:00.000,2021-12-31T00:00:00.000,391,2021
54573,FONDO DE INVERSIÓN COLECTIVA ABIERTO SIN PACTO DE PERMANENCIA ARCO IRIS CONSERVADOR,33,FIC DE TIPO GENERAL,2021-01-01T00:00:00.000,2021-12-31T00:00:00.000,365,2021
96392,FONDO DE INVERSIÓN COLECTIVA ABIERTA CON PACTO DE PERMANENCIA DENOMINADA ADCAP MULTIPLAZOS,16,FIC DE TIPO GENERAL,2021-01-08T00:00:00.000,2021-04-09T00:00:00.000,92,2021
91173,FCP. POR COMPART. AVANTI - COMPART. GARANTIA,20,FONDOS DE CAPITAL PRIVADO,2021-01-01T00:00:00.000,2021-12-31T00:00:00.000,365,2021
76873,FONDO DE CAPITAL PRIVADO PROGRESION PROFUTBOL,11,FONDOS DE CAPITAL PRIVADO,2021-01-01T00:00:00.000,2021-12-31T00:00:00.000,364,2021
99245,COMPARTIMENTO LOCACIAL - FONDO DE CAPITAL PRIVADO LA MONTERA,16,FONDOS DE CAPITAL PRIVADO,2021-06-25T00:00:00.000,2021-12-31T00:00:00.000,190,2021
50413,FONDO DE CAPITAL PRIVADO TRIBECA FUND I FCP,16,FONDOS DE CAPITAL PRIVADO,2021-01-01T00:00:00.000,2021-05-12T00:00:00.000,132,2021
60200,FONDO DE INVERSIÓN COLECTIVA CERRADO BTG PACTUAL CREDIVALORES I,14,FIC DE TIPO GENERAL,2021-01-01T00:00:00.000,2021-12-31T00:00:00.000,730,2021
22969,FONDO DE INVERSION COLECTIVA ABIERTO SUMAR,22,FIC DE TIPO GENERAL,2021-01-01T00:00:00.000,2021-12-31T00:00:00.000,3897,2021
59354,FONDO DE INVERSION COLECTIVA CERRADO GLOBAL SECURITIES CREDIT OPPORTUNITIES FUND FACTURAS,68,FIC DE TIPO GENERAL,2021-01-01T00:00:00.000,2021-12-31T00:00:00.000,365,2021
90195,FONDO ABIERTO 1525 FC2 FIDUCENTRAL,38,FIC DE TIPO GENERAL,2021-01-01T00:00:00.000,2021-12-31T00:00:00.000,2110,2021
101366,FONDO DE INVERSIÓN COLECTIVA ABIERTO CON PACTO DE PERMANENCIA RENOVABLE BALANCEADO MODERADO ALIANZ,16,FIC DE TIPO GENERAL,2021-11-08T00:00:00.000,2021-12-31T00:00:00.000,243,2021
59252,FONDO DE CAPITAL PRIVADO FONDO ESCALA CAPITAL EN LIQUIDACIÓN,22,FONDOS DE CAPITAL PRIVADO,2021-01-01T00:00:00.000,2021-12-31T00:00:00.000,730,2021
58957,FONDO DE CAPITAL PRIVADO INVERSOR COMPARTIMENTO A,26,FONDOS DE CAPITAL PRIVADO,2021-01-01T00:00:00.000,2021-12-31T00:00:00.000,365,2021
95249,FONDO DE INVERSIÓN COLECTIVA ABIERTO BBVA PÁRAMO,3,FIC DE TIPO GENERAL,2021-01-01T00:00:00.000,2021-12-31T00:00:00.000,365,2021
86121,FONDO DE CAPITAL PRIVADO AQUA COMPARTIMENTO CUATRO AQUA IV,63,FONDOS DE CAPITAL PRIVADO,2021-01-01T00:00:00.000,2021-12-31T00:00:00.000,365,2021
8686,FONDO DE INVERSIÓN COLECTIVA ABIERTO CON PACTO DE PERMANENCIA Y  PARTICIPACIONES DIFERENCIALES BBVA,3,FIC DE TIPO GENERAL,2021-01-01T00:00:00.000,2021-12-31T00:00:00.000,730,2021
58921,CREDICORP CAPITAL RENTA FIJA GLOBAL,28,FIC DE TIPO GENERAL,2021-01-01T00:00:00.000,2021-12-31T00:00:00.000,612,2021
100390,FONDO DE CAPITAL PRIVADO RED HOSPITALARIA COLOMBIA,11,FONDOS DE CAPITAL PRIVADO,2021-09-03T00:00:00.000,2021-12-31T00:00:00.000,119,2021
74491,FONDO DE CAPITAL PRIVADO POR COMPARTIMENTOS RAIZ - COMPARTIMENTO I,97,FONDOS DE CAPITAL PRIVADO,2021-01-01T00:00:00.000,2021-11-30T00:00:00.000,334,2021
8734,FONDO DE INVERSIÓN COLECTIVA ABIERTO BBVA EFECTIVO CON PARTICIPACIONES DIFERENCIALES,3,FIC DE TIPO GENERAL,2021-01-01T00:00:00.000,2021-12-31T00:00:00.000,3285,2021
94490,FCP SURA . DEUDA PRIVADA - COMPARTIMENTO DEUDA,16,FONDOS DE CAPITAL PRIVADO,2021-01-01T00:00:00.000,2021-12-31T00:00:00.000,973,2021
17653,FONDO DE INVERSION COLECTIVA ABIERTO 1525,25,FIC DE MERCADO MONETARIO,2021-01-01T00:00:00.000,2021-12-31T00:00:00.000,365,2021
58946,FONDO DE CAPITAL PRIVADO ENERGETICO - COMPARTIMENTO A,26,FONDOS DE CAPITAL PRIVADO,2021-01-01T00:00:00.000,2021-12-31T00:00:00.000,365,2021
29497,FONDO DE INVERSIÓN COLECTIVA ABIERTO CON PACTO DE PERMANENCIA CUBRIR BALANCEADO INTERNACIONAL,22,FIC DE TIPO GENERAL,2021-01-01T00:00:00.000,2021-12-31T00:00:00.000,730,2021
54077,FONDO DE INVERSIÓN COLECTIVA ABIERTO CON PACTO DE PERMANENCIA ES+,22,FIC DE TIPO GENERAL,2021-01-01T00:00:00.000,2021-12-31T00:00:00.000,1095,2021
85384,FONDO DE INVERSION COLECTIVA ABIERTO ITAU ACCIONES COLOMBIA,23,FIC DE TIPO GENERAL,2021-01-01T00:00:00.000,2021-12-31T00:00:00.000,365,2021
10779,RENTAFACIL FONDO DE INVERSION COLECTIVA ABIERTO,6,FIC DE TIPO GENERAL,2021-01-01T00:00:00.000,2021-12-31T00:00:00.000,2555,2021
102184,FONDO CERRADO ALIANZA RENTA FIJA LOCAL AAA,16,FIC DE TIPO GENERAL,2021-12-02T00:00:00.000,2021-12-31T00:00:00.000,112,2021
58897,CREDICORP CAPITAL RENTA FIJA COLOMBIA,28,FIC DE TIPO GENERAL,2021-01-01T00:00:00.000,2021-12-31T00:00:00.000,618,2021
96583,FONDO DE CAPITAL PRIVADO NEXT UTILITY VENTURES,20,FONDOS DE CAPITAL PRIVADO,2021-02-25T00:00:00.000,2021-12-31T00:00:00.000,930,2021
76275,FONDO DE INVERSIÓN COLECTIVA ABIERTO CON PACTO DE PERMANENCIA RENTAR CAPITAL,18,FIC DE TIPO GENERAL,2021-01-01T00:00:00.000,2021-08-18T00:00:00.000,230,2021
91995,FONDO DE CAPITAL PRIVADO AQUA COMPARTIMENTO CINCO  AQUA V,63,FONDOS DE CAPITAL PRIVADO,2021-01-01T00:00:00.000,2021-12-14T00:00:00.000,348,2021
96375,FONDO DE INVERSIÓN COLECTIVA ABIERTO FIC MERCADO MONETARIO ALIANZA,16,FIC DE TIPO GENERAL,2021-01-08T00:00:00.000,2021-04-23T00:00:00.000,152,2021
60606,FONDO DE CAPITAL PRIVADO BTG PACUAL CACAO SUBCOMP Z NECOCLI - COMP I - FCP BTG PACTUAL FCP CACAO,14,FONDOS DE CAPITAL PRIVADO,2021-01-01T00:00:00.000,2021-07-02T00:00:00.000,183,2021
80574,FONDO DE CAPITAL PRIVADO ELIMARC CAPITAL - COMPARTIMENTO SAN PABLO,59,FONDOS DE CAPITAL PRIVADO,2021-01-01T00:00:00.000,2021-12-31T00:00:00.000,365,2021
36570,FONDO ABIERTO 1525 FIDUCENTRAL,38,FIC DE TIPO GENERAL,2021-01-01T00:00:00.000,2021-12-31T00:00:00.000,2353,2021
3895,FONDO DE INVERSIÓN COLECTIVA ABIERTA SIN PACTO DE PERMANENCIA FIDUEXCEDENTES,31,FIC DE TIPO GENERAL,2021-01-01T00:00:00.000,2021-12-31T00:00:00.000,365,2021
59144,FONDO DE CAPITAL PRIVADO TEKA COLOMBIA I COMPARTIMENTO LP,26,FONDOS DE CAPITAL PRIVADO,2021-01-01T00:00:00.000,2021-12-31T00:00:00.000,365,2021
51615,COMPARTIMENTO A FCP AVENIDA COLOMBIA PEF,20,FONDOS DE CAPITAL PRIVADO,2021-01-01T00:00:00.000,2021-12-31T00:00:00.000,365,2021
14173,FONDO DE CAPITAL PRIVADO NEXUS INFRAESTRUCTURA I FCP EN LIQUIDACION,31,FONDOS DE CAPITAL PRIVADO,2021-01-01T00:00:00.000,2021-12-31T00:00:00.000,730,2021
28403,FONDO DE CAPITAL PRIVADO OXO - PROPIEDADES SOSTENIBLES COMPARTIMENTO I. CARTAGENA. OXO - PROPIEDADE,16,FONDOS DE CAPITAL PRIVADO,2021-01-01T00:00:00.000,2021-12-31T00:00:00.000,365,2021
87342,FONDO DE INVERSIÓN COLECTIVA ABIERTO BBVA DIGITAL CON PARTICIPACIONES DIFERENCIALES,3,FIC DE TIPO GENERAL,2021-01-01T00:00:00.000,2021-12-31T00:00:00.000,365,2021
69536,FONDO DE INVERSION COLECTIVA ABIERTO CONFIRENTA,39,FIC DE TIPO GENERAL,2021-01-01T00:00:00.000,2021-12-31T00:00:00.000,1934,2021
51968,FONDO DE INVERSIÓN COLECTIVA INMOBILIARIO CERRADO SKANDIA COMPRAR PARA ARRENDAR-I,7,FIC INMOBILIARIAS,2021-01-01T00:00:00.000,2021-12-31T00:00:00.000,730,2021
102088,FONDO DE CAPITAL PRIVADO BIOAVANTE COMPARTIMENTO VACUNAS I,16,FONDOS DE CAPITAL PRIVADO,2021-12-28T00:00:00.000,2021-12-31T00:00:00.000,4,2021
11627,FONDO DE INVERSION COLECTIVA ABIERTO RENDIR,25,FIC DE TIPO GENERAL,2021-01-01T00:00:00.000,2021-12-31T00:00:00.000,365,2021
10824,FONDO ABIERTO CON PACTO DE PERMANENCIA CXC,16,FIC DE TIPO GENERAL,2021-01-01T00:00:00.000,2021-12-31T00:00:00.000,2190,2021
73579,FCP - VALOR FORESTAL - CAUCHO 01 (EN LIQUIDACIÓN),38,FONDOS DE CAPITAL PRIVADO,2021-01-01T00:00:00.000,2021-12-31T00:00:00.000,365,2021
95234,FONDO DE INVERSION COLECTIVA INMOBILIARIO RENTA MAS,21,FIC INMOBILIARIAS,2021-01-01T00:00:00.000,2021-12-31T00:00:00.000,1072,2021
29496,FONDO DE INVERSIÓN COLECTIVA ABIERTO CON PACTO DE PERMANENCIA FIDUACCIÓN,22,FIC DE TIPO GENERAL,2021-01-01T00:00:00.000,2021-04-30T00:00:00.000,120,2021
59143,FONDO DE CAPITAL PRIVADO TEKA COLOMBIA I COMPARTIMENTO GP,26,FONDOS DE CAPITAL PRIVADO,2021-01-01T00:00:00.000,2021-12-31T00:00:00.000,365,2021
59741,FONDO DE INVERSION COLECTIVA ABIERTO RENTA FIJA PLUS,22,FIC DE TIPO GENERAL,2021-01-01T00:00:00.000,2021-12-31T00:00:00.000,697,2021
51218,COMPARTIMENTO INMOBILIARIO TRIPLE A,21,FONDOS DE CAPITAL PRIVADO,2021-01-01T00:00:00.000,2021-12-31T00:00:00.000,365,2021
76989,FONDO DE INVERSION COLECTIVA ABIERTO CON PACTO DE PERMANENCIA AVANZAR 30 DIAS,62,FIC DE TIPO GENERAL,2021-01-01T00:00:00.000,2021-12-31T00:00:00.000,1823,2021
93222,CREDICORP CAPITAL HOLDINGS COLOMBIA,28,FIC DE TIPO GENERAL,2021-01-01T00:00:00.000,2021-04-09T00:00:00.000,198,2021
72413,FONDO DE CAPITAL PRIVADO FONDO PLENTIA INVERSIONES,97,FONDOS DE CAPITAL PRIVADO,2021-01-01T00:00:00.000,2021-12-31T00:00:00.000,365,2021
102634,FONDO DE CAPITAL PRIVADO AQUA COMPARTIMENTO SEIS AQUA VI,63,FONDOS DE CAPITAL PRIVADO,2021-12-15T00:00:00.000,2021-12-31T00:00:00.000,17,2021
60509,FONDO DE INVERSIÓN COLECTIVA ABIERTO CON PACTO DE PERMANENCIA ADCAP MULTIPLAZOS,9,FIC DE TIPO GENERAL,2021-01-01T00:00:00.000,2021-01-07T00:00:00.000,7,2021
13263,FONDO DE CAPITAL PRIVADO PROGRESA CAPITAL EN LIQUIDACIÓN,31,FONDOS DE CAPITAL PRIVADO,2021-01-01T00:00:00.000,2021-12-31T00:00:00.000,365,2021
69940,FCP DEUDA INFRAESTRUCTURA COLOMBIA,31,FONDOS DE CAPITAL PRIVADO,2021-01-01T00:00:00.000,2021-12-31T00:00:00.000,365,2021
59078,FONDO DE INVERSIÓN COLECTIVA DIVERSIFICADO MODERADO,26,FIC DE TIPO GENERAL,2021-01-01T00:00:00.000,2021-12-31T00:00:00.000,730,2021
80042,FONDO DE CAPITAL NEXUS INMOBILIARIO - COMPARTIMENTO INMUEBLES BANCO DE BOGOTÁ,21,FONDOS DE CAPITAL PRIVADO,2021-01-01T00:00:00.000,2021-12-31T00:00:00.000,365,2021
70843,FONDO DE INVERSIÓN COLECTIVA ABIERTO CON PACTO DE PERMANENCIA ALTARENTA,22,FIC DE TIPO GENERAL,2021-01-01T00:00:00.000,2021-12-31T00:00:00.000,730,2021
103328,FONDO DE CAPITAL PRIVADO VID COMPARTIMENTO I MISHPAT,20,FONDOS DE CAPITAL PRIVADO,2021-12-29T00:00:00.000,2021-12-31T00:00:00.000,12,2021
83110,FONDO DE CAPITAL PRIVADO CO-INVERSION EQUITY INFRAESTRUCTURA COLOMBIA EN LIQUIDACION,31,FONDOS DE CAPITAL PRIVADO,2021-01-01T00:00:00.000,2021-12-31T00:00:00.000,730,2021
73585,FCP - VALOR FORESTAL - CAUCHO 04 (EN LIQUIDACIÓN),38,FONDOS DE CAPITAL PRIVADO,2021-01-01T00:00:00.000,2021-12-31T00:00:00.000,365,2021
60230,FONDO DE CAPITAL PRIVADO MEDICAL,11,FONDOS DE CAPITAL PRIVADO,2021-01-01T00:00:00.000,2021-12-31T00:00:00.000,364,2021
64129,FONDO ASHMORE ANDINO II - FCP COMPARTIMENTO B,16,FONDOS DE CAPITAL PRIVADO,2021-01-01T00:00:00.000,2021-12-31T00:00:00.000,365,2021
60925,COMP III MAS COLOMBIA OPPORTUNITY - FCP MAS COLOMBIA LATAM,9,FONDOS DE CAPITAL PRIVADO,2021-01-01T00:00:00.000,2021-12-31T00:00:00.000,364,2021
99379,FONDO DE CAPITAL PRIVADO PLENTIA INVERSIONES COMPARTIMENTO V PP3,97,FONDOS DE CAPITAL PRIVADO,2021-06-30T00:00:00.000,2021-12-31T00:00:00.000,185,2021
95356,CERRADO FACTURAS 120,26,FIC DE TIPO GENERAL,2021-01-01T00:00:00.000,2021-12-31T00:00:00.000,365,2021
29133,FONDO DE INVERSIÓN COLECTIVA ABIERTO FIDUCREDICORP VISTA,59,FIC DE TIPO GENERAL,2021-01-01T00:00:00.000,2021-12-31T00:00:00.000,3964,2021
96393,FONDO DE INVERSIÓN COLECTIVA ABIERTA CON PACTO DE PERMANENCIA DENOMINADA ADCAP RENTA FIJA COLOMBIA,16,FIC DE TIPO GENERAL,2021-01-08T00:00:00.000,2021-04-09T00:00:00.000,92,2021
54577,FONDO DE INVERSION COLECTIVA ABIERTO CON PACTO DE PERMANENCIA ARCO IRIS DEUDA PRIVADA,33,FIC DE TIPO GENERAL,2021-01-01T00:00:00.000,2021-12-31T00:00:00.000,365,2021
81931,FCP COLOMBIAN INFRASTRUCTURE EQUITY FUND - CIEF,21,FONDOS DE CAPITAL PRIVADO,2021-01-01T00:00:00.000,2021-12-31T00:00:00.000,365,2021
101146,FONDO DE INVERSIÓN COLECTIVA CERRADO SKANDIA CAT IV,7,FIC DE TIPO GENERAL,2021-10-29T00:00:00.000,2021-12-31T00:00:00.000,64,2021
58735,FONDO DE INVERSION COLECTIVA  ABIERTO ACCIVAL ACCIONES DINAMICO,3,FIC DE TIPO GENERAL,2021-01-01T00:00:00.000,2021-12-31T00:00:00.000,365,2021
31508,FONDO DE INVERSION COLECTIVA ABIERTO RENTAR 30,18,FIC DE TIPO GENERAL,2021-01-01T00:00:00.000,2021-12-31T00:00:00.000,365,2021
89854,FONDO DE CAPITAL PRIVADO YELLOWSTONE  FUND I - COMPARTIMENTO BI,16,FONDOS DE CAPITAL PRIVADO,2021-01-01T00:00:00.000,2021-12-31T00:00:00.000,1095,2021
97612,FONDO DE INVERSIÓN COLECTIVA ABIERTO BALANCEADO BBVA GAIA,3,FIC DE TIPO GENERAL,2021-03-19T00:00:00.000,2021-12-31T00:00:00.000,288,2021
93761,FONDO DE INVERSION COLECTIVA ABIERTO SIN PACTO DE PERMANENCIA RENTA FIJA RECURRENTE,21,FIC DE TIPO GENERAL,2021-01-01T00:00:00.000,2021-12-31T00:00:00.000,730,2021
59008,FONDO DE CAPITAL PRIVADO TC LATAM - COMPARTIMENTO A,26,FONDOS DE CAPITAL PRIVADO,2021-01-01T00:00:00.000,2021-12-31T00:00:00.000,365,2021
9438,FONDO DE INVERSIÓN COLECTIVA ABIERTO SIN PACTO DE PERMANENCIA OCCIRENTA,21,FIC DE TIPO GENERAL,2021-01-01T00:00:00.000,2021-12-31T00:00:00.000,1825,2021
102582,FONDO DE INVERSION COLECTIVA ABIERTO RENTA OPTIMA,39,FIC DE TIPO GENERAL,2021-12-14T00:00:00.000,2021-12-31T00:00:00.000,18,2021
85659,COMPARTIMENTO SCALE UP FINANCING - AKTIVA FINANCIACIÓN ESTRUCTURADA,20,FONDOS DE CAPITAL PRIVADO,2021-01-01T00:00:00.000,2021-12-31T00:00:00.000,365,2021
42258,COMPARTIMENTO I DEL FONDO DE CAPITAL PRIVADO FINTRA,20,FONDOS DE CAPITAL PRIVADO,2021-01-01T00:00:00.000,2021-12-31T00:00:00.000,365,2021
50287,FONDO DE CAPITAL PRIVADO RUTA DEL SOL COMPARTIMENTO B1,16,FONDOS DE CAPITAL PRIVADO,2021-01-01T00:00:00.000,2021-12-31T00:00:00.000,365,2021
60520,FONDO DE INVERSIÓN COLECTIVA ABIERTO INVERTIR AHORRO PLUS,9,FIC DE TIPO GENERAL,2021-01-01T00:00:00.000,2021-01-07T00:00:00.000,7,2021
60491,FONDO DE INVERSIÓN COLECTIVA ABIERTO CON PACTO DE PERMANENCIA INVERTIR GESTIONADO COLOMBIA,9,FIC DE TIPO GENERAL,2021-01-01T00:00:00.000,2021-01-07T00:00:00.000,7,2021
72906,FONDO DE CAPITAL PRIVADO PALADIN REALTY COLOMBIA COMPARTIMENTO C,26,FONDOS DE CAPITAL PRIVADO,2021-01-01T00:00:00.000,2021-12-31T00:00:00.000,365,2021
90300,FONDO DE INVERSION COLECTIVA ABIERTO CON PACTO DE PERMANENCIA META PLANEADA,21,FIC DE TIPO GENERAL,2021-01-01T00:00:00.000,2021-12-31T00:00:00.000,365,2021
73589,FCP VALOR FORESTAL CAUCHO 8 (EN LIQUIDACIÓN),38,FONDOS DE CAPITAL PRIVADO,2021-01-01T00:00:00.000,2021-12-31T00:00:00.000,365,2021
59014,FONDO DE CAPITAL PRIVADO TC LATAM - COMPARTIMENTO D,26,FONDOS DE CAPITAL PRIVADO,2021-01-01T00:00:00.000,2021-12-31T00:00:00.000,365,2021
75122,COMPARTIMENTO A,25,FONDOS DE CAPITAL PRIVADO,2021-01-01T00:00:00.000,2021-12-31T00:00:00.000,365,2021
53962,FONDO DE INVERSION COLECTA ABIERTO CON PACTO DE PERMANENCIA SURA MULTIESTRATEGIA CREDITO COLOMBIA,58,FIC DE TIPO GENERAL,2021-01-01T00:00:00.000,2021-12-31T00:00:00.000,365,2021
99740,FONDO DE INVERSIÓN COLECTIVA ABIERTO SIN PACTO DE PERMANENCIA ACCION 1525,33,FIC DE TIPO GENERAL,2021-08-23T00:00:00.000,2021-12-31T00:00:00.000,131,2021
50278,FIC COMPARTIMENTO B SECCIÓN I ASHMORE DEL FONDO DE INFRAESTRUCTURA COLOMBIA ASHMORE - FCP,16,FONDOS DE CAPITAL PRIVADO,2021-01-01T00:00:00.000,2021-12-31T00:00:00.000,365,2021
66532,COMPARTIMENTO INMUEBLES I,21,FONDOS DE CAPITAL PRIVADO,2021-01-01T00:00:00.000,2021-12-31T00:00:00.000,365,2021
32436,FONDO DE CAPITAL PRIVADO AMERIGO VENTURES PACIFICO,31,FONDOS DE CAPITAL PRIVADO,2021-01-01T00:00:00.000,2021-12-31T00:00:00.000,365,2021
86744,FIC ABIERTO CON PACTO DE PERMANENCIA AVANZAR SOLIDARIO,62,FIC DE TIPO GENERAL,2021-01-01T00:00:00.000,2021-06-07T00:00:00.000,936,2021
59336,FONDO DE INVERSION COLECTIVA ABIERTO CON PACTO DE PERMANENCIA GLOBAL SECURITIES ACCIONES,68,FIC DE TIPO GENERAL,2021-01-01T00:00:00.000,2021-12-31T00:00:00.000,365,2021
91394,FONDO ABIERTO ALIANZA CON PACTO DE PERMANENCIA MÍNIMA DIVERSIFICACIÓN INMOBILIARIA COLOMBIA,16,FIC DE TIPO GENERAL,2021-01-01T00:00:00.000,2021-12-31T00:00:00.000,1836,2021
13534,CARTERA COLECTIVA FONDO DE INVERSION FORESTAL COLOMBIA,39,FONDOS DE CAPITAL PRIVADO,2021-01-01T00:00:00.000,2021-12-31T00:00:00.000,365,2021
80665,FONDO DE CAPITAL PRIVADO INMOBILIARIO POR COMPARTIMIENTOS AZUR - COMPARTIMIENTO NUEVA VISTA,97,FONDOS DE CAPITAL PRIVADO,2021-01-01T00:00:00.000,2021-12-31T00:00:00.000,365,2021
75716,FONDO DE CAPITAL PRIVADO ARMILLA CAPITAL - COMPARTIMENTO INMOBILIARIO COMERCIAL,16,FONDOS DE CAPITAL PRIVADO,2021-01-01T00:00:00.000,2021-12-31T00:00:00.000,365,2021
21080,"F.C.P. KANDEO FUND I (COLOMBIA), FCP (KFIC)",20,FONDOS DE CAPITAL PRIVADO,2021-01-01T00:00:00.000,2021-12-31T00:00:00.000,365,2021
77780,FCP COMP. GROWTH DEBT - AKTIVA FINANCIACION ESTRUCTURADA,20,FONDOS DE CAPITAL PRIVADO,2021-01-01T00:00:00.000,2021-12-31T00:00:00.000,365,2021
102495,FONDO DE CAPITAL PRIVADO TC LATAM ESTRUCTURAS INMOBILIARIAS COMPARTIMENTO I,26,FONDOS DE CAPITAL PRIVADO,2021-12-15T00:00:00.000,2021-12-31T00:00:00.000,50,2021
9452,FONDO DE INVERSIÓN COLECTIVA ABIERTO CON PACTO DE PERMANENCIA META CRECIMIENTO,21,FIC DE TIPO GENERAL,2021-01-01T00:00:00.000,2021-12-31T00:00:00.000,365,2021
58954,ALTRA - FONDO DE CAPITAL PRIVADO ALTRA FCP 1 EN LIQUIDACION,26,FONDOS DE CAPITAL PRIVADO,2021-01-01T00:00:00.000,2021-12-31T00:00:00.000,365,2021
88966,FONDO DE CAPITAL PRIVADO INMOBILIARIO SERVITRUST GNB SUDAMERIS,34,FONDOS DE CAPITAL PRIVADO,2021-07-01T00:00:00.000,2021-12-31T00:00:00.000,184,2021
66857,FONDO DE CAPITAL PRIVADO LA MONTERA COMPARTIMENTO ALEJANDRIA,16,FONDOS DE CAPITAL PRIVADO,2021-01-01T00:00:00.000,2021-12-31T00:00:00.000,365,2021
67673,COMPARTIMENTO C DEL FCP AVENIDA COLOMBIA PEF,20,FONDOS DE CAPITAL PRIVADO,2021-01-01T00:00:00.000,2021-12-31T00:00:00.000,365,2021
99575,FONDO MERCADO DE REDUCCIÓN DE EMISIONES - FORE,3,FONDOS DE CAPITAL PRIVADO,2021-07-13T00:00:00.000,2021-12-31T00:00:00.000,344,2021
95663,FONDO DE CAPITAL PRIVADO INMOBILIARIO PENNY LANE CAPITAL COMPARTIMENTO I,16,FONDOS DE CAPITAL PRIVADO,2021-01-01T00:00:00.000,2021-12-31T00:00:00.000,730,2021
71191,COMPARTIMENTO SQF- FCP INVERLINK EST INMOBILIARIAS,16,FONDOS DE CAPITAL PRIVADO,2021-01-01T00:00:00.000,2021-12-31T00:00:00.000,365,2021
59740,FONDO DE INVERSION COLECTIVA ABIERTO RENTA SOSTENIBLE GLOBAL,22,FIC DE TIPO GENERAL,2021-01-01T00:00:00.000,2021-12-31T00:00:00.000,654,2021
50410,FONDO DE CAPITAL PRIVADO TRIBECA NATURAL RESOURCES FUND COMP. A TRIBECA NATURAL RESOURCES,16,FONDOS DE CAPITAL PRIVADO,2021-01-01T00:00:00.000,2021-12-31T00:00:00.000,365,2021
15397,FONDO DE INVERSION COLECTIVA ABIERTO CON PACTO DE PERMANENCIA ITAU LARGO PLAZO,23,FIC DE TIPO GENERAL,2021-01-01T00:00:00.000,2021-12-31T00:00:00.000,365,2021
60923,COMP I MAS COLOMBIA LATAM - FCP MAS LATAM,9,FONDOS DE CAPITAL PRIVADO,2021-01-01T00:00:00.000,2021-12-31T00:00:00.000,364,2021
11407,CARTERA COLECTIVA ABIERTA DE ALTA LIQUIDEZ,12,FIC DE MERCADO MONETARIO,2021-01-01T00:00:00.000,2021-12-31T00:00:00.000,1095,2021
58877,FONDO DE INVERSION COLECTIVA ABIERTO CON PACTO DE PERMANENCIA BTG PACTUAL RENTA FIJA COLOMBIA,14,FIC DE TIPO GENERAL,2021-01-01T00:00:00.000,2021-12-31T00:00:00.000,1825,2021
88922,F.C.P CATTLEYA  - COMPARTIMENTO 2,20,FONDOS DE CAPITAL PRIVADO,2021-01-01T00:00:00.000,2021-12-31T00:00:00.000,1825,2021
73583,FCP - VALOR FORESTAL - CAUCHO 03(EN LIQUIDACIÓN),38,FONDOS DE CAPITAL PRIVADO,2021-01-01T00:00:00.000,2021-12-31T00:00:00.000,365,2021
58927,CREDICORP CAPITAL BALANCEADO III,28,FIC DE TIPO GENERAL,2021-01-01T00:00:00.000,2021-12-31T00:00:00.000,365,2021
97466,FONDO ABIERTO CON PACTO DE PERMANENCIA RENOVABLE ALTERNATIVOS ALIANZA,16,FIC DE TIPO GENERAL,2021-03-15T00:00:00.000,2021-12-31T00:00:00.000,1798,2021
59500,CARTERA COLECTIVA ESCALONADA INTERBOLSA CREDIT,68,FIC DE TIPO GENERAL,2021-01-01T00:00:00.000,2021-12-31T00:00:00.000,365,2021
72485,FONDO DE INVERSION COLECTIVA RENTA 4 GLOBAL VISTA,63,FIC DE TIPO GENERAL,2021-01-01T00:00:00.000,2021-12-31T00:00:00.000,2190,2021
90278,FONDO DE INVERSIÓN COLECTIVA INMOBILIARIO SIRENTA,3,FIC INMOBILIARIAS,2021-01-01T00:00:00.000,2021-12-31T00:00:00.000,365,2021
85172,FONDO DE CAPITAL PRIVADO AQUA COMPARTIMENTO TRES AQUA III,63,FONDOS DE CAPITAL PRIVADO,2021-01-01T00:00:00.000,2021-12-31T00:00:00.000,1095,2021
73963,FONDO DE INVERSION COLECTIVA ABIERTO CON PACTO DE PERMANENCIA RENTA FIJA DINAMICA,21,FIC DE TIPO GENERAL,2021-01-01T00:00:00.000,2021-12-31T00:00:00.000,365,2021
102610,FONDO CERRADO SENTENCIAS NACIÓN II ALIANZA,16,FIC DE TIPO GENERAL,2021-12-15T00:00:00.000,2021-12-31T00:00:00.000,33,2021
50261,FONDO DE CAPITAL PRIVADO INVERLINK ESTRUCTURAS INMOBILIARIAS COMPARTIMENTO UNO TIPO DE UNIDAD A,16,FONDOS DE CAPITAL PRIVADO,2021-01-01T00:00:00.000,2021-12-31T00:00:00.000,365,2021
76414,F.I.C. ACCIONES PLUS,20,FIC DE TIPO GENERAL,2021-01-01T00:00:00.000,2021-12-31T00:00:00.000,365,2021
59621,COMPARTIMENTO VACUNAS I,21,FONDOS DE CAPITAL PRIVADO,2021-01-01T00:00:00.000,2021-12-27T00:00:00.000,361,2021
69368,FONDO DE INVERSIÓN COLECTIVA ABIERTO CON PACTO DE PERMANENCIA BBVA AM ESTRATEGIA BALANCEADO GLOBAL,3,FIC DE TIPO GENERAL,2021-01-01T00:00:00.000,2021-12-31T00:00:00.000,365,2021
77640,FCP - VALOR INMOBILIARIO - TERMINALES LOGÍSTICOS DE COLOMBIA - BOGOTA,38,FONDOS DE CAPITAL PRIVADO,2021-01-01T00:00:00.000,2021-12-31T00:00:00.000,907,2021
93229,CREDICORP CAPITAL FACTORING,28,FIC DE TIPO GENERAL,2021-01-01T00:00:00.000,2021-12-31T00:00:00.000,730,2021
61583,UNIVERSITAS  FONDO DE INVERSION  COLECTIVA ABIERTO CON  PACTO DE  PERMANENCIA,6,FIC DE TIPO GENERAL,2021-01-01T00:00:00.000,2021-12-31T00:00:00.000,365,2021
60197,FONDO DE INVERSIÓN COLECTIVA CERRADO BTG PACTUAL OBLIGACIONES DIVERSIFICADO I,14,FIC DE TIPO GENERAL,2021-01-01T00:00:00.000,2021-06-08T00:00:00.000,159,2021
94909,FONDO DE CAPITAL PRIVADO TAURUS CAPITAL COMPARTIMENTO UNO,68,FONDOS DE CAPITAL PRIVADO,2021-01-01T00:00:00.000,2021-12-31T00:00:00.000,536,2021
59523,FCP EMPRENDIMIENTO E INNOVACION S P - EN LIQUIDACIÓN,28,FONDOS DE CAPITAL PRIVADO,2021-01-01T00:00:00.000,2021-12-31T00:00:00.000,365,2021
59012,FONDO DE CAPITAL PRIVADO TC LATAM - COMPARTIMENTO C,26,FONDOS DE CAPITAL PRIVADO,2021-01-01T00:00:00.000,2021-12-31T00:00:00.000,365,2021
59304,FONDO DE INVERSION COLECTIVA ABIERTO RENTA LIQUIDEZ,22,FIC DE TIPO GENERAL,2021-01-01T00:00:00.000,2021-12-31T00:00:00.000,1162,2021
63935,FONDO DE INVERSIÓN COLECTIVA INMOBILIARIO DESARROLLO COLOMBIA I,26,FIC INMOBILIARIAS,2021-01-01T00:00:00.000,2021-12-31T00:00:00.000,365,2021
95409,FONDO DE INVERSIÓN COLECTIVA CERRADO SURA LIBRANZAS I,58,FIC DE TIPO GENERAL,2021-01-01T00:00:00.000,2021-12-31T00:00:00.000,850,2021
78886,FONDO DE INVERSIÓN COLECTIVA RENTA FIJA LARGO PLAZO,26,FIC DE TIPO GENERAL,2021-01-01T00:00:00.000,2021-12-31T00:00:00.000,365,2021
73581,FCP VALOR FORESTAL CAUCHO 2 (EN LIQUIDACIÓN),38,FONDOS DE CAPITAL PRIVADO,2021-01-01T00:00:00.000,2021-12-31T00:00:00.000,365,2021
98414,FCP. CATTLEYA COMPATIMENTO 4,20,FONDOS DE CAPITAL PRIVADO,2021-08-30T00:00:00.000,2021-12-31T00:00:00.000,248,2021
73593,FCP VALOR FORESTAL CACAO 01 (EN LIQUIDACIÓN),38,FONDOS DE CAPITAL PRIVADO,2021-01-01T00:00:00.000,2021-12-31T00:00:00.000,365,2021
61653,RENDIR FONDO DE INVERSION COLECTIVA ABIERTO,6,FIC DE TIPO GENERAL,2021-01-01T00:00:00.000,2021-12-31T00:00:00.000,365,2021
63301,FONDO DE INVERSION COLECTIVA ABIERTO RENTA ALTA CONVICCION,22,FIC DE TIPO GENERAL,2021-01-01T00:00:00.000,2021-12-31T00:00:00.000,697,2021
66082,FONDO DE INVERSIÓN COLECTIVA INMOBILIARIO DE RENTA DAVIVIENDA CORREDORES,26,FIC INMOBILIARIAS,2021-01-01T00:00:00.000,2021-12-31T00:00:00.000,365,2021
71258,FONDO DE INVERSION COLECTIVA ABIERTO CON PACTO DE PERMANENCIA BTG PACTUAL ACCIONES INTERNACIONALES,14,FIC DE TIPO GENERAL,2021-01-01T00:00:00.000,2021-12-31T00:00:00.000,1825,2021
98186,FIC BBVA VALORES MONEY MARKET,27,FIC DE MERCADO MONETARIO,2021-05-13T00:00:00.000,2021-12-31T00:00:00.000,440,2021
51959,FONDO DE INVERSIÓN COLECTIVA SKANDIA MULTIPLAZO,7,FIC DE TIPO GENERAL,2021-01-01T00:00:00.000,2021-12-31T00:00:00.000,3292,2021
71323,FCP FUTURO INMOBILIARIO COMPARTIMENTO II - VIVIENDA,16,FONDOS DE CAPITAL PRIVADO,2021-01-01T00:00:00.000,2021-12-31T00:00:00.000,730,2021
59560,CPVAL HIDROCARBUROS,28,FONDOS DE CAPITAL PRIVADO,2021-01-01T00:00:00.000,2021-12-31T00:00:00.000,365,2021
76407,FONDO DE CAPITAL PRIVADO MALLPLAZA - COMPARTIMENTO UNO,26,FONDOS DE CAPITAL PRIVADO,2021-01-01T00:00:00.000,2021-12-31T00:00:00.000,365,2021
99250,COMPARTIMENTO NANTES INVERSIONES - FONDO DE CAPITAL PRIVADO LA MONTERA,16,FONDOS DE CAPITAL PRIVADO,2021-06-28T00:00:00.000,2021-12-31T00:00:00.000,187,2021
58134,FONDO DE INVERSION COLECTIVA FONDO GNB ABIERTO,34,FIC DE TIPO GENERAL,2021-01-01T00:00:00.000,2021-12-31T00:00:00.000,365,2021
11427,CARTERA COLECTIVA ABIERTA EFECTIVO A LA VISTA,12,FIC DE TIPO GENERAL,2021-01-01T00:00:00.000,2021-12-31T00:00:00.000,2190,2021
73590,FCP - VALOR FORESTAL - CAUCHO 09 (EN LIQUIDACIÓN),38,FONDOS DE CAPITAL PRIVADO,2021-01-01T00:00:00.000,2021-12-31T00:00:00.000,365,2021
101471,FIC SURA RENTA FIJA COLOMBIA,58,FIC DE TIPO GENERAL,2021-11-03T00:00:00.000,2021-12-31T00:00:00.000,113,2021
50276,FIC COMPARTIMENTO A SECCIÓN I ASHMORE DEL FONDO DE INFRAESTRUCTURA COLOMBIA ASHMORE - FCP,16,FONDOS DE CAPITAL PRIVADO,2021-01-01T00:00:00.000,2021-12-31T00:00:00.000,365,2021
34630,FONDO DE INFRAESTRUCTURA BROOKFIELD COLOMBIA - SUBCOMPARTIMENTO LP,16,FONDOS DE CAPITAL PRIVADO,2021-01-01T00:00:00.000,2021-12-31T00:00:00.000,365,2021
53968,FIC PENSIONES II,58,FIC DE TIPO GENERAL,2021-01-01T00:00:00.000,2021-09-30T00:00:00.000,273,2021
69537,FONDO DE INVERSION COLECTIVA ABIERTO FIC 600,39,FIC DE TIPO GENERAL,2021-01-01T00:00:00.000,2021-12-31T00:00:00.000,4167,2021
58947,FONDO DE CAPITAL PRIVADO ENERGETICO - COMPARTIMENTO B,26,FONDOS DE CAPITAL PRIVADO,2021-01-01T00:00:00.000,2021-09-16T00:00:00.000,259,2021
73586,FCP - VALOR FORESTAL - CAUCHO 05(EN LIQUIDACIÓN),38,FONDOS DE CAPITAL PRIVADO,2021-01-01T00:00:00.000,2021-12-31T00:00:00.000,365,2021
50411,FONDO DE CAPITAL PRIVADO TRIBECA NATURAL RESOURCES FUND COMP. B TRIBECA NATURAL RESOURCES,16,FONDOS DE CAPITAL PRIVADO,2021-01-01T00:00:00.000,2021-12-31T00:00:00.000,365,2021
81088,FCP NEXUS COMP INMUEBLES ALPOPULAR,21,FONDOS DE CAPITAL PRIVADO,2021-01-01T00:00:00.000,2021-12-31T00:00:00.000,365,2021
27283,FONDO DE INFRAESTRUCTURA BROOKFIELD COLOMBIA - COMPARTIMENTO II,16,FONDOS DE CAPITAL PRIVADO,2021-01-01T00:00:00.000,2021-12-31T00:00:00.000,365,2021
59079,FIC ACCIONES GLOBALES,26,FIC DE TIPO GENERAL,2021-01-01T00:00:00.000,2021-12-31T00:00:00.000,848,2021
59950,CPVAL TERMICO - EN LIQUIDACIÓN,28,FONDOS DE CAPITAL PRIVADO,2021-01-01T00:00:00.000,2021-12-31T00:00:00.000,365,2021
59582,FCP VALOR INMOBILIARIO POLIGONOS INDUSTRIALES DE COLOMBIA - CARTAGENA (PIC),21,FONDOS DE CAPITAL PRIVADO,2021-01-01T00:00:00.000,2021-12-31T00:00:00.000,300,2021
10026,FONDO DE INVERSION COLECTIVA SUPERIOR,42,FIC DE TIPO GENERAL,2021-01-01T00:00:00.000,2021-12-31T00:00:00.000,2593,2021
93228,ULTRA INVERSION - EN LIQUIDACION,28,FIC DE TIPO GENERAL,2021-01-01T00:00:00.000,2021-12-31T00:00:00.000,365,2021
2852,FONDO DE INVERSIÓN COLECTIVA ABIERTO FIDUCUENTA,31,FIC DE TIPO GENERAL,2021-01-01T00:00:00.000,2021-12-31T00:00:00.000,365,2021
95981,FONDO DE INVERSION COLECTIVA F6,39,FIC DE TIPO GENERAL,2021-01-01T00:00:00.000,2021-12-31T00:00:00.000,365,2021
60275,FONDO DE INVERSION COLECTIVA ABIERTO RENTAVAL,91,FIC DE TIPO GENERAL,2021-01-01T00:00:00.000,2021-12-31T00:00:00.000,365,2021
58247,FONDO DE DEUDA SENIOR PARA INFRAESTRUCTURA EN COLOMBIA CAF ASHMORE I,16,FONDOS DE CAPITAL PRIVADO,2021-01-01T00:00:00.000,2021-12-31T00:00:00.000,365,2021
74094,"FONDO DE CAPITAL PRIVADO INMOBILIARIO POR COMPARTIMENTOS AZUR, COMPARTIMENTO BLOCPORT",97,FONDOS DE CAPITAL PRIVADO,2021-01-01T00:00:00.000,2021-12-31T00:00:00.000,365,2021
3644,FONDO DE INVERSIÓN COLECTIVA ABIERTO RENTA ACCIONES LATAM,31,FIC DE TIPO GENERAL,2021-01-01T00:00:00.000,2021-12-31T00:00:00.000,1095,2021
44227,FONDO DE CAPITAL PRIVADO VELUM EARLY STAGE FUND I,23,FONDOS DE CAPITAL PRIVADO,2021-01-01T00:00:00.000,2021-12-31T00:00:00.000,365,2021
99251,COMPARTIMENTO ASIS INVEST - FONDO DE CAPITAL PRIVADO LA MONTERA,16,FONDOS DE CAPITAL PRIVADO,2021-06-29T00:00:00.000,2021-12-31T00:00:00.000,186,2021
60248,FONDO DE INVERSIÓN COLECTIVA CERRADO BTG PACTUAL CREDIVALORES II,14,FIC DE TIPO GENERAL,2021-01-01T00:00:00.000,2021-12-31T00:00:00.000,730,2021
59328,FONDO DE INVERSION COLECTIVA ABIERTO GLOBAL VISTA,68,FIC DE TIPO GENERAL,2021-01-01T00:00:00.000,2021-12-31T00:00:00.000,365,2021
11014,FONDO DE INVERSIÓN COLECTIVA ABIERTO SIN PACTO DE PERMANENCIA ACCION UNO,33,FIC DE TIPO GENERAL,2021-01-01T00:00:00.000,2021-12-31T00:00:00.000,365,2021
60046,FONDO DE INVERSION COLECTIVA CERRADO PROGRESION RENTAMAS,11,FIC DE TIPO GENERAL,2021-01-01T00:00:00.000,2021-12-31T00:00:00.000,1456,2021
58750,FONDO DE INVERSION COLECTIVA CERRADA OCCIDECOL,21,FIC DE TIPO GENERAL,2021-01-01T00:00:00.000,2021-12-31T00:00:00.000,365,2021
77050,FONDO DE CAPITAL PRIVADO MALLPLAZA - COMPARTIMENTO FARO INMOBILIARIO,26,FONDOS DE CAPITAL PRIVADO,2021-01-01T00:00:00.000,2021-12-31T00:00:00.000,365,2021
97588,FONDO DE INVERSIÓN COLECTIVA CERRADO SENTENCIAS NACIÓN ALIANZA,16,FIC DE TIPO GENERAL,2021-03-25T00:00:00.000,2021-12-31T00:00:00.000,1096,2021
59501,INMOVAL FONDO INMOBILIARIO,28,FIC INMOBILIARIAS,2021-01-01T00:00:00.000,2021-12-31T00:00:00.000,365,2021
74174,COMPARTIMENTO B FCP AVENIDA COLOMBIA PEF II,20,FONDOS DE CAPITAL PRIVADO,2021-01-01T00:00:00.000,2021-12-31T00:00:00.000,1825,2021
74207,FONDO DE CAPITAL PRIVADO VALOR INMOBILIARIO COMPLEJO LOGISTICO DEL CARIBE,11,FONDOS DE CAPITAL PRIVADO,2021-01-01T00:00:00.000,2021-12-31T00:00:00.000,364,2021
58883,CREDICORP CAPITAL DEUDA CORPORATIVA,28,FIC DE TIPO GENERAL,2021-01-01T00:00:00.000,2021-12-31T00:00:00.000,1095,2021
90303,FONDO DE INVERSION COLECTIVA ABIERTO CON PACTO DE PERMANENCIA META DECIDIDA,21,FIC DE TIPO GENERAL,2021-01-01T00:00:00.000,2021-12-31T00:00:00.000,365,2021
66528,COMPARTIMENTO ALIMENTOS VALUARY,21,FONDOS DE CAPITAL PRIVADO,2021-01-01T00:00:00.000,2021-12-31T00:00:00.000,365,2021
3049,FONDO DE INVERSION COLECTIVA ABIERTO CON PACTO DE PERMANENCIA PLAN SEMILLA,31,FIC DE TIPO GENERAL,2021-01-01T00:00:00.000,2021-12-31T00:00:00.000,365,2021
60239,FONDO DE CAPITAL PRIVADO PROGRESION INMOBILIARIO,11,FONDOS DE CAPITAL PRIVADO,2021-01-01T00:00:00.000,2021-12-31T00:00:00.000,364,2021
93625,FONDO DE INVERSION COLECTIVA ABIERTO RENTA FUTURO,22,FIC DE TIPO GENERAL,2021-01-01T00:00:00.000,2021-12-31T00:00:00.000,697,2021
11356,FONDO DE INVERSIÓN COLECTIVA ABIERTO FIDULIQUIDEZ,18,FIC DE TIPO GENERAL,2021-01-01T00:00:00.000,2021-12-31T00:00:00.000,1861,2021
96938,FONDO DE CAPITAL PRIVADO CATTLEYA COMPATIMENTO 3,20,FONDOS DE CAPITAL PRIVADO,2021-02-18T00:00:00.000,2021-12-31T00:00:00.000,634,2021
93195,CREDICORP CAPITAL RENTA FIJA ALTO RENDIMIENTO,28,FIC DE TIPO GENERAL,2021-01-01T00:00:00.000,2021-05-21T00:00:00.000,141,2021
10648,FONDO DE INVERSION COLECTIVA ABIERTO ITAU MONEY MARKET,23,FIC DE TIPO GENERAL,2021-01-01T00:00:00.000,2021-12-31T00:00:00.000,1825,2021
101962,COMPARTIMENTO DEUDA PRIVADA PYMES COLOMBIA,40,FONDOS DE CAPITAL PRIVADO,2021-12-27T00:00:00.000,2021-12-31T00:00:00.000,5,2021
72576,FONDO DE INVERSION COLECTIVA ABIERTO CON PACTO DE PERMANENCIA AVANZAR 180 DIAS,62,FIC DE TIPO GENERAL,2021-01-01T00:00:00.000,2021-12-31T00:00:00.000,1823,2021
60678,FONDO BURSÁTIL ISHARES  MSCI COLCAP,73,FIC BURSATILES,2021-01-01T00:00:00.000,2021-12-31T00:00:00.000,365,2021
59009,FONDO DE CAPITAL PRIVADO TC LATAM - COMPARTIMENTO B,26,FONDOS DE CAPITAL PRIVADO,2021-01-01T00:00:00.000,2021-12-31T00:00:00.000,365,2021
58347,FIC INTERÉS,26,FIC DE TIPO GENERAL,2021-01-01T00:00:00.000,2021-12-31T00:00:00.000,964,2021
16373,FIC GESTIÓN,58,FIC DE MERCADO MONETARIO,2021-01-01T00:00:00.000,2021-07-22T00:00:00.000,203,2021
65734,FONDO DE CAPITAL PRIVADO TC LATAM - COMPARTIMENTO G TC LATAM,26,FONDOS DE CAPITAL PRIVADO,2021-01-01T00:00:00.000,2021-12-31T00:00:00.000,365,2021
3814,FONDO DE INVERSIÓN COLECTIVA ABIERTO RENTA FIJA PLAZO,31,FIC DE TIPO GENERAL,2021-01-01T00:00:00.000,2021-12-31T00:00:00.000,365,2021
58948,FONDO DE CAPITAL PRIVADO ENERGETICO - COMPARTIMENTO C,26,FONDOS DE CAPITAL PRIVADO,2021-01-01T00:00:00.000,2021-12-31T00:00:00.000,365,2021
88247,FONDO DE CAPITAL PRIVADO INMOBILIARIO CCLA - COMPARTIMENTO VIVIENDA URBANA EN ARRIENDO I,16,FONDOS DE CAPITAL PRIVADO,2021-01-01T00:00:00.000,2021-12-31T00:00:00.000,1460,2021
9453,FONDO DE INVERSIÓN COLECTIVA ABIERTO SIN PACTO DE PERMANENCIA OCCITESOROS,21,FIC DE TIPO GENERAL,2021-01-01T00:00:00.000,2021-12-31T00:00:00.000,731,2021
66651,FONDO INMOBILIARIO FIDUPAÍS FIC CERRADO NO. 2 EN DERECHOS FIDUCIARIOS SOBRE INMUEBLES,68,FIC INMOBILIARIAS,2021-01-01T00:00:00.000,2021-12-31T00:00:00.000,365,2021
77049,FONDO DE CAPITAL PRIVADO MALLPLAZA - COMPARTIMENTO AS,26,FONDOS DE CAPITAL PRIVADO,2021-01-01T00:00:00.000,2021-12-31T00:00:00.000,365,2021
93227,CREDICORP CAPITAL GLOBAL BALANCEADO,28,FIC DE TIPO GENERAL,2021-01-01T00:00:00.000,2021-04-09T00:00:00.000,99,2021
101555,FIC FONDO CERRADO RENTA FIJA,31,FIC DE TIPO GENERAL,2021-11-09T00:00:00.000,2021-12-31T00:00:00.000,53,2021
71846,FCP 4G CREDICORP CAPITAL - SURA AM COMP LIQUIDEZ I,28,FONDOS DE CAPITAL PRIVADO,2021-01-01T00:00:00.000,2021-12-31T00:00:00.000,1095,2021
50272,FONDO DE CAPITAL PRIVADO RUTA DEL SOL COMPARTIMENTO A1,16,FONDOS DE CAPITAL PRIVADO,2021-01-01T00:00:00.000,2021-12-31T00:00:00.000,365,2021
13174,F.I.C. A. MERCADO MONETARIO CONFIANZA PLUS,20,FIC DE MERCADO MONETARIO,2021-01-01T00:00:00.000,2021-12-31T00:00:00.000,365,2021
60168,FONDO DE INVERSIÓN COLECTIVA CERRADO PROGRESIÓN RENTAPLÚS,11,FIC DE TIPO GENERAL,2021-01-01T00:00:00.000,2021-12-31T00:00:00.000,364,2021
65875,FIC FONDO DE SEGURIDAD BOLIVAR,42,FIC DE TIPO GENERAL,2021-01-01T00:00:00.000,2021-12-31T00:00:00.000,365,2021
58918,CREDICORP CAPITAL ACCIONES GLOBALES,28,FIC DE TIPO GENERAL,2021-01-01T00:00:00.000,2021-12-31T00:00:00.000,608,2021
73592,FCP VALOR FORESTAL CAUCHO 11 (EN LIQUIDACIÓN),38,FONDOS DE CAPITAL PRIVADO,2021-01-01T00:00:00.000,2021-12-31T00:00:00.000,365,2021
74841,FONDO DE INVERSION COLECTIVA CERRADO INMOBILIARIO PROGRESION RENTAR II,11,FIC INMOBILIARIAS,2021-01-01T00:00:00.000,2021-12-31T00:00:00.000,364,2021
9645,F.I.C. CON PACTO DE PERMANENCIA CAPITAL PLUS,20,FIC DE TIPO GENERAL,2021-01-01T00:00:00.000,2021-12-31T00:00:00.000,365,2021
8742,FIC ABIERTO BBVA FAM CON PARTICIPACIONES DIFERENCIALES,3,FIC DE TIPO GENERAL,2021-01-01T00:00:00.000,2021-12-31T00:00:00.000,2555,2021
3078,FONDO DE INVERSIÓN COLECTIVA ABIERTO RENTA BALANCEADO,31,FIC DE TIPO GENERAL,2021-01-01T00:00:00.000,2021-12-31T00:00:00.000,365,2021
82379,FIC ABIERTO CON PACTO DE PERMANENCIA AVANZAR 90 DIAS,62,FIC DE TIPO GENERAL,2021-01-01T00:00:00.000,2021-12-31T00:00:00.000,1821,2021
60528,FONDO DE INVERSIÓN COLECTIVA CERRADO CON PLAZO DE REDENCIÓN INVERTIR EN ALTERNATIVOS CLASE 1,9,FIC DE TIPO GENERAL,2021-01-01T00:00:00.000,2021-12-22T00:00:00.000,355,2021
60510,FONDO DE INVERSIÓN COLECTIVA ABIERTO CON PACTO DE PERMANENCIA ADCAP RENTA FIJA COLOMBIA,9,FIC DE TIPO GENERAL,2021-01-01T00:00:00.000,2021-01-07T00:00:00.000,7,2021
96092,FONDO DE CAPITAL PRIVADO COLPATRIA INTERNACIONAL,59,FONDOS DE CAPITAL PRIVADO,2021-01-01T00:00:00.000,2021-12-31T00:00:00.000,365,2021
73723,FONDO DE INVERSIÓN COLECTIVA ABIERTO CON PACTO DE PERMANENCIA ALIANZA RENTA FIJA MERCADOS EMERGENTE,16,FIC DE TIPO GENERAL,2021-01-01T00:00:00.000,2021-12-31T00:00:00.000,1592,2021
86055,FCP CATTLEYA - COMPARTIMENTO 1,20,FONDOS DE CAPITAL PRIVADO,2021-01-01T00:00:00.000,2021-12-31T00:00:00.000,1011,2021
65731,FONDO DE CAPITAL PRIVADO TC LATAM - COMPARTIMENTO E TC LATAM,26,FONDOS DE CAPITAL PRIVADO,2021-01-01T00:00:00.000,2021-12-31T00:00:00.000,365,2021
93624,BTG PACTUAL ACCIONES MERCADOS EMERGENTES,14,FIC DE TIPO GENERAL,2021-01-01T00:00:00.000,2021-12-31T00:00:00.000,1825,2021
96394,FONDO DE INVERSIÓN COLECTIVA ABIERTO DENOMINADO INVERTIR GESTIONADO,16,FIC DE TIPO GENERAL,2021-01-08T00:00:00.000,2021-04-09T00:00:00.000,92,2021
99433,FIC SURA MULTIACTIVO CRECIMIENTO,58,FIC DE TIPO GENERAL,2021-07-01T00:00:00.000,2021-12-31T00:00:00.000,357,2021
91000,FCP NEXUS COMP INMUEBLES OCCIDENTE,21,FONDOS DE CAPITAL PRIVADO,2021-01-01T00:00:00.000,2021-12-31T00:00:00.000,365,2021
18462,FONDO CASH CONSERVADOR ALIANZA 1525,16,FIC DE TIPO GENERAL,2021-01-01T00:00:00.000,2021-12-31T00:00:00.000,3302,2021
79144,FCP SURA AM INMOBILIARIO,31,FONDOS DE CAPITAL PRIVADO,2021-01-01T00:00:00.000,2021-12-31T00:00:00.000,365,2021
73317,FONDO DE CAPITAL PRIVADO ARMILLA CAPITAL-COMPARTIMENTO ALPES,16,FONDOS DE CAPITAL PRIVADO,2021-01-01T00:00:00.000,2021-12-31T00:00:00.000,365,2021
61112,COMPARTIMENTO DEUDA PRIVADA INFRAESTRUCTURA I,28,FONDOS DE CAPITAL PRIVADO,2021-01-01T00:00:00.000,2021-12-31T00:00:00.000,1095,2021
75993,FONDO DE INVERSIÓN COLECTIVA CERRADO ACCIVAL ESTRUCTURADO II,3,FIC DE TIPO GENERAL,2021-01-01T00:00:00.000,2021-04-13T00:00:00.000,103,2021
77191,FONDO DE CAPITAL PRIVADO INMOBILIARIO SERVIVALORES GNB SUDAMERIS,91,FONDOS DE CAPITAL PRIVADO,2021-01-01T00:00:00.000,2021-12-31T00:00:00.000,365,2021
74196,FONDO DE CAPITAL PRIVADO RENTA INMOBILIARIA,11,FONDOS DE CAPITAL PRIVADO,2021-01-01T00:00:00.000,2021-12-31T00:00:00.000,364,2021
50283,FONDO DE CAPITAL PRIVADO TRG FCP LA I,16,FONDOS DE CAPITAL PRIVADO,2021-01-01T00:00:00.000,2021-12-31T00:00:00.000,365,2021
67598,FONDO DE CAPITAL AGROEMPRESAS COLOMBIA DE SEAF,21,FONDOS DE CAPITAL PRIVADO,2021-01-01T00:00:00.000,2021-12-31T00:00:00.000,365,2021
10650,FONDO DE INVERSION COLECTIVA ABIERTO CON PACTO DE PERMANENCIA ITAU MEDIANO PLAZO,23,FIC DE TIPO GENERAL,2021-01-01T00:00:00.000,2021-12-31T00:00:00.000,365,2021
71197,FONDO DE INVERSIÓN COLECTIVA ABIERTO FIC AVANZAR VISTA,62,FIC DE TIPO GENERAL,2021-01-01T00:00:00.000,2021-12-31T00:00:00.000,2537,2021
53973,FIC GESTIONAR,58,FIC DE TIPO GENERAL,2021-01-01T00:00:00.000,2021-12-31T00:00:00.000,365,2021
93196,CREDICORP CAPITAL RENTA FIJA DISTRIBUTIVA,28,FIC DE TIPO GENERAL,2021-01-01T00:00:00.000,2021-05-21T00:00:00.000,141,2021
50439,COMPARTIMENTO ZONA FRANCA DEL FONDO DE CAPITAL PRIVADO INVERLINK ESTRUCTURAS INMOBILIARIAS,16,FONDOS DE CAPITAL PRIVADO,2021-01-01T00:00:00.000,2021-12-31T00:00:00.000,365,2021
58756,CREDICORP CAPITAL ALTA LIQUIDEZ,28,FIC DE TIPO GENERAL,2021-01-01T00:00:00.000,2021-12-31T00:00:00.000,1825,2021
50518,FONDO DE CO-INVERSIÓN CON EL FONDO DE INFRAESTRUCTURA ASHMORE I - FCP  COMPARTIMENTO 3 - CODAD S.A,16,FONDOS DE CAPITAL PRIVADO,2021-01-01T00:00:00.000,2021-12-31T00:00:00.000,365,2021
10659,FONDO DE INVERSION COLECTIVA ABIERTO FIDUGOB,22,FIC DE TIPO GENERAL,2021-01-01T00:00:00.000,2021-12-31T00:00:00.000,3282,2021
59738,FONDO DE INVERSION COLECTIVA ABIERTO RENTA VARIABLE COLOMBIA,22,FIC DE TIPO GENERAL,2021-01-01T00:00:00.000,2021-12-31T00:00:00.000,730,2021
80955,FONDO DE CAPITAL PRIVADO AQUA COMPARTIMENTO UNO AQUA I,63,FONDOS DE CAPITAL PRIVADO,2021-01-01T00:00:00.000,2021-12-31T00:00:00.000,365,2021
85697,FONDO DE INVERSIÓN COLECTIVA INMOBILIARIO SURA AM RENTAS INMOBILIARIAS,31,FIC INMOBILIARIAS,2021-01-01T00:00:00.000,2021-12-31T00:00:00.000,730,2021
100095,BTG PACTUAL DINAMICO,14,FIC DE TIPO GENERAL,2021-08-17T00:00:00.000,2021-12-31T00:00:00.000,545,2021
65733,FONDO DE CAPITAL PRIVADO TC LATAM - COMPARTIMENTO F TC LATAM,26,FONDOS DE CAPITAL PRIVADO,2021-01-01T00:00:00.000,2021-12-31T00:00:00.000,365,2021
90256,FONDO DE CAPITAL PRIVADO INMOBILIARIO SALUD COMPARTIMENTO 1,16,FONDOS DE CAPITAL PRIVADO,2021-01-01T00:00:00.000,2021-12-31T00:00:00.000,730,2021
101924,FONDO DE INVERSIÓN COLECTIVA CERRADO SKANDIA CAT V,7,FIC DE TIPO GENERAL,2021-11-23T00:00:00.000,2021-12-31T00:00:00.000,39,2021
67404,FONDO DE INVERSION COLECTIVA ABIERTO CON PACTO PERMANENCIA ALIANZA RENTA FIJA 90,16,FIC DE TIPO GENERAL,2021-01-01T00:00:00.000,2021-12-31T00:00:00.000,2716,2021
58703,FONDO DE CAPITAL PRIVADO CORREDORES CAPITAL I,26,FONDOS DE CAPITAL PRIVADO,2021-01-01T00:00:00.000,2021-12-31T00:00:00.000,365,2021
60924,COMP II MAS COLOMBIA OPPORTUNITY -FCP MAS COLOMBIA LATAM,9,FONDOS DE CAPITAL PRIVADO,2021-01-01T00:00:00.000,2021-12-31T00:00:00.000,364,2021
81171,FONDO DE INVERSIÓN COLECTIVA CERRADO INMOBILIARIO GRANDES SUPERFICIES,7,FIC INMOBILIARIAS,2021-01-01T00:00:00.000,2021-12-31T00:00:00.000,365,2021
82718,FONDO DE INVERSIÓN COLECTIVA ABIERTO CON PACTO DE PERMANENCIA RENTAPAIS,39,FIC DE TIPO GENERAL,2021-01-01T00:00:00.000,2021-12-31T00:00:00.000,365,2021
98744,FIC SURA LIQUIDEZ PESOS,58,FIC DE TIPO GENERAL,2021-05-19T00:00:00.000,2021-12-31T00:00:00.000,596,2021
28405,FONDO DE CAPITAL PRIVADO OXO - PROPIEDADES SOSTENIBLES COMPARTIMENTO II. OXO - PROPIEDADES SOSTENIB,16,FONDOS DE CAPITAL PRIVADO,2021-01-01T00:00:00.000,2021-12-31T00:00:00.000,365,2021
29495,FONDO DE INVERSIÓN COLECTIVA ABIERTO CON PACTO DE PERMANENCIA ÓPTIMO,22,FIC DE TIPO GENERAL,2021-01-01T00:00:00.000,2021-12-31T00:00:00.000,365,2021
64114,FONDO ASHMORE ANDINO II - FCP COMPARTIMENTO A,16,FONDOS DE CAPITAL PRIVADO,2021-01-01T00:00:00.000,2021-12-31T00:00:00.000,1095,2021
58928,CREDICORP CAPITAL ESTRATEGICO,28,FIC DE TIPO GENERAL,2021-01-01T00:00:00.000,2021-12-31T00:00:00.000,365,2021
60348,FONDO DE INVERSIÓN COLECTIVA INMOBILIARIO VISUM RENTAS INMOBILIARIAS,14,FIC INMOBILIARIAS,2021-01-01T00:00:00.000,2021-12-31T00:00:00.000,365,2021
2971,FONDO DE INVERSION COLECTIVA ABIERTO CON PACTO DE PERMANENCIA FIDURENTA,31,FIC DE TIPO GENERAL,2021-01-01T00:00:00.000,2021-12-31T00:00:00.000,1825,2021
93197,CREDICORP CAPITAL VISTA,28,FIC DE TIPO GENERAL,2021-01-01T00:00:00.000,2021-12-31T00:00:00.000,1771,2021
72409,FONDO DE INVERSION COLECTIVA CERRADO ACCICOLF VANGUARDIA ACCIONES ORDINARIAS,21,FIC DE TIPO GENERAL,2021-01-01T00:00:00.000,2021-12-31T00:00:00.000,365,2021
93253,CREDICORP CAPITAL REAL ESTATE 2011 - COMPARTIMENTO UNO EN LIQUIDACIÓN,28,FONDOS DE CAPITAL PRIVADO,2021-01-01T00:00:00.000,2021-12-31T00:00:00.000,365,2021
53954,F.I.C. VALOR PLUS I,20,FIC DE TIPO GENERAL,2021-01-01T00:00:00.000,2021-12-31T00:00:00.000,4806,2021
100523,FONDO DE CAPITAL PRIVADO MFX CAPITAL,68,FONDOS DE CAPITAL PRIVADO,2021-10-09T00:00:00.000,2021-12-31T00:00:00.000,130,2021
53970,FONDO DE INVERSION COLECTIVA CERRADO SURA CREDITO PRIVADO COLOMBIA,58,FIC DE TIPO GENERAL,2021-01-01T00:00:00.000,2021-12-31T00:00:00.000,956,2021
32814,FONDO DE INVERSION COLECTIVA CCA RENTALIQUIDA FIDUCAFE,42,FIC DE TIPO GENERAL,2021-01-01T00:00:00.000,2021-12-31T00:00:00.000,1443,2021
86374,FONDO DE CAPITAL PRIVADO AQUA COMPARTIMENTO DOS IKALON,63,FONDOS DE CAPITAL PRIVADO,2021-01-01T00:00:00.000,2021-12-31T00:00:00.000,365,2021
99377,FONDO DE CAPITAL PRIVADO PLENTIA INVERSIONES COMPARTIMENTO IV ARGO,97,FONDOS DE CAPITAL PRIVADO,2021-06-30T00:00:00.000,2021-12-31T00:00:00.000,185,2021
72899,FONDO DE CAPITAL PRIVADO INMOBILIARIO GRUPO PEGASUS COLOMBIA FONDO I COMPARTIMENTO 1 PEGASUS VIVIEN,26,FONDOS DE CAPITAL PRIVADO,2021-01-01T00:00:00.000,2021-12-31T00:00:00.000,730,2021
60532,FONDO DE INVERSIÓN COLECTIVA CERRADO CON PLAZO DE REDENCIÓN INVERTIR EN ALTERNATIVOS CLASE 2,9,FIC DE TIPO GENERAL,2021-01-01T00:00:00.000,2021-12-22T00:00:00.000,355,2021
50304,FONDO DE CAPITAL PRIVADO VALORAR FUTURO,16,FONDOS DE CAPITAL PRIVADO,2021-01-01T00:00:00.000,2021-12-31T00:00:00.000,365,2021
59105,CREDICORP CAPITAL ACCIONES COLOMBIA,28,FIC DE TIPO GENERAL,2021-01-01T00:00:00.000,2021-12-31T00:00:00.000,1014,2021
66567,COMP IV UNO MAS COLOMBIA LATAM,9,FONDOS DE CAPITAL PRIVADO,2021-01-01T00:00:00.000,2021-12-31T00:00:00.000,1092,2021
34644,FONDO DE INFRAESTRUCTURA BROOKFIELD COLOMBIA - SUBCOMPARTIMENTO GP,16,FONDOS DE CAPITAL PRIVADO,2021-01-01T00:00:00.000,2021-12-31T00:00:00.000,365,2021
38802,FONDO DE CAPITAL PRIVADO OXO - PROPIEDADES SOSTENIBLES COMPARTIMENTO III. BARRANQUILLA. OXO - PROPI,16,FONDOS DE CAPITAL PRIVADO,2021-01-01T00:00:00.000,2021-12-31T00:00:00.000,365,2021
11962,FONDO DE INVERSIÓN COLECTIVA ABIERTO BBVA PAÍS CON PARTICIPACIONES DIFERENCIALES,3,FIC DE TIPO GENERAL,2021-01-01T00:00:00.000,2021-12-31T00:00:00.000,1411,2021
99430,FIC SURA MULTIACTIVO CONSERVADOR,58,FIC DE TIPO GENERAL,2021-07-01T00:00:00.000,2021-12-31T00:00:00.000,357,2021
102266,COMPARTIMENTO A - FCP DEUDA INFRAESTRUCTURA II SURA - CREDICORP CAPITAL,28,FONDOS DE CAPITAL PRIVADO,2021-12-01T00:00:00.000,2021-12-31T00:00:00.000,124,2021
10025,FONDO DE INVERSION COLECTIVA CONSOLIDAR,42,FIC DE TIPO GENERAL,2021-01-01T00:00:00.000,2021-12-31T00:00:00.000,365,2021
58973,CREDICORP CAPITAL VISION,28,FIC DE TIPO GENERAL,2021-01-01T00:00:00.000,2021-12-31T00:00:00.000,365,2021
67403,FONDO DE INVERSION COLECTIVA ABIERTO CON PACTO DE PERMANENCIA ALIANZA ACCIONES,16,FIC DE TIPO GENERAL,2021-01-01T00:00:00.000,2021-12-31T00:00:00.000,2440,2021
11286,FONDO DE INVERSIÓN COLECTIVA ABIERTO RENTAR,18,FIC DE TIPO GENERAL,2021-01-01T00:00:00.000,2021-12-31T00:00:00.000,3626,2021
96346,FONDO DE CAPITAL PRIVADO PLENTIA INVERSIONES - COMPARTIMENTO II - INVERLOJA,97,FONDOS DE CAPITAL PRIVADO,2021-01-01T00:00:00.000,2021-12-31T00:00:00.000,365,2021
60273,FONDO DE INVERSIÓN COLECTIVA CERRADO BTG PACTUAL CRÉDITO,14,FIC DE TIPO GENERAL,2021-01-01T00:00:00.000,2021-12-31T00:00:00.000,1385,2021
11149,FONDO DE INVERSIÓN COLECTIVA FIDUCOLDEX,40,FIC DE TIPO GENERAL,2021-01-01T00:00:00.000,2021-12-31T00:00:00.000,2555,2021
59076,FIC RENTA FIJA MEDIANO PLAZO MULTIESCALA,26,FIC DE TIPO GENERAL,2021-01-01T00:00:00.000,2021-12-31T00:00:00.000,730,2021
67066,CREDICORP CAPITAL DEUDA CORPORATIVA LATAM,28,FIC DE TIPO GENERAL,2021-01-01T00:00:00.000,2021-12-31T00:00:00.000,593,2021
2713,FONDO DE CAPITAL PRIVADO FONDO INMOBILIARIO COLOMBIA,31,FONDOS DE CAPITAL PRIVADO,2021-01-01T00:00:00.000,2021-12-31T00:00:00.000,365,2021
72905,FONDO DE CAPITAL PRIVADO PALADIN REALTY COLOMBIA COMPARTIMENTO B,26,FONDOS DE CAPITAL PRIVADO,2021-01-01T00:00:00.000,2021-12-31T00:00:00.000,365,2021
101469,FIC SURA ACCIONES COLOMBIA,58,FIC DE TIPO GENERAL,2021-11-03T00:00:00.000,2021-12-31T00:00:00.000,62,2021
54576,FONDO DE INVERSION COLECTIVA ABIERTO CON PACTO DE PERMANENCIA ARCO IRIS TÍTULOS DEUDA PRIVADA,33,FIC DE TIPO GENERAL,2021-01-01T00:00:00.000,2021-12-31T00:00:00.000,365,2021
75995,"FONDO DE CO-INVERSIÓN CON EL FONDO DE INFRAESTRUCTURA ASHMORE I FCP, COMPARTIMENTO I",16,FONDOS DE CAPITAL PRIVADO,2021-01-01T00:00:00.000,2021-12-31T00:00:00.000,730,2021
99435,FIC SURA MULTIACTIVO MODERADO,58,FIC DE TIPO GENERAL,2021-07-01T00:00:00.000,2021-12-31T00:00:00.000,486,2021
73591,FCP - VALOR FORESTAL - CAUCHO 10 (EN LIQUIDACIÓN),38,FONDOS DE CAPITAL PRIVADO,2021-01-01T00:00:00.000,2021-12-31T00:00:00.000,365,2021
104154,FONDO DE INVERSIÓN COLECTIVA CERRADO SKANDIA CAT VII,7,FIC DE TIPO GENERAL,2022-02-01T00:00:00.000,2022-12-31T00:00:00.000,334,2022
101060,FONDO DE CAPITAL PRIVADO TECH-O,68,FONDOS DE CAPITAL PRIVADO,2022-01-01T00:00:00.000,2022-12-31T00:00:00.000,365,2022
59355,FONDO DE INVERSION COLECTIVA CERRADO RENTA CRÉDITO,68,FIC DE TIPO GENERAL,2022-01-01T00:00:00.000,2022-12-31T00:00:00.000,365,2022
110777,FONDO DE INVERSIÓN COLECTIVA RENTACOL,39,FIC DE TIPO GENERAL,2022-12-15T00:00:00.000,2022-12-31T00:00:00.000,21,2022
66289,FCP SURA ASSET MANAGEMENT ? DESARROLLO INMOBILIARIO COMPARTIMENTO GENERAL,16,FONDOS DE CAPITAL PRIVADO,2022-01-01T00:00:00.000,2022-12-31T00:00:00.000,365,2022
104221,ITAÚ INCOME & DYNAMIC FUND,23,FIC DE TIPO GENERAL,2022-02-22T00:00:00.000,2022-12-31T00:00:00.000,313,2022
92650,FONDO DE CAPITAL PRIVADO CARTAMA POR COMPARTIMENTOS,31,FONDOS DE CAPITAL PRIVADO,2022-01-01T00:00:00.000,2022-12-31T00:00:00.000,1095,2022
83516,FONDO DE INVERSION COLECTIVA INMOBILIARIA PLENTIA RENTAS,97,FIC INMOBILIARIAS,2022-01-01T00:00:00.000,2022-03-30T00:00:00.000,89,2022
78888,FONDO DE INVERSIÓN COLECTIVA DIVERSIFICADO INTERNACIONAL,26,FIC DE TIPO GENERAL,2022-01-01T00:00:00.000,2022-12-31T00:00:00.000,365,2022
10936,FONDO ABIERTO ALIANZA,16,FIC DE TIPO GENERAL,2022-01-01T00:00:00.000,2022-12-31T00:00:00.000,4709,2022
58958,FONDO DE CAPITAL PRIVADO INVERSOR COMPARTIMENTO B,26,FONDOS DE CAPITAL PRIVADO,2022-01-01T00:00:00.000,2022-12-31T00:00:00.000,365,2022
54582,COMPARTIMENTO 6 DEL FONDO DE CO-INVERSIÓN CON EL FONDO DE INFRAESTRUCTURA ASHMORE I FCP,16,FONDOS DE CAPITAL PRIVADO,2022-01-01T00:00:00.000,2022-12-31T00:00:00.000,365,2022
86956,FONDO CAPITAL PRIVADO BANCOLDEX - CAPITAL PARA EMPRENDER,40,FONDOS DE CAPITAL PRIVADO,2022-01-01T00:00:00.000,2022-12-31T00:00:00.000,365,2022
76413,F.I.C. ABIERTA CON PACTO DE PERMANENCIA SOSTENIBLE GLOBAL,20,FIC DE TIPO GENERAL,2022-01-01T00:00:00.000,2022-12-31T00:00:00.000,365,2022
96832,FONDO DE INVERSION COLECTIVA ABIERTO CON PACTO DE PERMANENCIA MINIMA ALIANZA RENTA FIJA HIGH YIELD,16,FIC DE TIPO GENERAL,2022-01-01T00:00:00.000,2022-12-31T00:00:00.000,1788,2022
51953,FONDO DE INVERSIÓN COLECTIVA SKANDIA EFECTIVO,7,FIC DE TIPO GENERAL,2022-01-01T00:00:00.000,2022-12-31T00:00:00.000,2555,2022
106818,FONDO DE CAPITAL PRIVADO PROGRESION PROFUTBOL,9,FONDOS DE CAPITAL PRIVADO,2022-06-01T00:00:00.000,2022-12-31T00:00:00.000,214,2022
10440,FONDO DE INVERSION ABIERTO CASH,34,FIC DE TIPO GENERAL,2022-01-01T00:00:00.000,2022-12-31T00:00:00.000,365,2022
71259,FONDO DE INVERSIÓN COLECTIVA ABIERTO CON PACTO DE PERMANENCIA BTG PACTUAL RENTA FIJA INTERNACIONAL,14,FIC DE TIPO GENERAL,2022-01-01T00:00:00.000,2022-12-31T00:00:00.000,1825,2022
9641,F.I.C. CON PACTO DE PERMANENCIA MULTIPLICAR,20,FIC DE TIPO GENERAL,2022-01-01T00:00:00.000,2022-12-31T00:00:00.000,365,2022
80428,ACCIVAL RENTA FIJA 180,3,FIC DE TIPO GENERAL,2022-01-01T00:00:00.000,2022-12-31T00:00:00.000,365,2022
102343,FONDO DE INVERSIÓN COLECTIVA CERRADO DE NATURALEZA APALANCADA SINTÉTICO TASA FIJA,26,FIC DE TIPO GENERAL,2022-01-01T00:00:00.000,2022-12-31T00:00:00.000,365,2022
11207,FONDO AUREOS COLOMBIA,40,FONDOS DE CAPITAL PRIVADO,2022-01-01T00:00:00.000,2022-12-31T00:00:00.000,365,2022
61384,"MAS EQUITY FUND III COLOMBIA, FCP",9,FONDOS DE CAPITAL PRIVADO,2022-01-01T00:00:00.000,2022-07-24T00:00:00.000,205,2022
73587,FCP - VALOR FORESTAL - CAUCHO 06(EN LIQUIDACIÓN),38,FONDOS DE CAPITAL PRIVADO,2022-01-01T00:00:00.000,2022-12-31T00:00:00.000,365,2022
66648,FONDO INMOBILIARIO FIDUPAÍS FIC CERRADO NO. 1 EN DERECHOS FIDUCIARIOS SOBRE INMUEBLES,68,FIC INMOBILIARIAS,2022-01-01T00:00:00.000,2022-12-31T00:00:00.000,365,2022
87265,FONDO DE CAPITAL PRIVADO INMOBILIARIO POR COMPARTIMENTOS AZUR COMPARTIMENTO CHIZO,97,FONDOS DE CAPITAL PRIVADO,2022-01-01T00:00:00.000,2022-07-18T00:00:00.000,199,2022
93198,CREDICORP CAPITAL DOLAR EFECTIVO,28,FIC DE TIPO GENERAL,2022-01-01T00:00:00.000,2022-12-31T00:00:00.000,417,2022
58699,FONDO DE INVERSIÓN COLECTIVA ABIERTO CON PACTO DE PERMANENCIA BTG PACTUAL ACCIONES COLOMBIA,14,FIC DE TIPO GENERAL,2022-01-01T00:00:00.000,2022-12-31T00:00:00.000,1825,2022
106809,FONDO DE INVERSION COLECTIVA CERRADO PROGRESION RENTAMAS,9,FIC DE TIPO GENERAL,2022-06-01T00:00:00.000,2022-12-31T00:00:00.000,856,2022
108216,FONDO DE INVERSIÓN COLECTIVA CERRADO DE NATURALEZA APALANCADA SINTÉTICO TASA FIJA 5.0,26,FIC DE TIPO GENERAL,2022-11-18T00:00:00.000,2022-12-31T00:00:00.000,44,2022
9448,FONDO DE INVERSIÓN COLECTIVA ABIERTO SIN PACTO DE PERMANENCIA AVANZA RENTA FIJA,21,FIC DE TIPO GENERAL,2022-01-01T00:00:00.000,2022-12-31T00:00:00.000,365,2022
9792,FONDO DE INVERSION COLECTIVA DAVIPLUS RENTA FIJA PESOS,42,FIC DE TIPO GENERAL,2022-01-01T00:00:00.000,2022-12-31T00:00:00.000,365,2022
58695,FONDO DE INVERSION COLECTIVA ACCIVAL VISTA,3,FIC DE TIPO GENERAL,2022-01-01T00:00:00.000,2022-12-31T00:00:00.000,365,2022
67539,FONDO DE CAPITAL PRIVADO PACTIA INMOBILIARIO,31,FONDOS DE CAPITAL PRIVADO,2022-01-01T00:00:00.000,2022-12-31T00:00:00.000,365,2022
97207,FONDO DE INVERSIÓN COLECTIVA CON PACTO DE PERMANENCIA SKANDIA DINÁMICO,7,FIC DE TIPO GENERAL,2022-01-01T00:00:00.000,2022-12-31T00:00:00.000,1578,2022
89435,FONDO DE CAPITAL PRIVADO INMOBILIARIO YELLOWSTONE REAL ESTATE OPPORTUNITY FUND II,16,FONDOS DE CAPITAL PRIVADO,2022-01-01T00:00:00.000,2022-12-31T00:00:00.000,3285,2022
43502,FONDO BURSÁTIL GLOBAL X COLOMBIA SELECT DE S&P,22,FIC BURSATILES,2022-01-01T00:00:00.000,2022-12-31T00:00:00.000,365,2022
109932,CREDICORP CAPITAL OPORTUNIDAD RENTA FIJA II,28,FIC DE TIPO GENERAL,2022-10-24T00:00:00.000,2022-12-31T00:00:00.000,69,2022
59422,FONVAL DERECHOS ECONOMICOS 2020 EN LIQUIDACIÓN,28,FIC DE TIPO GENERAL,2022-01-01T00:00:00.000,2022-12-31T00:00:00.000,365,2022
72904,FONDO DE CAPITAL PRIVADO PALADIN REALTY COLOMBIA COMPARTIMENTO A,26,FONDOS DE CAPITAL PRIVADO,2022-01-01T00:00:00.000,2022-12-31T00:00:00.000,365,2022
81087,FCP NEXUS COMP INMUEBLES BANCO POPULAR,21,FONDOS DE CAPITAL PRIVADO,2022-01-01T00:00:00.000,2022-12-31T00:00:00.000,365,2022
59356,FONDO DE INVERSION COLECTIVA CERRADO GLOBAL SECURITIES CREDIT OPPORTUNITIES FUND TITULOS VALORES,68,FIC DE TIPO GENERAL,2022-01-01T00:00:00.000,2022-12-31T00:00:00.000,365,2022
99187,FONDO DE CAPITAL PRIVADO PLENTIA INVERSIONES - COMPARTIMENTO III RAIZ,97,FONDOS DE CAPITAL PRIVADO,2022-01-01T00:00:00.000,2022-12-31T00:00:00.000,365,2022
59505,CARTERA COLECTIVA ESCALONADA INTERBOLSA FACTORING,68,FIC DE TIPO GENERAL,2022-01-01T00:00:00.000,2022-12-31T00:00:00.000,365,2022
87268,FONDO DE CAPITAL PRIVADO BTG PACTUAL ACTIVOS ALTERNATIVOS COMPARTIMENTO ACTIVOS CREDITICIOS I,14,FONDOS DE CAPITAL PRIVADO,2022-01-01T00:00:00.000,2022-12-31T00:00:00.000,868,2022
85000,FONDO DE CAPITAL PRIVADO BTG PACTUAL ACTIVOS ALTERNATIVOS COMPARTIMENTO SMPI,14,FONDOS DE CAPITAL PRIVADO,2022-01-01T00:00:00.000,2022-12-31T00:00:00.000,365,2022
102254,FONDO DE INVERSIÓN COLECTIVA CERRADO SKANDIA CAT VI,7,FIC DE TIPO GENERAL,2022-01-01T00:00:00.000,2022-01-05T00:00:00.000,5,2022
62633,FIDUCOLDEX CAPITAL INTELIGENTE FONDO DE INVERSION COLECTIVA,40,FIC DE TIPO GENERAL,2022-01-01T00:00:00.000,2022-12-31T00:00:00.000,730,2022
96710,FCP NEXUS COMP NEXUS DESARROLLOS INMOBILIARIOS II,21,FONDOS DE CAPITAL PRIVADO,2022-01-01T00:00:00.000,2022-12-31T00:00:00.000,730,2022
11714,FONDO ABIERTO FIDUCIARIA CENTRAL,38,FIC DE TIPO GENERAL,2022-01-01T00:00:00.000,2022-12-31T00:00:00.000,2555,2022
48153,FONDO DE INVERSION COLECTIVA ABIERTO ITAU CORTO PLAZO,23,FIC DE TIPO GENERAL,2022-01-01T00:00:00.000,2022-12-31T00:00:00.000,2074,2022
83314,CREDICORP CAPITAL DERECHOS ECONOMICOS 2026,28,FIC DE TIPO GENERAL,2022-01-01T00:00:00.000,2022-12-31T00:00:00.000,365,2022
105751,FCP MCL III,21,FONDOS DE CAPITAL PRIVADO,2022-07-25T00:00:00.000,2022-12-31T00:00:00.000,160,2022
105192,FONDO DE INVERSIÓN COLECTIVA CERRADO ACCIONES ESTADOS UNIDOS CON CAPITAL PROTEGIDO,26,FIC DE TIPO GENERAL,2022-04-05T00:00:00.000,2022-12-31T00:00:00.000,271,2022
80265,FONDO DE INVERSIÓN COLECTIVA ABIERTO CON PACTO DE PERMANENCIA VALOR ESTRATEGICO ? FONDO CON PARTICI,12,FIC DE TIPO GENERAL,2022-01-01T00:00:00.000,2022-02-10T00:00:00.000,41,2022
107443,CREDICORP CAPITAL OPORTUNIDAD RENTA FIJA I,28,FIC DE TIPO GENERAL,2022-07-11T00:00:00.000,2022-12-31T00:00:00.000,174,2022
108402,FONDO DE CAPITAL PRIVADO VALOR INMOBILIARIO COMPLEJO LOGISTICO DEL CARIBE,9,FONDOS DE CAPITAL PRIVADO,2022-08-01T00:00:00.000,2022-12-31T00:00:00.000,153,2022
76410,F.I.C. ESTRATEGIA MODERADA,20,FIC DE TIPO GENERAL,2022-01-01T00:00:00.000,2022-12-31T00:00:00.000,365,2022
76412,F.I.C. DEUDA CORPORATIVA,20,FIC DE TIPO GENERAL,2022-01-01T00:00:00.000,2022-12-31T00:00:00.000,365,2022
105973,FIC CERRADO RENTA FIJA II,31,FIC DE TIPO GENERAL,2022-05-17T00:00:00.000,2022-12-31T00:00:00.000,229,2022
81411,FCP NUEVOMUNDO COMPARTIMENTO 1,21,FONDOS DE CAPITAL PRIVADO,2022-01-01T00:00:00.000,2022-08-21T00:00:00.000,233,2022
73588,FCP VALOR FORESTAL CAUCHO 7 (EN LIQUIDACIÓN),38,FONDOS DE CAPITAL PRIVADO,2022-01-01T00:00:00.000,2022-12-31T00:00:00.000,365,2022
108387,FONDO CERRADO ALIANZA ALTERNATIVOS LOCAL LARGO PLAZO,16,FIC DE TIPO GENERAL,2022-09-26T00:00:00.000,2022-12-31T00:00:00.000,165,2022
50277,FONDO DE CAPITAL PRIVADO RUTA DEL SOL COMPARTIMENTO A2,16,FONDOS DE CAPITAL PRIVADO,2022-01-01T00:00:00.000,2022-12-31T00:00:00.000,365,2022
66509,"FONDO DE INVERSION COLECTIVA CERRADO INMOBILIARIO ""PROGRESION RENTAR 2015""",11,FIC INMOBILIARIAS,2022-01-01T00:00:00.000,2022-05-31T00:00:00.000,151,2022
34163,FONDO CERRADO INMOBILIARIO ALIANZA,16,FIC INMOBILIARIAS,2022-01-01T00:00:00.000,2022-12-31T00:00:00.000,365,2022
93223,CREDICORP CAPITAL BALANCEADO COLOMBIA,28,FIC DE TIPO GENERAL,2022-01-01T00:00:00.000,2022-12-31T00:00:00.000,365,2022
67405,FONDO ABIERTO CON PACTO DE PERMANENCIA ALIANZA RENTA FIJA GLOBAL.,16,FIC DE TIPO GENERAL,2022-01-01T00:00:00.000,2022-09-22T00:00:00.000,1185,2022
50280,FONDO DE CAPITAL PRIVADO RUTA DEL SOL COMPARTIMENTO B2,16,FONDOS DE CAPITAL PRIVADO,2022-01-01T00:00:00.000,2022-12-31T00:00:00.000,365,2022
59954,INMOVAL DESARROLLOS - EN LIQUIDACION,28,FIC INMOBILIARIAS,2022-01-01T00:00:00.000,2022-12-19T00:00:00.000,353,2022
25743,FONDO CERRADO MAS COLOMBIA OPPORTUNITY,16,FIC DE TIPO GENERAL,2022-01-01T00:00:00.000,2022-12-31T00:00:00.000,365,2022
65869,FONDO DE CAPITAL PRIVADO YELLOWSTONE CAPITAL FUND I- COMPARTIMENTO AI,16,FONDOS DE CAPITAL PRIVADO,2022-01-01T00:00:00.000,2022-12-31T00:00:00.000,365,2022
11403,CARTERA COLECTIVA ABIERTA CON PACTO DE PERMANENCIA EFECTIVO A PLAZOS - CARTERA CON COMPARTIMENTOS,12,FIC DE TIPO GENERAL,2022-01-01T00:00:00.000,2022-12-31T00:00:00.000,1710,2022
66652,FONDO DE CAPITAL TERRANUM COMPARTIMENTO,16,FONDOS DE CAPITAL PRIVADO,2022-01-01T00:00:00.000,2022-12-31T00:00:00.000,365,2022
59002,FONDO DE CAPITAL PRIVADO ALTRA FCP II,26,FONDOS DE CAPITAL PRIVADO,2022-01-01T00:00:00.000,2022-12-31T00:00:00.000,365,2022
51220,COMPARTIMENTO DIVERSIFICADO DE DESARROLLOS INMOBILIARIOS,21,FONDOS DE CAPITAL PRIVADO,2022-01-01T00:00:00.000,2022-12-31T00:00:00.000,365,2022
90302,FONDO DE INVERSION COLECTIVA ABIERTO CON PACTO DE PERMANENCIA META ESTRATEGICA,21,FIC DE TIPO GENERAL,2022-01-01T00:00:00.000,2022-02-23T00:00:00.000,54,2022
63109,FONDO DE INVERSION COLECTIVA ABIERTO PROGRESION LIQUIDEZ,11,FIC DE TIPO GENERAL,2022-01-01T00:00:00.000,2022-05-31T00:00:00.000,151,2022
93231,CREDICORP CAPITAL AGRONEGOCIOS - CACAO AGROFORESTAL,28,FONDOS DE CAPITAL PRIVADO,2022-01-01T00:00:00.000,2022-12-31T00:00:00.000,365,2022
73493,FONDO DE CAPITAL PRIVADO YELLOWSTONE CAPITAL FUND I -COMPARTIMENTO PROSCENIO AII,16,FONDOS DE CAPITAL PRIVADO,2022-01-01T00:00:00.000,2022-12-31T00:00:00.000,365,2022
42259,COMPARTIMENTO II DEL FONDO DE CAPITAL PRIVADO FINTRA,20,FONDOS DE CAPITAL PRIVADO,2022-01-01T00:00:00.000,2022-12-31T00:00:00.000,365,2022
90025,FONDO DE CAPITAL PRIVADO SUMATORIA DEUDA GLOBAL,26,FONDOS DE CAPITAL PRIVADO,2022-01-01T00:00:00.000,2022-12-31T00:00:00.000,662,2022
58564,FONDO DE INVERSIÓN COLECTIVA ABIERTO BTG PACTUAL LIQUIDEZ,14,FIC DE MERCADO MONETARIO,2022-01-01T00:00:00.000,2022-12-31T00:00:00.000,2190,2022
95589,FONDO DE INVERSION COLECTIVA CERRADO ASHMORE ACCIONES COLOMBIA + LATAM,97,FIC DE TIPO GENERAL,2022-01-01T00:00:00.000,2022-12-31T00:00:00.000,1095,2022
51325,FONDO NAZCA INVESTMENT,21,FONDOS DE CAPITAL PRIVADO,2022-01-01T00:00:00.000,2022-12-31T00:00:00.000,365,2022
100813,FONDO DE CAPITAL PRIVADO TAURUS CAPITAL COMPARTIMIENTO DOS,68,FONDOS DE CAPITAL PRIVADO,2022-01-01T00:00:00.000,2022-12-31T00:00:00.000,365,2022
96410,FONDO ABIERTO 1525 FC3 FIDUCENTRAL,38,FIC DE TIPO GENERAL,2022-01-01T00:00:00.000,2022-09-30T00:00:00.000,2168,2022
99106,CREDICORP CAPITAL ACCIONES LATAM,28,FIC DE TIPO GENERAL,2022-01-01T00:00:00.000,2022-12-31T00:00:00.000,548,2022
54573,FONDO DE INVERSIÓN COLECTIVA ABIERTO SIN PACTO DE PERMANENCIA ARCO IRIS CONSERVADOR,33,FIC DE TIPO GENERAL,2022-01-01T00:00:00.000,2022-12-31T00:00:00.000,365,2022
110153,COMPARTIMENTO FONDO INVERSA - FONDO DE CAPITAL PRIVADO LA MONTERA,16,FONDOS DE CAPITAL PRIVADO,2022-11-10T00:00:00.000,2022-12-31T00:00:00.000,52,2022
106304,FCP POR COMPARTIMENTOS ODINSA INFRAESTRUCTURA,31,FONDOS DE CAPITAL PRIVADO,2022-05-09T00:00:00.000,2022-12-31T00:00:00.000,711,2022
91173,FCP. POR COMPART. AVANTI - COMPART. GARANTIA,20,FONDOS DE CAPITAL PRIVADO,2022-01-01T00:00:00.000,2022-12-31T00:00:00.000,365,2022
76873,FONDO DE CAPITAL PRIVADO PROGRESION PROFUTBOL,11,FONDOS DE CAPITAL PRIVADO,2022-01-01T00:00:00.000,2022-05-31T00:00:00.000,151,2022
99245,COMPARTIMENTO LOCACIAL - FONDO DE CAPITAL PRIVADO LA MONTERA,16,FONDOS DE CAPITAL PRIVADO,2022-01-01T00:00:00.000,2022-09-30T00:00:00.000,273,2022
105787,FIC MULTIESTRATEGIA CRECIMIENTO,3,FIC DE TIPO GENERAL,2022-04-11T00:00:00.000,2022-04-11T00:00:00.000,1,2022
105375,FONDO DE INVERSIÓN COLECTIVA ABIERTO CON PACTO DE PERMANENCIA ALTERNATIVOS 180 PLUS,20,FIC DE TIPO GENERAL,2022-04-12T00:00:00.000,2022-12-31T00:00:00.000,264,2022
60200,FONDO DE INVERSIÓN COLECTIVA CERRADO BTG PACTUAL CREDIVALORES I,14,FIC DE TIPO GENERAL,2022-01-01T00:00:00.000,2022-12-31T00:00:00.000,730,2022
22969,FONDO DE INVERSION COLECTIVA ABIERTO SUMAR,22,FIC DE TIPO GENERAL,2022-01-01T00:00:00.000,2022-12-31T00:00:00.000,3954,2022
105750,FCP MCL II,21,FONDOS DE CAPITAL PRIVADO,2022-07-25T00:00:00.000,2022-12-31T00:00:00.000,160,2022
107024,BTG PACTUAL LIQUIDEZ DOLARES,14,FIC DE TIPO GENERAL,2022-06-16T00:00:00.000,2022-12-31T00:00:00.000,398,2022
59354,FONDO DE INVERSION COLECTIVA CERRADO GLOBAL SECURITIES CREDIT OPPORTUNITIES FUND FACTURAS,68,FIC DE TIPO GENERAL,2022-01-01T00:00:00.000,2022-12-31T00:00:00.000,365,2022
108500,FONDO CERRADO RENTA FIJA III,31,FIC DE TIPO GENERAL,2022-08-24T00:00:00.000,2022-12-31T00:00:00.000,130,2022
90195,FONDO ABIERTO 1525 FC2 FIDUCENTRAL,38,FIC DE TIPO GENERAL,2022-01-01T00:00:00.000,2022-09-30T00:00:00.000,2168,2022
105845,FONDO DE INVERSIÓN COLECTIVA CERRADO DE NATURALEZA APALANCADA SINTÉTICO TASA FIJA 3.0,26,FIC DE TIPO GENERAL,2022-05-12T00:00:00.000,2022-12-31T00:00:00.000,468,2022
101366,FONDO DE INVERSIÓN COLECTIVA ABIERTO CON PACTO DE PERMANENCIA RENOVABLE BALANCEADO MODERADO ALIANZ,16,FIC DE TIPO GENERAL,2022-01-01T00:00:00.000,2022-12-31T00:00:00.000,1449,2022
105786,FIC MULTIESTRATEGIA ESTABLE,3,FIC DE TIPO GENERAL,2022-04-08T00:00:00.000,2022-12-31T00:00:00.000,268,2022
59252,FONDO DE CAPITAL PRIVADO FONDO ESCALA CAPITAL EN LIQUIDACIÓN,22,FONDOS DE CAPITAL PRIVADO,2022-01-01T00:00:00.000,2022-12-31T00:00:00.000,730,2022
58957,FONDO DE CAPITAL PRIVADO INVERSOR COMPARTIMENTO A,26,FONDOS DE CAPITAL PRIVADO,2022-01-01T00:00:00.000,2022-12-31T00:00:00.000,365,2022
95249,FONDO DE INVERSIÓN COLECTIVA ABIERTO BBVA PÁRAMO,3,FIC DE TIPO GENERAL,2022-01-01T00:00:00.000,2022-12-31T00:00:00.000,365,2022
86121,FONDO DE CAPITAL PRIVADO AQUA COMPARTIMENTO CUATRO AQUA IV,63,FONDOS DE CAPITAL PRIVADO,2022-01-01T00:00:00.000,2022-03-29T00:00:00.000,88,2022
8686,FONDO DE INVERSIÓN COLECTIVA ABIERTO CON PACTO DE PERMANENCIA Y  PARTICIPACIONES DIFERENCIALES BBVA,3,FIC DE TIPO GENERAL,2022-01-01T00:00:00.000,2022-12-31T00:00:00.000,730,2022
58921,CREDICORP CAPITAL RENTA FIJA GLOBAL,28,FIC DE TIPO GENERAL,2022-01-01T00:00:00.000,2022-12-31T00:00:00.000,730,2022
100390,FONDO DE CAPITAL PRIVADO RED HOSPITALARIA COLOMBIA,11,FONDOS DE CAPITAL PRIVADO,2022-01-01T00:00:00.000,2022-05-31T00:00:00.000,151,2022
8734,FONDO DE INVERSIÓN COLECTIVA ABIERTO BBVA EFECTIVO CON PARTICIPACIONES DIFERENCIALES,3,FIC DE TIPO GENERAL,2022-01-01T00:00:00.000,2022-12-31T00:00:00.000,3285,2022
94490,FCP SURA . DEUDA PRIVADA - COMPARTIMENTO DEUDA,16,FONDOS DE CAPITAL PRIVADO,2022-01-01T00:00:00.000,2022-12-31T00:00:00.000,1095,2022
17653,FONDO DE INVERSION COLECTIVA ABIERTO 1525,25,FIC DE MERCADO MONETARIO,2022-01-01T00:00:00.000,2022-12-31T00:00:00.000,365,2022
58946,FONDO DE CAPITAL PRIVADO ENERGETICO - COMPARTIMENTO A,26,FONDOS DE CAPITAL PRIVADO,2022-01-01T00:00:00.000,2022-12-31T00:00:00.000,365,2022
108529,FIC SURA ULTRACASH COLOMBIA,58,FIC DE TIPO GENERAL,2022-08-08T00:00:00.000,2022-12-31T00:00:00.000,697,2022
29497,FONDO DE INVERSIÓN COLECTIVA ABIERTO CON PACTO DE PERMANENCIA CUBRIR BALANCEADO INTERNACIONAL,22,FIC DE TIPO GENERAL,2022-01-01T00:00:00.000,2022-12-31T00:00:00.000,730,2022
105784,FIC MULTIESTRATEGIA EQUILIBRIO,3,FIC DE TIPO GENERAL,2022-04-08T00:00:00.000,2022-12-31T00:00:00.000,268,2022
54077,FONDO DE INVERSIÓN COLECTIVA ABIERTO CON PACTO DE PERMANENCIA ES+,22,FIC DE TIPO GENERAL,2022-01-01T00:00:00.000,2022-12-31T00:00:00.000,1095,2022
85384,FONDO DE INVERSION COLECTIVA ABIERTO ITAU ACCIONES COLOMBIA,23,FIC DE TIPO GENERAL,2022-01-01T00:00:00.000,2022-12-31T00:00:00.000,365,2022
105189,FONDO DE INVERSIÓN COLECTIVA CERRADO SKANDIA CAT VIII,7,FIC DE TIPO GENERAL,2022-03-14T00:00:00.000,2022-07-26T00:00:00.000,135,2022
10779,RENTAFACIL FONDO DE INVERSION COLECTIVA ABIERTO,6,FIC DE TIPO GENERAL,2022-01-01T00:00:00.000,2022-12-31T00:00:00.000,2555,2022
102184,FONDO CERRADO ALIANZA RENTA FIJA LOCAL AAA,16,FIC DE TIPO GENERAL,2022-01-01T00:00:00.000,2022-12-31T00:00:00.000,1460,2022
109465,FONDO DE CAPITAL PRIVADO IMPACTA,21,FONDOS DE CAPITAL PRIVADO,2022-09-27T00:00:00.000,2022-09-27T00:00:00.000,1,2022
58897,CREDICORP CAPITAL RENTA FIJA COLOMBIA,28,FIC DE TIPO GENERAL,2022-01-01T00:00:00.000,2022-12-31T00:00:00.000,730,2022
96583,FONDO DE CAPITAL PRIVADO NEXT UTILITY VENTURES,20,FONDOS DE CAPITAL PRIVADO,2022-01-01T00:00:00.000,2022-12-31T00:00:00.000,1095,2022
80574,FONDO DE CAPITAL PRIVADO ELIMARC CAPITAL - COMPARTIMENTO SAN PABLO,59,FONDOS DE CAPITAL PRIVADO,2022-01-01T00:00:00.000,2022-12-31T00:00:00.000,365,2022
107056,FONDO DE INVERSION COLECTIVA ABIERTO CON PACTO DE PERMANENCIA AVANZAR INGRESOS AMPARADOS,62,FIC DE TIPO GENERAL,2022-06-17T00:00:00.000,2022-12-31T00:00:00.000,391,2022
109445,FONDO DE CAPITAL PRIVADO YELLOWSTONE CAPITAL FUND I - COMPARTIMENTO PROSCENIO AIII,16,FONDOS DE CAPITAL PRIVADO,2022-12-05T00:00:00.000,2022-12-31T00:00:00.000,54,2022
36570,FONDO ABIERTO 1525 FIDUCENTRAL,38,FIC DE TIPO GENERAL,2022-01-01T00:00:00.000,2022-12-31T00:00:00.000,2908,2022
3895,FONDO DE INVERSIÓN COLECTIVA ABIERTA SIN PACTO DE PERMANENCIA FIDUEXCEDENTES,31,FIC DE TIPO GENERAL,2022-01-01T00:00:00.000,2022-12-31T00:00:00.000,365,2022
59144,FONDO DE CAPITAL PRIVADO TEKA COLOMBIA I COMPARTIMENTO LP,26,FONDOS DE CAPITAL PRIVADO,2022-01-01T00:00:00.000,2022-12-31T00:00:00.000,365,2022
51615,COMPARTIMENTO A FCP AVENIDA COLOMBIA PEF,20,FONDOS DE CAPITAL PRIVADO,2022-01-01T00:00:00.000,2022-12-31T00:00:00.000,365,2022
14173,FONDO DE CAPITAL PRIVADO NEXUS INFRAESTRUCTURA I FCP EN LIQUIDACION,31,FONDOS DE CAPITAL PRIVADO,2022-01-01T00:00:00.000,2022-12-31T00:00:00.000,730,2022
28403,FONDO DE CAPITAL PRIVADO OXO - PROPIEDADES SOSTENIBLES COMPARTIMENTO I. CARTAGENA. OXO - PROPIEDADE,16,FONDOS DE CAPITAL PRIVADO,2022-01-01T00:00:00.000,2022-12-31T00:00:00.000,365,2022
87342,FONDO DE INVERSIÓN COLECTIVA ABIERTO BBVA DIGITAL CON PARTICIPACIONES DIFERENCIALES,3,FIC DE TIPO GENERAL,2022-01-01T00:00:00.000,2022-12-31T00:00:00.000,365,2022
69536,FONDO DE INVERSION COLECTIVA ABIERTO CONFIRENTA,39,FIC DE TIPO GENERAL,2022-01-01T00:00:00.000,2022-12-31T00:00:00.000,1872,2022
106785,FIC SURA ESTRATEGIA LIBRANZAS COLOMBIA,58,FIC DE TIPO GENERAL,2022-06-01T00:00:00.000,2022-12-31T00:00:00.000,226,2022
51968,FONDO DE INVERSIÓN COLECTIVA INMOBILIARIO CERRADO SKANDIA COMPRAR PARA ARRENDAR-I,7,FIC INMOBILIARIAS,2022-01-01T00:00:00.000,2022-12-31T00:00:00.000,730,2022
102088,FONDO DE CAPITAL PRIVADO BIOAVANTE COMPARTIMENTO VACUNAS I,16,FONDOS DE CAPITAL PRIVADO,2022-01-01T00:00:00.000,2022-12-31T00:00:00.000,365,2022
11627,FONDO DE INVERSION COLECTIVA ABIERTO RENDIR,25,FIC DE TIPO GENERAL,2022-01-01T00:00:00.000,2022-12-31T00:00:00.000,365,2022
10824,FONDO ABIERTO CON PACTO DE PERMANENCIA CXC,16,FIC DE TIPO GENERAL,2022-01-01T00:00:00.000,2022-12-31T00:00:00.000,2529,2022
73579,FCP - VALOR FORESTAL - CAUCHO 01 (EN LIQUIDACIÓN),38,FONDOS DE CAPITAL PRIVADO,2022-01-01T00:00:00.000,2022-12-31T00:00:00.000,365,2022
107463,FONDO CERRADO ALIANZA RENTA FIJA LOCAL AAA NO. 2,16,FIC DE TIPO GENERAL,2022-07-19T00:00:00.000,2022-12-31T00:00:00.000,582,2022
95234,FONDO DE INVERSION COLECTIVA INMOBILIARIO RENTA MAS,21,FIC INMOBILIARIAS,2022-01-01T00:00:00.000,2022-12-31T00:00:00.000,730,2022
59143,FONDO DE CAPITAL PRIVADO TEKA COLOMBIA I COMPARTIMENTO GP,26,FONDOS DE CAPITAL PRIVADO,2022-01-01T00:00:00.000,2022-12-31T00:00:00.000,365,2022
59741,FONDO DE INVERSION COLECTIVA ABIERTO RENTA FIJA PLUS,22,FIC DE TIPO GENERAL,2022-01-01T00:00:00.000,2022-12-31T00:00:00.000,730,2022
51218,COMPARTIMENTO INMOBILIARIO TRIPLE A,21,FONDOS DE CAPITAL PRIVADO,2022-01-01T00:00:00.000,2022-12-31T00:00:00.000,365,2022
76989,FONDO DE INVERSION COLECTIVA ABIERTO CON PACTO DE PERMANENCIA AVANZAR 30 DIAS,62,FIC DE TIPO GENERAL,2022-01-01T00:00:00.000,2022-12-31T00:00:00.000,1515,2022
72413,FONDO DE CAPITAL PRIVADO FONDO PLENTIA INVERSIONES,97,FONDOS DE CAPITAL PRIVADO,2022-01-01T00:00:00.000,2022-12-31T00:00:00.000,365,2022
102634,FONDO DE CAPITAL PRIVADO AQUA COMPARTIMENTO SEIS AQUA VI,63,FONDOS DE CAPITAL PRIVADO,2022-01-01T00:00:00.000,2022-12-31T00:00:00.000,365,2022
13263,FONDO DE CAPITAL PRIVADO PROGRESA CAPITAL EN LIQUIDACIÓN,31,FONDOS DE CAPITAL PRIVADO,2022-01-01T00:00:00.000,2022-12-31T00:00:00.000,365,2022
69940,FCP DEUDA INFRAESTRUCTURA COLOMBIA,31,FONDOS DE CAPITAL PRIVADO,2022-01-01T00:00:00.000,2022-12-31T00:00:00.000,365,2022
59078,FONDO DE INVERSIÓN COLECTIVA DIVERSIFICADO MODERADO,26,FIC DE TIPO GENERAL,2022-01-01T00:00:00.000,2022-12-31T00:00:00.000,730,2022
80042,FONDO DE CAPITAL NEXUS INMOBILIARIO - COMPARTIMENTO INMUEBLES BANCO DE BOGOTÁ,21,FONDOS DE CAPITAL PRIVADO,2022-01-01T00:00:00.000,2022-12-31T00:00:00.000,365,2022
110228,FONDO DE INVERSION COLECTIVA CERRADO ALTERNATIVA PLAZO FIJO,21,FIC DE TIPO GENERAL,2022-11-15T00:00:00.000,2022-12-31T00:00:00.000,93,2022
70843,FONDO DE INVERSIÓN COLECTIVA ABIERTO CON PACTO DE PERMANENCIA ALTARENTA,22,FIC DE TIPO GENERAL,2022-01-01T00:00:00.000,2022-12-31T00:00:00.000,730,2022
100352,COMPARTIMENTO BANCOLDEX CAPITAL,40,FONDOS DE CAPITAL PRIVADO,2022-02-04T00:00:00.000,2022-12-31T00:00:00.000,331,2022
103328,FONDO DE CAPITAL PRIVADO VID COMPARTIMENTO I MISHPAT,20,FONDOS DE CAPITAL PRIVADO,2022-01-01T00:00:00.000,2022-12-31T00:00:00.000,1460,2022
83110,FONDO DE CAPITAL PRIVADO CO-INVERSION EQUITY INFRAESTRUCTURA COLOMBIA EN LIQUIDACION,31,FONDOS DE CAPITAL PRIVADO,2022-01-01T00:00:00.000,2022-12-31T00:00:00.000,730,2022
104231,ITAÚ LATIN AMERICAN CORPORATE CREDIT,23,FIC DE TIPO GENERAL,2022-02-22T00:00:00.000,2022-12-31T00:00:00.000,313,2022
73585,FCP - VALOR FORESTAL - CAUCHO 04 (EN LIQUIDACIÓN),38,FONDOS DE CAPITAL PRIVADO,2022-01-01T00:00:00.000,2022-12-31T00:00:00.000,365,2022
60230,FONDO DE CAPITAL PRIVADO MEDICAL,11,FONDOS DE CAPITAL PRIVADO,2022-01-01T00:00:00.000,2022-05-31T00:00:00.000,151,2022
106814,FONDO DE INVERSION COLECTIVA CERRADO INMOBILIARIO RENTAR 2015,9,FIC DE TIPO GENERAL,2022-06-01T00:00:00.000,2022-06-16T00:00:00.000,16,2022
106817,FONDO DE INVERSION COLECTIVA CERRADO INMOBILIARIO PROGRESION RENTAR II,9,FIC INMOBILIARIAS,2022-06-17T00:00:00.000,2022-12-31T00:00:00.000,198,2022
64129,FONDO ASHMORE ANDINO II - FCP COMPARTIMENTO B,16,FONDOS DE CAPITAL PRIVADO,2022-01-01T00:00:00.000,2022-12-31T00:00:00.000,365,2022
60925,COMP III MAS COLOMBIA OPPORTUNITY - FCP MAS COLOMBIA LATAM,9,FONDOS DE CAPITAL PRIVADO,2022-01-01T00:00:00.000,2022-07-24T00:00:00.000,205,2022
102465,FCP STATUM COMPARTIMIENTO I,20,FONDOS DE CAPITAL PRIVADO,2022-04-05T00:00:00.000,2022-12-31T00:00:00.000,271,2022
99379,FONDO DE CAPITAL PRIVADO PLENTIA INVERSIONES COMPARTIMENTO V PP3,97,FONDOS DE CAPITAL PRIVADO,2022-01-01T00:00:00.000,2022-12-31T00:00:00.000,365,2022
95356,CERRADO FACTURAS 120,26,FIC DE TIPO GENERAL,2022-01-01T00:00:00.000,2022-12-31T00:00:00.000,365,2022
29133,FONDO DE INVERSIÓN COLECTIVA ABIERTO FIDUCREDICORP VISTA,59,FIC DE TIPO GENERAL,2022-01-01T00:00:00.000,2022-12-31T00:00:00.000,4571,2022
54577,FONDO DE INVERSION COLECTIVA ABIERTO CON PACTO DE PERMANENCIA ARCO IRIS DEUDA PRIVADA,33,FIC DE TIPO GENERAL,2022-01-01T00:00:00.000,2022-12-31T00:00:00.000,365,2022
81931,FCP COLOMBIAN INFRASTRUCTURE EQUITY FUND - CIEF,21,FONDOS DE CAPITAL PRIVADO,2022-01-01T00:00:00.000,2022-12-31T00:00:00.000,365,2022
101146,FONDO DE INVERSIÓN COLECTIVA CERRADO SKANDIA CAT IV,7,FIC DE TIPO GENERAL,2022-01-01T00:00:00.000,2022-12-05T00:00:00.000,339,2022
58735,FONDO DE INVERSION COLECTIVA  ABIERTO ACCIVAL ACCIONES DINAMICO,3,FIC DE TIPO GENERAL,2022-01-01T00:00:00.000,2022-12-31T00:00:00.000,365,2022
31508,FONDO DE INVERSION COLECTIVA ABIERTO RENTAR 30,18,FIC DE TIPO GENERAL,2022-01-01T00:00:00.000,2022-12-31T00:00:00.000,365,2022
105788,FIC MULTIESTRATEGIA CRECIMIENTO,3,FIC DE TIPO GENERAL,2022-04-08T00:00:00.000,2022-12-31T00:00:00.000,268,2022
89854,FONDO DE CAPITAL PRIVADO YELLOWSTONE  FUND I - COMPARTIMENTO BI,16,FONDOS DE CAPITAL PRIVADO,2022-01-01T00:00:00.000,2022-12-31T00:00:00.000,1095,2022
97612,FONDO DE INVERSIÓN COLECTIVA ABIERTO BALANCEADO BBVA GAIA,3,FIC DE TIPO GENERAL,2022-01-01T00:00:00.000,2022-08-31T00:00:00.000,243,2022
93761,FONDO DE INVERSION COLECTIVA ABIERTO SIN PACTO DE PERMANENCIA RENTA FIJA RECURRENTE,21,FIC DE TIPO GENERAL,2022-01-01T00:00:00.000,2022-12-31T00:00:00.000,730,2022
59008,FONDO DE CAPITAL PRIVADO TC LATAM - COMPARTIMENTO A,26,FONDOS DE CAPITAL PRIVADO,2022-01-01T00:00:00.000,2022-12-31T00:00:00.000,365,2022
9438,FONDO DE INVERSIÓN COLECTIVA ABIERTO SIN PACTO DE PERMANENCIA OCCIRENTA,21,FIC DE TIPO GENERAL,2022-01-01T00:00:00.000,2022-12-31T00:00:00.000,1825,2022
102582,FONDO DE INVERSION COLECTIVA ABIERTO RENTA OPTIMA,39,FIC DE TIPO GENERAL,2022-01-01T00:00:00.000,2022-07-27T00:00:00.000,208,2022
85659,COMPARTIMENTO SCALE UP FINANCING - AKTIVA FINANCIACIÓN ESTRUCTURADA,20,FONDOS DE CAPITAL PRIVADO,2022-01-01T00:00:00.000,2022-12-31T00:00:00.000,365,2022
42258,COMPARTIMENTO I DEL FONDO DE CAPITAL PRIVADO FINTRA,20,FONDOS DE CAPITAL PRIVADO,2022-01-01T00:00:00.000,2022-12-31T00:00:00.000,365,2022
50287,FONDO DE CAPITAL PRIVADO RUTA DEL SOL COMPARTIMENTO B1,16,FONDOS DE CAPITAL PRIVADO,2022-01-01T00:00:00.000,2022-12-31T00:00:00.000,365,2022
106817,FONDO DE INVERSION COLECTIVA CERRADO INMOBILIARIO PROGRESION RENTAR II,9,FIC DE TIPO GENERAL,2022-06-01T00:00:00.000,2022-06-16T00:00:00.000,16,2022
72906,FONDO DE CAPITAL PRIVADO PALADIN REALTY COLOMBIA COMPARTIMENTO C,26,FONDOS DE CAPITAL PRIVADO,2022-01-01T00:00:00.000,2022-12-31T00:00:00.000,365,2022
90300,FONDO DE INVERSION COLECTIVA ABIERTO CON PACTO DE PERMANENCIA META PLANEADA,21,FIC DE TIPO GENERAL,2022-01-01T00:00:00.000,2022-12-31T00:00:00.000,365,2022
73589,FCP VALOR FORESTAL CAUCHO 8 (EN LIQUIDACIÓN),38,FONDOS DE CAPITAL PRIVADO,2022-01-01T00:00:00.000,2022-12-31T00:00:00.000,365,2022
104907,FONDO DE INVERSIÓN COLECTIVA CERRADO ACCIVAL RENTA FIJA 18M,3,FIC DE TIPO GENERAL,2022-02-25T00:00:00.000,2022-12-31T00:00:00.000,310,2022
109317,FONDO DE INVERSIÓN COLECTIVA CERRADO BBVA AM FUTURO,3,FIC DE TIPO GENERAL,2022-09-19T00:00:00.000,2022-12-31T00:00:00.000,104,2022
110177,FCP. HMC WORKING CAPITAL SOLUTIONS COMP I,20,FONDOS DE CAPITAL PRIVADO,2022-11-04T00:00:00.000,2022-12-31T00:00:00.000,174,2022
59014,FONDO DE CAPITAL PRIVADO TC LATAM - COMPARTIMENTO D,26,FONDOS DE CAPITAL PRIVADO,2022-01-01T00:00:00.000,2022-12-31T00:00:00.000,365,2022
75122,COMPARTIMENTO A,25,FONDOS DE CAPITAL PRIVADO,2022-01-01T00:00:00.000,2022-12-31T00:00:00.000,365,2022
102362,FONDO ASHMORE ANDINO III - FCP COMPARTIMENTO A,16,FONDOS DE CAPITAL PRIVADO,2022-01-05T00:00:00.000,2022-12-31T00:00:00.000,633,2022
53962,FONDO DE INVERSION COLECTA ABIERTO CON PACTO DE PERMANENCIA SURA MULTIESTRATEGIA CREDITO COLOMBIA,58,FIC DE TIPO GENERAL,2022-01-01T00:00:00.000,2022-12-31T00:00:00.000,817,2022
105749,FCP MCL I,21,FONDOS DE CAPITAL PRIVADO,2022-07-25T00:00:00.000,2022-12-31T00:00:00.000,160,2022
99740,FONDO DE INVERSIÓN COLECTIVA ABIERTO SIN PACTO DE PERMANENCIA ACCION 1525,33,FIC DE TIPO GENERAL,2022-01-01T00:00:00.000,2022-12-31T00:00:00.000,365,2022
50278,FIC COMPARTIMENTO B SECCIÓN I ASHMORE DEL FONDO DE INFRAESTRUCTURA COLOMBIA ASHMORE - FCP,16,FONDOS DE CAPITAL PRIVADO,2022-01-01T00:00:00.000,2022-12-31T00:00:00.000,365,2022
66532,COMPARTIMENTO INMUEBLES I,21,FONDOS DE CAPITAL PRIVADO,2022-01-01T00:00:00.000,2022-12-31T00:00:00.000,365,2022
32436,FONDO DE CAPITAL PRIVADO AMERIGO VENTURES PACIFICO,31,FONDOS DE CAPITAL PRIVADO,2022-01-01T00:00:00.000,2022-12-31T00:00:00.000,365,2022
59336,FONDO DE INVERSION COLECTIVA ABIERTO CON PACTO DE PERMANENCIA GLOBAL SECURITIES ACCIONES,68,FIC DE TIPO GENERAL,2022-01-01T00:00:00.000,2022-12-31T00:00:00.000,365,2022
91394,FONDO ABIERTO ALIANZA CON PACTO DE PERMANENCIA MÍNIMA DIVERSIFICACIÓN INMOBILIARIA COLOMBIA,16,FIC DE TIPO GENERAL,2022-01-01T00:00:00.000,2022-12-31T00:00:00.000,1856,2022
13534,CARTERA COLECTIVA FONDO DE INVERSION FORESTAL COLOMBIA,39,FONDOS DE CAPITAL PRIVADO,2022-01-01T00:00:00.000,2022-12-31T00:00:00.000,365,2022
106232,FONDO DE CAPITAL PRIVADO CREDITO LIBRANZAS,16,FONDOS DE CAPITAL PRIVADO,2022-05-12T00:00:00.000,2022-12-31T00:00:00.000,234,2022
106816,FONDO DE CAPITAL PRIVADO RENTA INMOBILIARIA,9,FONDOS DE CAPITAL PRIVADO,2022-06-01T00:00:00.000,2022-12-31T00:00:00.000,214,2022
104377,FIC CERRADO RENTA ALTERNATIVO GLOBAL,31,FIC DE TIPO GENERAL,2022-02-17T00:00:00.000,2022-12-31T00:00:00.000,636,2022
80665,FONDO DE CAPITAL PRIVADO INMOBILIARIO POR COMPARTIMIENTOS AZUR - COMPARTIMIENTO NUEVA VISTA,97,FONDOS DE CAPITAL PRIVADO,2022-01-01T00:00:00.000,2022-12-31T00:00:00.000,365,2022
75716,FONDO DE CAPITAL PRIVADO ARMILLA CAPITAL - COMPARTIMENTO INMOBILIARIO COMERCIAL,16,FONDOS DE CAPITAL PRIVADO,2022-01-01T00:00:00.000,2022-12-31T00:00:00.000,365,2022
21080,"F.C.P. KANDEO FUND I (COLOMBIA), FCP (KFIC)",20,FONDOS DE CAPITAL PRIVADO,2022-01-01T00:00:00.000,2022-12-31T00:00:00.000,365,2022
77780,FCP COMP. GROWTH DEBT - AKTIVA FINANCIACION ESTRUCTURADA,20,FONDOS DE CAPITAL PRIVADO,2022-01-01T00:00:00.000,2022-12-22T00:00:00.000,356,2022
102495,FONDO DE CAPITAL PRIVADO TC LATAM ESTRUCTURAS INMOBILIARIAS COMPARTIMENTO I,26,FONDOS DE CAPITAL PRIVADO,2022-01-01T00:00:00.000,2022-12-31T00:00:00.000,1095,2022
9452,FONDO DE INVERSIÓN COLECTIVA ABIERTO CON PACTO DE PERMANENCIA META CRECIMIENTO,21,FIC DE TIPO GENERAL,2022-01-01T00:00:00.000,2022-12-31T00:00:00.000,365,2022
58954,ALTRA - FONDO DE CAPITAL PRIVADO ALTRA FCP 1 EN LIQUIDACION,26,FONDOS DE CAPITAL PRIVADO,2022-01-01T00:00:00.000,2022-12-31T00:00:00.000,365,2022
88966,FONDO DE CAPITAL PRIVADO INMOBILIARIO SERVITRUST GNB SUDAMERIS,34,FONDOS DE CAPITAL PRIVADO,2022-01-01T00:00:00.000,2022-12-31T00:00:00.000,365,2022
66857,FONDO DE CAPITAL PRIVADO LA MONTERA COMPARTIMENTO ALEJANDRIA,16,FONDOS DE CAPITAL PRIVADO,2022-01-01T00:00:00.000,2022-12-31T00:00:00.000,365,2022
67673,COMPARTIMENTO C DEL FCP AVENIDA COLOMBIA PEF,20,FONDOS DE CAPITAL PRIVADO,2022-01-01T00:00:00.000,2022-12-31T00:00:00.000,365,2022
99575,FONDO MERCADO DE REDUCCIÓN DE EMISIONES - FORE,3,FONDOS DE CAPITAL PRIVADO,2022-01-01T00:00:00.000,2022-12-31T00:00:00.000,730,2022
95663,FONDO DE CAPITAL PRIVADO INMOBILIARIO PENNY LANE CAPITAL COMPARTIMENTO I,16,FONDOS DE CAPITAL PRIVADO,2022-01-01T00:00:00.000,2022-12-31T00:00:00.000,730,2022
71191,COMPARTIMENTO SQF- FCP INVERLINK EST INMOBILIARIAS,16,FONDOS DE CAPITAL PRIVADO,2022-01-01T00:00:00.000,2022-12-31T00:00:00.000,365,2022
59740,FONDO DE INVERSION COLECTIVA ABIERTO RENTA SOSTENIBLE GLOBAL,22,FIC DE TIPO GENERAL,2022-01-01T00:00:00.000,2022-12-31T00:00:00.000,730,2022
50410,FONDO DE CAPITAL PRIVADO TRIBECA NATURAL RESOURCES FUND COMP. A TRIBECA NATURAL RESOURCES,16,FONDOS DE CAPITAL PRIVADO,2022-01-01T00:00:00.000,2022-12-31T00:00:00.000,365,2022
106866,COMPART. LIBRANZAS DEL FCP PRIVADO ALTERNATIVOS PLUS,20,FONDOS DE CAPITAL PRIVADO,2022-10-19T00:00:00.000,2022-12-31T00:00:00.000,148,2022
15397,FONDO DE INVERSION COLECTIVA ABIERTO CON PACTO DE PERMANENCIA ITAU LARGO PLAZO,23,FIC DE TIPO GENERAL,2022-01-01T00:00:00.000,2022-12-31T00:00:00.000,365,2022
60923,COMP I MAS COLOMBIA LATAM - FCP MAS LATAM,9,FONDOS DE CAPITAL PRIVADO,2022-01-01T00:00:00.000,2022-07-24T00:00:00.000,205,2022
11407,CARTERA COLECTIVA ABIERTA DE ALTA LIQUIDEZ,12,FIC DE MERCADO MONETARIO,2022-01-01T00:00:00.000,2022-12-31T00:00:00.000,1239,2022
103927,F.I.C. A. LIQUIDEZ 1525 PLUS,20,FIC DE MERCADO MONETARIO,2022-02-10T00:00:00.000,2022-12-31T00:00:00.000,325,2022
58877,FONDO DE INVERSION COLECTIVA ABIERTO CON PACTO DE PERMANENCIA BTG PACTUAL RENTA FIJA COLOMBIA,14,FIC DE TIPO GENERAL,2022-01-01T00:00:00.000,2022-12-31T00:00:00.000,1825,2022
88922,F.C.P CATTLEYA  - COMPARTIMENTO 2,20,FONDOS DE CAPITAL PRIVADO,2022-01-01T00:00:00.000,2022-12-31T00:00:00.000,1825,2022
73583,FCP - VALOR FORESTAL - CAUCHO 03(EN LIQUIDACIÓN),38,FONDOS DE CAPITAL PRIVADO,2022-01-01T00:00:00.000,2022-12-31T00:00:00.000,365,2022
58927,CREDICORP CAPITAL BALANCEADO III,28,FIC DE TIPO GENERAL,2022-01-01T00:00:00.000,2022-12-31T00:00:00.000,365,2022
97466,FONDO ABIERTO CON PACTO DE PERMANENCIA RENOVABLE ALTERNATIVOS ALIANZA,16,FIC DE TIPO GENERAL,2022-01-01T00:00:00.000,2022-12-31T00:00:00.000,2555,2022
106810,FONDO DE INVERSIÓN COLECTIVA CERRADO PROGRESIÓN RENTAPLÚS,9,FIC DE TIPO GENERAL,2022-06-01T00:00:00.000,2022-12-31T00:00:00.000,214,2022
59500,CARTERA COLECTIVA ESCALONADA INTERBOLSA CREDIT,68,FIC DE TIPO GENERAL,2022-01-01T00:00:00.000,2022-12-31T00:00:00.000,365,2022
72485,FONDO DE INVERSION COLECTIVA RENTA 4 GLOBAL VISTA,63,FIC DE TIPO GENERAL,2022-01-01T00:00:00.000,2022-12-31T00:00:00.000,2190,2022
90278,FONDO DE INVERSIÓN COLECTIVA INMOBILIARIO SIRENTA,3,FIC INMOBILIARIAS,2022-01-01T00:00:00.000,2022-12-31T00:00:00.000,365,2022
85172,FONDO DE CAPITAL PRIVADO AQUA COMPARTIMENTO TRES AQUA III,63,FONDOS DE CAPITAL PRIVADO,2022-01-01T00:00:00.000,2022-12-31T00:00:00.000,1094,2022
73963,FONDO DE INVERSION COLECTIVA ABIERTO CON PACTO DE PERMANENCIA RENTA FIJA DINAMICA,21,FIC DE TIPO GENERAL,2022-01-01T00:00:00.000,2022-12-31T00:00:00.000,365,2022
102610,FONDO CERRADO SENTENCIAS NACIÓN II ALIANZA,16,FIC DE TIPO GENERAL,2022-01-01T00:00:00.000,2022-12-31T00:00:00.000,1093,2022
50261,FONDO DE CAPITAL PRIVADO INVERLINK ESTRUCTURAS INMOBILIARIAS COMPARTIMENTO UNO TIPO DE UNIDAD A,16,FONDOS DE CAPITAL PRIVADO,2022-01-01T00:00:00.000,2022-12-31T00:00:00.000,365,2022
76414,F.I.C. ACCIONES PLUS,20,FIC DE TIPO GENERAL,2022-01-01T00:00:00.000,2022-12-31T00:00:00.000,365,2022
69368,FONDO DE INVERSIÓN COLECTIVA ABIERTO CON PACTO DE PERMANENCIA BBVA AM ESTRATEGIA BALANCEADO GLOBAL,3,FIC DE TIPO GENERAL,2022-01-01T00:00:00.000,2022-12-31T00:00:00.000,365,2022
77640,FCP - VALOR INMOBILIARIO - TERMINALES LOGÍSTICOS DE COLOMBIA - BOGOTA,38,FONDOS DE CAPITAL PRIVADO,2022-01-01T00:00:00.000,2022-12-31T00:00:00.000,1091,2022
93229,CREDICORP CAPITAL FACTORING,28,FIC DE TIPO GENERAL,2022-01-01T00:00:00.000,2022-12-31T00:00:00.000,730,2022
108266,FONDO DE INVERSION COLECTIVA ABIERTO LIQUIDEZ DOLAR,26,FIC DE TIPO GENERAL,2022-10-20T00:00:00.000,2022-12-31T00:00:00.000,73,2022
61583,UNIVERSITAS  FONDO DE INVERSION  COLECTIVA ABIERTO CON  PACTO DE  PERMANENCIA,6,FIC DE TIPO GENERAL,2022-01-01T00:00:00.000,2022-12-31T00:00:00.000,365,2022
104215,ITAÚ REAL ESTATE SECURITIES FUND,23,FIC DE TIPO GENERAL,2022-02-22T00:00:00.000,2022-12-31T00:00:00.000,313,2022
94909,FONDO DE CAPITAL PRIVADO TAURUS CAPITAL COMPARTIMENTO UNO,68,FONDOS DE CAPITAL PRIVADO,2022-01-01T00:00:00.000,2022-12-31T00:00:00.000,730,2022
59523,FCP EMPRENDIMIENTO E INNOVACION S P - EN LIQUIDACIÓN,28,FONDOS DE CAPITAL PRIVADO,2022-01-01T00:00:00.000,2022-12-31T00:00:00.000,365,2022
59012,FONDO DE CAPITAL PRIVADO TC LATAM - COMPARTIMENTO C,26,FONDOS DE CAPITAL PRIVADO,2022-01-01T00:00:00.000,2022-12-31T00:00:00.000,365,2022
59304,FONDO DE INVERSION COLECTIVA ABIERTO RENTA LIQUIDEZ,22,FIC DE TIPO GENERAL,2022-01-01T00:00:00.000,2022-12-31T00:00:00.000,2190,2022
63935,FONDO DE INVERSIÓN COLECTIVA INMOBILIARIO DESARROLLO COLOMBIA I,26,FIC INMOBILIARIAS,2022-01-01T00:00:00.000,2022-12-31T00:00:00.000,365,2022
95409,FONDO DE INVERSIÓN COLECTIVA CERRADO SURA LIBRANZAS I,58,FIC DE TIPO GENERAL,2022-01-01T00:00:00.000,2022-12-31T00:00:00.000,1095,2022
103702,FONDO BLACKROCK DEUDA INFRAESTRUCTURA COLOMBIA II,31,FONDOS DE CAPITAL PRIVADO,2022-01-05T00:00:00.000,2022-12-31T00:00:00.000,361,2022
78886,FONDO DE INVERSIÓN COLECTIVA RENTA FIJA LARGO PLAZO,26,FIC DE TIPO GENERAL,2022-01-01T00:00:00.000,2022-12-31T00:00:00.000,365,2022
73581,FCP VALOR FORESTAL CAUCHO 2 (EN LIQUIDACIÓN),38,FONDOS DE CAPITAL PRIVADO,2022-01-01T00:00:00.000,2022-12-31T00:00:00.000,365,2022
98414,FCP. CATTLEYA COMPATIMENTO 4,20,FONDOS DE CAPITAL PRIVADO,2022-01-01T00:00:00.000,2022-12-31T00:00:00.000,937,2022
73593,FCP VALOR FORESTAL CACAO 01 (EN LIQUIDACIÓN),38,FONDOS DE CAPITAL PRIVADO,2022-01-01T00:00:00.000,2022-12-31T00:00:00.000,365,2022
61653,RENDIR FONDO DE INVERSION COLECTIVA ABIERTO,6,FIC DE TIPO GENERAL,2022-01-01T00:00:00.000,2022-12-31T00:00:00.000,365,2022
63301,FONDO DE INVERSION COLECTIVA ABIERTO RENTA ALTA CONVICCION,22,FIC DE TIPO GENERAL,2022-01-01T00:00:00.000,2022-12-31T00:00:00.000,730,2022
66082,FONDO DE INVERSIÓN COLECTIVA INMOBILIARIO DE RENTA DAVIVIENDA CORREDORES,26,FIC INMOBILIARIAS,2022-01-01T00:00:00.000,2022-12-31T00:00:00.000,365,2022
71258,FONDO DE INVERSION COLECTIVA ABIERTO CON PACTO DE PERMANENCIA BTG PACTUAL ACCIONES INTERNACIONALES,14,FIC DE TIPO GENERAL,2022-01-01T00:00:00.000,2022-12-31T00:00:00.000,1825,2022
98186,FIC BBVA VALORES MONEY MARKET,27,FIC DE MERCADO MONETARIO,2022-01-01T00:00:00.000,2022-12-31T00:00:00.000,730,2022
109469,FONDO DE CAPITAL PRIVADO IMPACTA,21,FONDOS DE CAPITAL PRIVADO,2022-12-13T00:00:00.000,2022-12-31T00:00:00.000,19,2022
51959,FONDO DE INVERSIÓN COLECTIVA SKANDIA MULTIPLAZO,7,FIC DE TIPO GENERAL,2022-01-01T00:00:00.000,2022-12-31T00:00:00.000,3190,2022
71323,FCP FUTURO INMOBILIARIO COMPARTIMENTO II - VIVIENDA,16,FONDOS DE CAPITAL PRIVADO,2022-01-01T00:00:00.000,2022-12-31T00:00:00.000,730,2022
106811,FONDO DE CAPITAL PRIVADO MEDICAL,9,FONDOS DE CAPITAL PRIVADO,2022-06-01T00:00:00.000,2022-12-31T00:00:00.000,214,2022
59560,CPVAL HIDROCARBUROS,28,FONDOS DE CAPITAL PRIVADO,2022-01-01T00:00:00.000,2022-11-01T00:00:00.000,305,2022
76407,FONDO DE CAPITAL PRIVADO MALLPLAZA - COMPARTIMENTO UNO,26,FONDOS DE CAPITAL PRIVADO,2022-01-01T00:00:00.000,2022-12-31T00:00:00.000,365,2022
99250,COMPARTIMENTO NANTES INVERSIONES - FONDO DE CAPITAL PRIVADO LA MONTERA,16,FONDOS DE CAPITAL PRIVADO,2022-01-01T00:00:00.000,2022-12-31T00:00:00.000,365,2022
58134,FONDO DE INVERSION COLECTIVA FONDO GNB ABIERTO,34,FIC DE TIPO GENERAL,2022-01-01T00:00:00.000,2022-12-31T00:00:00.000,365,2022
104027,FONDO DE CAPITAL PRIVADO LIBRANZAS COLOMBIA,16,FONDOS DE CAPITAL PRIVADO,2022-02-22T00:00:00.000,2022-12-31T00:00:00.000,313,2022
106814,FONDO DE INVERSION COLECTIVA CERRADO INMOBILIARIO PROGRESIÓN RENTAR 2015,9,FIC INMOBILIARIAS,2022-06-17T00:00:00.000,2022-12-31T00:00:00.000,198,2022
11427,CARTERA COLECTIVA ABIERTA EFECTIVO A LA VISTA,12,FIC DE TIPO GENERAL,2022-01-01T00:00:00.000,2022-12-31T00:00:00.000,2190,2022
73590,FCP - VALOR FORESTAL - CAUCHO 09 (EN LIQUIDACIÓN),38,FONDOS DE CAPITAL PRIVADO,2022-01-01T00:00:00.000,2022-12-31T00:00:00.000,365,2022
101471,FIC SURA RENTA FIJA COLOMBIA,58,FIC DE TIPO GENERAL,2022-01-01T00:00:00.000,2022-12-31T00:00:00.000,1095,2022
50276,FIC COMPARTIMENTO A SECCIÓN I ASHMORE DEL FONDO DE INFRAESTRUCTURA COLOMBIA ASHMORE - FCP,16,FONDOS DE CAPITAL PRIVADO,2022-01-01T00:00:00.000,2022-12-31T00:00:00.000,365,2022
106820,FONDO DE CAPITAL PRIVADO RED HOSPITALARIA COLOMBIA,9,FONDOS DE CAPITAL PRIVADO,2022-06-01T00:00:00.000,2022-12-31T00:00:00.000,214,2022
34630,FONDO DE INFRAESTRUCTURA BROOKFIELD COLOMBIA - SUBCOMPARTIMENTO LP,16,FONDOS DE CAPITAL PRIVADO,2022-01-01T00:00:00.000,2022-12-31T00:00:00.000,365,2022
69537,FONDO DE INVERSION COLECTIVA ABIERTO FIC 600,39,FIC DE TIPO GENERAL,2022-01-01T00:00:00.000,2022-12-31T00:00:00.000,4996,2022
73586,FCP - VALOR FORESTAL - CAUCHO 05(EN LIQUIDACIÓN),38,FONDOS DE CAPITAL PRIVADO,2022-01-01T00:00:00.000,2022-12-31T00:00:00.000,365,2022
50411,FONDO DE CAPITAL PRIVADO TRIBECA NATURAL RESOURCES FUND COMP. B TRIBECA NATURAL RESOURCES,16,FONDOS DE CAPITAL PRIVADO,2022-01-01T00:00:00.000,2022-12-31T00:00:00.000,365,2022
81088,FCP NEXUS COMP INMUEBLES ALPOPULAR,21,FONDOS DE CAPITAL PRIVADO,2022-01-01T00:00:00.000,2022-12-31T00:00:00.000,365,2022
27283,FONDO DE INFRAESTRUCTURA BROOKFIELD COLOMBIA - COMPARTIMENTO II,16,FONDOS DE CAPITAL PRIVADO,2022-01-01T00:00:00.000,2022-12-31T00:00:00.000,365,2022
59079,FIC ACCIONES GLOBALES,26,FIC DE TIPO GENERAL,2022-01-01T00:00:00.000,2022-12-31T00:00:00.000,730,2022
59950,CPVAL TERMICO - EN LIQUIDACIÓN,28,FONDOS DE CAPITAL PRIVADO,2022-01-01T00:00:00.000,2022-12-31T00:00:00.000,365,2022
59582,FCP VALOR INMOBILIARIO POLIGONOS INDUSTRIALES DE COLOMBIA - CARTAGENA (PIC),21,FONDOS DE CAPITAL PRIVADO,2022-01-01T00:00:00.000,2022-12-31T00:00:00.000,347,2022
10026,FONDO DE INVERSION COLECTIVA SUPERIOR,42,FIC DE TIPO GENERAL,2022-01-01T00:00:00.000,2022-12-31T00:00:00.000,2376,2022
93228,ULTRA INVERSION - EN LIQUIDACION,28,FIC DE TIPO GENERAL,2022-01-01T00:00:00.000,2022-11-25T00:00:00.000,329,2022
2852,FONDO DE INVERSIÓN COLECTIVA ABIERTO FIDUCUENTA,31,FIC DE TIPO GENERAL,2022-01-01T00:00:00.000,2022-12-31T00:00:00.000,365,2022
95981,FONDO DE INVERSION COLECTIVA F6,39,FIC DE TIPO GENERAL,2022-01-01T00:00:00.000,2022-07-27T00:00:00.000,208,2022
60275,FONDO DE INVERSION COLECTIVA ABIERTO RENTAVAL,91,FIC DE TIPO GENERAL,2022-01-01T00:00:00.000,2022-12-31T00:00:00.000,365,2022
58247,FONDO DE DEUDA SENIOR PARA INFRAESTRUCTURA EN COLOMBIA CAF ASHMORE I,16,FONDOS DE CAPITAL PRIVADO,2022-01-01T00:00:00.000,2022-12-31T00:00:00.000,365,2022
74094,"FONDO DE CAPITAL PRIVADO INMOBILIARIO POR COMPARTIMENTOS AZUR, COMPARTIMENTO BLOCPORT",97,FONDOS DE CAPITAL PRIVADO,2022-01-01T00:00:00.000,2022-12-31T00:00:00.000,365,2022
3644,FONDO DE INVERSIÓN COLECTIVA ABIERTO RENTA ACCIONES LATAM,31,FIC DE TIPO GENERAL,2022-01-01T00:00:00.000,2022-12-31T00:00:00.000,1095,2022
44227,FONDO DE CAPITAL PRIVADO VELUM EARLY STAGE FUND I,23,FONDOS DE CAPITAL PRIVADO,2022-01-01T00:00:00.000,2022-12-31T00:00:00.000,365,2022
102364,FONDO ASHMORE ANDINO III - FCP COMPARTIMENTO C,16,FONDOS DE CAPITAL PRIVADO,2022-01-05T00:00:00.000,2022-12-31T00:00:00.000,361,2022
99251,COMPARTIMENTO ASIS INVEST - FONDO DE CAPITAL PRIVADO LA MONTERA,16,FONDOS DE CAPITAL PRIVADO,2022-01-01T00:00:00.000,2022-12-31T00:00:00.000,365,2022
60248,FONDO DE INVERSIÓN COLECTIVA CERRADO BTG PACTUAL CREDIVALORES II,14,FIC DE TIPO GENERAL,2022-01-01T00:00:00.000,2022-08-18T00:00:00.000,460,2022
59328,FONDO DE INVERSION COLECTIVA ABIERTO GLOBAL VISTA,68,FIC DE TIPO GENERAL,2022-01-01T00:00:00.000,2022-12-31T00:00:00.000,365,2022
11014,FONDO DE INVERSIÓN COLECTIVA ABIERTO SIN PACTO DE PERMANENCIA ACCION UNO,33,FIC DE TIPO GENERAL,2022-01-01T00:00:00.000,2022-12-31T00:00:00.000,365,2022
60046,FONDO DE INVERSION COLECTIVA CERRADO PROGRESION RENTAMAS,11,FIC DE TIPO GENERAL,2022-01-01T00:00:00.000,2022-05-31T00:00:00.000,604,2022
58750,FONDO DE INVERSION COLECTIVA CERRADA OCCIDECOL,21,FIC DE TIPO GENERAL,2022-01-01T00:00:00.000,2022-12-31T00:00:00.000,365,2022
77050,FONDO DE CAPITAL PRIVADO MALLPLAZA - COMPARTIMENTO FARO INMOBILIARIO,26,FONDOS DE CAPITAL PRIVADO,2022-01-01T00:00:00.000,2022-12-31T00:00:00.000,365,2022
97588,FONDO DE INVERSIÓN COLECTIVA CERRADO SENTENCIAS NACIÓN ALIANZA,16,FIC DE TIPO GENERAL,2022-01-01T00:00:00.000,2022-12-31T00:00:00.000,1460,2022
59501,INMOVAL FONDO INMOBILIARIO,28,FIC INMOBILIARIAS,2022-01-01T00:00:00.000,2022-12-31T00:00:00.000,365,2022
74174,COMPARTIMENTO B FCP AVENIDA COLOMBIA PEF II,20,FONDOS DE CAPITAL PRIVADO,2022-01-01T00:00:00.000,2022-12-31T00:00:00.000,1825,2022
74207,FONDO DE CAPITAL PRIVADO VALOR INMOBILIARIO COMPLEJO LOGISTICO DEL CARIBE,11,FONDOS DE CAPITAL PRIVADO,2022-01-01T00:00:00.000,2022-07-31T00:00:00.000,212,2022
58883,CREDICORP CAPITAL DEUDA CORPORATIVA,28,FIC DE TIPO GENERAL,2022-01-01T00:00:00.000,2022-12-31T00:00:00.000,1095,2022
90303,FONDO DE INVERSION COLECTIVA ABIERTO CON PACTO DE PERMANENCIA META DECIDIDA,21,FIC DE TIPO GENERAL,2022-01-01T00:00:00.000,2022-12-31T00:00:00.000,365,2022
66528,COMPARTIMENTO ALIMENTOS VALUARY,21,FONDOS DE CAPITAL PRIVADO,2022-01-01T00:00:00.000,2022-12-31T00:00:00.000,365,2022
3049,FONDO DE INVERSION COLECTIVA ABIERTO CON PACTO DE PERMANENCIA PLAN SEMILLA,31,FIC DE TIPO GENERAL,2022-01-01T00:00:00.000,2022-12-31T00:00:00.000,365,2022
60239,FONDO DE CAPITAL PRIVADO PROGRESION INMOBILIARIO,11,FONDOS DE CAPITAL PRIVADO,2022-01-01T00:00:00.000,2022-05-31T00:00:00.000,151,2022
93625,FONDO DE INVERSION COLECTIVA ABIERTO RENTA FUTURO,22,FIC DE TIPO GENERAL,2022-01-01T00:00:00.000,2022-12-31T00:00:00.000,730,2022
11356,FONDO DE INVERSIÓN COLECTIVA ABIERTO FIDULIQUIDEZ,18,FIC DE TIPO GENERAL,2022-01-01T00:00:00.000,2022-12-31T00:00:00.000,1970,2022
96938,FONDO DE CAPITAL PRIVADO CATTLEYA COMPATIMENTO 3,20,FONDOS DE CAPITAL PRIVADO,2022-01-01T00:00:00.000,2022-12-31T00:00:00.000,730,2022
10648,FONDO DE INVERSION COLECTIVA ABIERTO ITAU MONEY MARKET,23,FIC DE TIPO GENERAL,2022-01-01T00:00:00.000,2022-12-31T00:00:00.000,2074,2022
101962,COMPARTIMENTO DEUDA PRIVADA PYMES COLOMBIA,40,FONDOS DE CAPITAL PRIVADO,2022-01-01T00:00:00.000,2022-12-31T00:00:00.000,365,2022
72576,FONDO DE INVERSION COLECTIVA ABIERTO CON PACTO DE PERMANENCIA AVANZAR 180 DIAS,62,FIC DE TIPO GENERAL,2022-01-01T00:00:00.000,2022-10-30T00:00:00.000,1263,2022
60678,FONDO BURSÁTIL ISHARES  MSCI COLCAP,73,FIC BURSATILES,2022-01-01T00:00:00.000,2022-12-31T00:00:00.000,365,2022
59009,FONDO DE CAPITAL PRIVADO TC LATAM - COMPARTIMENTO B,26,FONDOS DE CAPITAL PRIVADO,2022-01-01T00:00:00.000,2022-12-31T00:00:00.000,365,2022
58347,FIC INTERÉS,26,FIC DE TIPO GENERAL,2022-01-01T00:00:00.000,2022-12-31T00:00:00.000,941,2022
108495,FONDO CERRADO RENTA FIJA III,31,FIC DE TIPO GENERAL,2022-08-05T00:00:00.000,2022-08-05T00:00:00.000,1,2022
65734,FONDO DE CAPITAL PRIVADO TC LATAM - COMPARTIMENTO G TC LATAM,26,FONDOS DE CAPITAL PRIVADO,2022-01-01T00:00:00.000,2022-12-31T00:00:00.000,365,2022
3814,FONDO DE INVERSIÓN COLECTIVA ABIERTO RENTA FIJA PLAZO,31,FIC DE TIPO GENERAL,2022-01-01T00:00:00.000,2022-12-31T00:00:00.000,365,2022
58948,FONDO DE CAPITAL PRIVADO ENERGETICO - COMPARTIMENTO C,26,FONDOS DE CAPITAL PRIVADO,2022-01-01T00:00:00.000,2022-12-31T00:00:00.000,365,2022
88247,FONDO DE CAPITAL PRIVADO INMOBILIARIO CCLA - COMPARTIMENTO VIVIENDA URBANA EN ARRIENDO I,16,FONDOS DE CAPITAL PRIVADO,2022-01-01T00:00:00.000,2022-12-31T00:00:00.000,1460,2022
9453,FONDO DE INVERSIÓN COLECTIVA ABIERTO SIN PACTO DE PERMANENCIA OCCITESOROS,21,FIC DE TIPO GENERAL,2022-01-01T00:00:00.000,2022-12-31T00:00:00.000,3007,2022
66651,FONDO INMOBILIARIO FIDUPAÍS FIC CERRADO NO. 2 EN DERECHOS FIDUCIARIOS SOBRE INMUEBLES,68,FIC INMOBILIARIAS,2022-01-01T00:00:00.000,2022-12-31T00:00:00.000,365,2022
77049,FONDO DE CAPITAL PRIVADO MALLPLAZA - COMPARTIMENTO AS,26,FONDOS DE CAPITAL PRIVADO,2022-01-01T00:00:00.000,2022-12-31T00:00:00.000,365,2022
101555,FIC FONDO CERRADO RENTA FIJA,31,FIC DE TIPO GENERAL,2022-01-01T00:00:00.000,2022-12-31T00:00:00.000,365,2022
71846,FCP 4G CREDICORP CAPITAL - SURA AM COMP LIQUIDEZ I,28,FONDOS DE CAPITAL PRIVADO,2022-01-01T00:00:00.000,2022-12-31T00:00:00.000,1095,2022
50272,FONDO DE CAPITAL PRIVADO RUTA DEL SOL COMPARTIMENTO A1,16,FONDOS DE CAPITAL PRIVADO,2022-01-01T00:00:00.000,2022-12-31T00:00:00.000,365,2022
109806,FCP NEXUS - COMPARTIMENTO INMUEBLES AV VILLAS - CORFICOLOMBIANA,21,FONDOS DE CAPITAL PRIVADO,2022-10-28T00:00:00.000,2022-12-31T00:00:00.000,65,2022
102363,FONDO ASHMORE ANDINO III - FCP COMPARTIMENTO B,16,FONDOS DE CAPITAL PRIVADO,2022-01-05T00:00:00.000,2022-12-31T00:00:00.000,785,2022
13174,F.I.C. A. MERCADO MONETARIO CONFIANZA PLUS,20,FIC DE MERCADO MONETARIO,2022-01-01T00:00:00.000,2022-12-31T00:00:00.000,365,2022
60168,FONDO DE INVERSIÓN COLECTIVA CERRADO PROGRESIÓN RENTAPLÚS,11,FIC DE TIPO GENERAL,2022-01-01T00:00:00.000,2022-05-31T00:00:00.000,151,2022
109261,FONDO DE INVERSIÓN COLECTIVA SKANDIA CERRADO CAT XIII,7,FIC DE TIPO GENERAL,2022-09-16T00:00:00.000,2022-12-31T00:00:00.000,107,2022
65875,FIC FONDO DE SEGURIDAD BOLIVAR,42,FIC DE TIPO GENERAL,2022-01-01T00:00:00.000,2022-12-31T00:00:00.000,365,2022
58918,CREDICORP CAPITAL ACCIONES GLOBALES,28,FIC DE TIPO GENERAL,2022-01-01T00:00:00.000,2022-12-31T00:00:00.000,730,2022
73592,FCP VALOR FORESTAL CAUCHO 11 (EN LIQUIDACIÓN),38,FONDOS DE CAPITAL PRIVADO,2022-01-01T00:00:00.000,2022-12-31T00:00:00.000,365,2022
106813,FONDO DE INVERSIÓN COLECTIVA RENTA FIJA ABIERTO CON PACTO DE PERMANENCIA MEDIANO PLAZO,9,FIC DE TIPO GENERAL,2022-06-01T00:00:00.000,2022-12-31T00:00:00.000,214,2022
74841,FONDO DE INVERSION COLECTIVA CERRADO INMOBILIARIO PROGRESION RENTAR II,11,FIC INMOBILIARIAS,2022-01-01T00:00:00.000,2022-05-31T00:00:00.000,151,2022
106749,FIC SURA CREDITO PRIVADO III,58,FIC DE TIPO GENERAL,2022-06-02T00:00:00.000,2022-12-31T00:00:00.000,426,2022
9645,F.I.C. CON PACTO DE PERMANENCIA CAPITAL PLUS,20,FIC DE TIPO GENERAL,2022-01-01T00:00:00.000,2022-12-31T00:00:00.000,365,2022
8742,FIC ABIERTO BBVA FAM CON PARTICIPACIONES DIFERENCIALES,3,FIC DE TIPO GENERAL,2022-01-01T00:00:00.000,2022-12-31T00:00:00.000,2555,2022
3078,FONDO DE INVERSIÓN COLECTIVA ABIERTO RENTA BALANCEADO,31,FIC DE TIPO GENERAL,2022-01-01T00:00:00.000,2022-12-31T00:00:00.000,365,2022
82379,FIC ABIERTO CON PACTO DE PERMANENCIA AVANZAR 90 DIAS,62,FIC DE TIPO GENERAL,2022-01-01T00:00:00.000,2022-12-31T00:00:00.000,1515,2022
96092,FONDO DE CAPITAL PRIVADO COLPATRIA INTERNACIONAL,59,FONDOS DE CAPITAL PRIVADO,2022-01-01T00:00:00.000,2022-12-31T00:00:00.000,365,2022
73723,FONDO DE INVERSIÓN COLECTIVA ABIERTO CON PACTO DE PERMANENCIA ALIANZA RENTA FIJA MERCADOS EMERGENTE,16,FIC DE TIPO GENERAL,2022-01-01T00:00:00.000,2022-12-31T00:00:00.000,1389,2022
86055,FCP CATTLEYA - COMPARTIMENTO 1,20,FONDOS DE CAPITAL PRIVADO,2022-01-01T00:00:00.000,2022-12-31T00:00:00.000,1095,2022
65731,FONDO DE CAPITAL PRIVADO TC LATAM - COMPARTIMENTO E TC LATAM,26,FONDOS DE CAPITAL PRIVADO,2022-01-01T00:00:00.000,2022-12-31T00:00:00.000,365,2022
93624,BTG PACTUAL ACCIONES MERCADOS EMERGENTES,14,FIC DE TIPO GENERAL,2022-01-01T00:00:00.000,2022-12-31T00:00:00.000,1825,2022
99433,FIC SURA MULTIACTIVO CRECIMIENTO,58,FIC DE TIPO GENERAL,2022-01-01T00:00:00.000,2022-09-22T00:00:00.000,728,2022
91000,FCP NEXUS COMP INMUEBLES OCCIDENTE,21,FONDOS DE CAPITAL PRIVADO,2022-01-01T00:00:00.000,2022-12-31T00:00:00.000,365,2022
18462,FONDO CASH CONSERVADOR ALIANZA 1525,16,FIC DE TIPO GENERAL,2022-01-01T00:00:00.000,2022-12-31T00:00:00.000,4306,2022
79144,FCP SURA AM INMOBILIARIO,31,FONDOS DE CAPITAL PRIVADO,2022-01-01T00:00:00.000,2022-12-31T00:00:00.000,365,2022
73317,FONDO DE CAPITAL PRIVADO ARMILLA CAPITAL-COMPARTIMENTO ALPES,16,FONDOS DE CAPITAL PRIVADO,2022-01-01T00:00:00.000,2022-12-31T00:00:00.000,365,2022
105256,FCP EWA II,21,FONDOS DE CAPITAL PRIVADO,2022-04-06T00:00:00.000,2022-09-17T00:00:00.000,165,2022
61112,COMPARTIMENTO DEUDA PRIVADA INFRAESTRUCTURA I,28,FONDOS DE CAPITAL PRIVADO,2022-01-01T00:00:00.000,2022-12-31T00:00:00.000,1095,2022
106524,FONDO DE INVERSIÓN COLECTIVA CERRADO SKANDIA CAT X,7,FIC DE TIPO GENERAL,2022-05-25T00:00:00.000,2022-12-31T00:00:00.000,221,2022
109571,FONDO DE CAPITAL PRIVADO SKANDIA ALTERNATIVO - COMPARTIMENTO IMPACTO,7,FONDOS DE CAPITAL PRIVADO,2022-10-28T00:00:00.000,2022-12-31T00:00:00.000,123,2022
77191,FONDO DE CAPITAL PRIVADO INMOBILIARIO SERVIVALORES GNB SUDAMERIS,91,FONDOS DE CAPITAL PRIVADO,2022-01-01T00:00:00.000,2022-12-31T00:00:00.000,365,2022
110358,FONDO CERRADO ALIANZA ESTRUCTURADO RENTA FIJA & PEI,16,FIC DE TIPO GENERAL,2022-11-22T00:00:00.000,2022-12-31T00:00:00.000,137,2022
74196,FONDO DE CAPITAL PRIVADO RENTA INMOBILIARIA,11,FONDOS DE CAPITAL PRIVADO,2022-01-01T00:00:00.000,2022-05-31T00:00:00.000,151,2022
50283,FONDO DE CAPITAL PRIVADO TRG FCP LA I,16,FONDOS DE CAPITAL PRIVADO,2022-01-01T00:00:00.000,2022-12-31T00:00:00.000,365,2022
67598,FONDO DE CAPITAL AGROEMPRESAS COLOMBIA DE SEAF,21,FONDOS DE CAPITAL PRIVADO,2022-01-01T00:00:00.000,2022-12-31T00:00:00.000,365,2022
10650,FONDO DE INVERSION COLECTIVA ABIERTO CON PACTO DE PERMANENCIA ITAU MEDIANO PLAZO,23,FIC DE TIPO GENERAL,2022-01-01T00:00:00.000,2022-12-31T00:00:00.000,365,2022
105752,FCP MCL IV,21,FONDOS DE CAPITAL PRIVADO,2022-07-25T00:00:00.000,2022-12-31T00:00:00.000,480,2022
71197,FONDO DE INVERSIÓN COLECTIVA ABIERTO FIC AVANZAR VISTA,62,FIC DE TIPO GENERAL,2022-01-01T00:00:00.000,2022-12-31T00:00:00.000,2900,2022
53973,FIC GESTIONAR,58,FIC DE TIPO GENERAL,2022-01-01T00:00:00.000,2022-02-13T00:00:00.000,44,2022
107298,FONDO DE INVERSIÓN COLECTIVA CERRADO DE NATURALEZA APALANCADA SINTÉTICO TASA FIJA 4.0,26,FIC DE TIPO GENERAL,2022-07-12T00:00:00.000,2022-12-31T00:00:00.000,173,2022
50439,COMPARTIMENTO ZONA FRANCA DEL FONDO DE CAPITAL PRIVADO INVERLINK ESTRUCTURAS INMOBILIARIAS,16,FONDOS DE CAPITAL PRIVADO,2022-01-01T00:00:00.000,2022-12-31T00:00:00.000,365,2022
58756,CREDICORP CAPITAL ALTA LIQUIDEZ,28,FIC DE TIPO GENERAL,2022-01-01T00:00:00.000,2022-12-31T00:00:00.000,1825,2022
50518,FONDO DE CO-INVERSIÓN CON EL FONDO DE INFRAESTRUCTURA ASHMORE I - FCP  COMPARTIMENTO 3 - CODAD S.A,16,FONDOS DE CAPITAL PRIVADO,2022-01-01T00:00:00.000,2022-12-31T00:00:00.000,365,2022
10659,FONDO DE INVERSION COLECTIVA ABIERTO FIDUGOB,22,FIC DE TIPO GENERAL,2022-01-01T00:00:00.000,2022-12-31T00:00:00.000,3285,2022
59738,FONDO DE INVERSION COLECTIVA ABIERTO RENTA VARIABLE COLOMBIA,22,FIC DE TIPO GENERAL,2022-01-01T00:00:00.000,2022-12-31T00:00:00.000,730,2022
80955,FONDO DE CAPITAL PRIVADO AQUA COMPARTIMENTO UNO AQUA I,63,FONDOS DE CAPITAL PRIVADO,2022-01-01T00:00:00.000,2022-12-31T00:00:00.000,365,2022
85697,FONDO DE INVERSIÓN COLECTIVA INMOBILIARIO SURA AM RENTAS INMOBILIARIAS,31,FIC INMOBILIARIAS,2022-01-01T00:00:00.000,2022-12-31T00:00:00.000,730,2022
108532,FONDO DE INVERSIÓN COLECTIVA CERRADO  SKANDIA CAT XII,7,FIC DE TIPO GENERAL,2022-08-10T00:00:00.000,2022-12-31T00:00:00.000,144,2022
110509,FONDO DE INVERSIÓN COLECTIVA CERRADO BBVA AM FUTURO 2.0,3,FIC DE TIPO GENERAL,2022-11-25T00:00:00.000,2022-12-31T00:00:00.000,37,2022
100095,BTG PACTUAL DINAMICO,14,FIC DE TIPO GENERAL,2022-01-01T00:00:00.000,2022-12-31T00:00:00.000,1460,2022
65733,FONDO DE CAPITAL PRIVADO TC LATAM - COMPARTIMENTO F TC LATAM,26,FONDOS DE CAPITAL PRIVADO,2022-01-01T00:00:00.000,2022-12-31T00:00:00.000,365,2022
90256,FONDO DE CAPITAL PRIVADO INMOBILIARIO SALUD COMPARTIMENTO 1,16,FONDOS DE CAPITAL PRIVADO,2022-01-01T00:00:00.000,2022-12-31T00:00:00.000,730,2022
101924,FONDO DE INVERSIÓN COLECTIVA CERRADO SKANDIA CAT V,7,FIC DE TIPO GENERAL,2022-01-01T00:00:00.000,2022-03-24T00:00:00.000,83,2022
67404,FONDO DE INVERSION COLECTIVA ABIERTO CON PACTO PERMANENCIA ALIANZA RENTA FIJA 90,16,FIC DE TIPO GENERAL,2022-01-01T00:00:00.000,2022-12-31T00:00:00.000,3285,2022
58703,FONDO DE CAPITAL PRIVADO CORREDORES CAPITAL I,26,FONDOS DE CAPITAL PRIVADO,2022-01-01T00:00:00.000,2022-12-31T00:00:00.000,365,2022
60924,COMP II MAS COLOMBIA OPPORTUNITY -FCP MAS COLOMBIA LATAM,9,FONDOS DE CAPITAL PRIVADO,2022-01-01T00:00:00.000,2022-07-24T00:00:00.000,205,2022
81171,FONDO DE INVERSIÓN COLECTIVA CERRADO INMOBILIARIO GRANDES SUPERFICIES,7,FIC INMOBILIARIAS,2022-01-01T00:00:00.000,2022-12-31T00:00:00.000,365,2022
82718,FONDO DE INVERSIÓN COLECTIVA ABIERTO CON PACTO DE PERMANENCIA RENTAPAIS,39,FIC DE TIPO GENERAL,2022-01-01T00:00:00.000,2022-12-31T00:00:00.000,365,2022
98744,FIC SURA LIQUIDEZ PESOS,58,FIC DE TIPO GENERAL,2022-01-01T00:00:00.000,2022-12-31T00:00:00.000,1820,2022
28405,FONDO DE CAPITAL PRIVADO OXO - PROPIEDADES SOSTENIBLES COMPARTIMENTO II. OXO - PROPIEDADES SOSTENIB,16,FONDOS DE CAPITAL PRIVADO,2022-01-01T00:00:00.000,2022-12-31T00:00:00.000,365,2022
29495,FONDO DE INVERSIÓN COLECTIVA ABIERTO CON PACTO DE PERMANENCIA ÓPTIMO,22,FIC DE TIPO GENERAL,2022-01-01T00:00:00.000,2022-12-31T00:00:00.000,365,2022
64114,FONDO ASHMORE ANDINO II - FCP COMPARTIMENTO A,16,FONDOS DE CAPITAL PRIVADO,2022-01-01T00:00:00.000,2022-12-31T00:00:00.000,1095,2022
58928,CREDICORP CAPITAL ESTRATEGICO,28,FIC DE TIPO GENERAL,2022-01-01T00:00:00.000,2022-12-31T00:00:00.000,365,2022
60348,FONDO DE INVERSIÓN COLECTIVA INMOBILIARIO VISUM RENTAS INMOBILIARIAS,14,FIC INMOBILIARIAS,2022-01-01T00:00:00.000,2022-12-31T00:00:00.000,365,2022
110574,CREDICORP CAPITAL INNOVACIÓN LATAM,28,FIC DE TIPO GENERAL,2022-11-29T00:00:00.000,2022-12-31T00:00:00.000,33,2022
2971,FONDO DE INVERSION COLECTIVA ABIERTO CON PACTO DE PERMANENCIA FIDURENTA,31,FIC DE TIPO GENERAL,2022-01-01T00:00:00.000,2022-12-31T00:00:00.000,1825,2022
93197,CREDICORP CAPITAL VISTA,28,FIC DE TIPO GENERAL,2022-01-01T00:00:00.000,2022-12-31T00:00:00.000,1466,2022
72409,FONDO DE INVERSION COLECTIVA CERRADO ACCICOLF VANGUARDIA ACCIONES ORDINARIAS,21,FIC DE TIPO GENERAL,2022-01-01T00:00:00.000,2022-12-31T00:00:00.000,365,2022
93253,CREDICORP CAPITAL REAL ESTATE 2011 - COMPARTIMENTO UNO EN LIQUIDACIÓN,28,FONDOS DE CAPITAL PRIVADO,2022-01-01T00:00:00.000,2022-12-31T00:00:00.000,365,2022
53954,F.I.C. VALOR PLUS I,20,FIC DE TIPO GENERAL,2022-01-01T00:00:00.000,2022-12-31T00:00:00.000,5110,2022
100523,FONDO DE CAPITAL PRIVADO MFX CAPITAL,68,FONDOS DE CAPITAL PRIVADO,2022-01-01T00:00:00.000,2022-12-31T00:00:00.000,824,2022
53970,FONDO DE INVERSION COLECTIVA CERRADO SURA CREDITO PRIVADO COLOMBIA,58,FIC DE TIPO GENERAL,2022-01-01T00:00:00.000,2022-12-31T00:00:00.000,1460,2022
32814,FONDO DE INVERSION COLECTIVA CCA RENTALIQUIDA FIDUCAFE,42,FIC DE TIPO GENERAL,2022-01-01T00:00:00.000,2022-12-31T00:00:00.000,1134,2022
86374,FONDO DE CAPITAL PRIVADO AQUA COMPARTIMENTO DOS IKALON,63,FONDOS DE CAPITAL PRIVADO,2022-01-01T00:00:00.000,2022-03-29T00:00:00.000,88,2022
99377,FONDO DE CAPITAL PRIVADO PLENTIA INVERSIONES COMPARTIMENTO IV ARGO,97,FONDOS DE CAPITAL PRIVADO,2022-01-01T00:00:00.000,2022-12-31T00:00:00.000,365,2022
109715,FONDO DE INVERSIÓN COLECTIVA CERRADO ACCIVAL RENTA FIJA 12 M,3,FIC DE TIPO GENERAL,2022-10-07T00:00:00.000,2022-12-31T00:00:00.000,86,2022
111307,F.C.P. VID COMPARTIMENTO II JIDUSH,20,FONDOS DE CAPITAL PRIVADO,2022-12-28T00:00:00.000,2022-12-31T00:00:00.000,14,2022
72899,FONDO DE CAPITAL PRIVADO INMOBILIARIO GRUPO PEGASUS COLOMBIA FONDO I COMPARTIMENTO 1 PEGASUS VIVIEN,26,FONDOS DE CAPITAL PRIVADO,2022-01-01T00:00:00.000,2022-12-31T00:00:00.000,730,2022
109884,FONDO CERRADO RENTA FIJA IV,31,FIC DE TIPO GENERAL,2022-11-22T00:00:00.000,2022-12-31T00:00:00.000,40,2022
50304,FONDO DE CAPITAL PRIVADO VALORAR FUTURO,16,FONDOS DE CAPITAL PRIVADO,2022-01-01T00:00:00.000,2022-12-31T00:00:00.000,365,2022
59105,CREDICORP CAPITAL ACCIONES COLOMBIA,28,FIC DE TIPO GENERAL,2022-01-01T00:00:00.000,2022-12-31T00:00:00.000,966,2022
66567,COMP IV UNO MAS COLOMBIA LATAM,9,FONDOS DE CAPITAL PRIVADO,2022-01-01T00:00:00.000,2022-07-24T00:00:00.000,615,2022
34644,FONDO DE INFRAESTRUCTURA BROOKFIELD COLOMBIA - SUBCOMPARTIMENTO GP,16,FONDOS DE CAPITAL PRIVADO,2022-01-01T00:00:00.000,2022-12-31T00:00:00.000,365,2022
107027,FONDO DE INVERSIÓN COLECTIVA CERRADO ACCIVAL RENTA FIJA 24M,3,FIC DE TIPO GENERAL,2022-06-16T00:00:00.000,2022-12-31T00:00:00.000,199,2022
38802,FONDO DE CAPITAL PRIVADO OXO - PROPIEDADES SOSTENIBLES COMPARTIMENTO III. BARRANQUILLA. OXO - PROPI,16,FONDOS DE CAPITAL PRIVADO,2022-01-01T00:00:00.000,2022-12-31T00:00:00.000,365,2022
11962,FONDO DE INVERSIÓN COLECTIVA ABIERTO BBVA PAÍS CON PARTICIPACIONES DIFERENCIALES,3,FIC DE TIPO GENERAL,2022-01-01T00:00:00.000,2022-12-31T00:00:00.000,1460,2022
99430,FIC SURA MULTIACTIVO CONSERVADOR,58,FIC DE TIPO GENERAL,2022-01-01T00:00:00.000,2022-09-21T00:00:00.000,653,2022
102266,COMPARTIMENTO A - FCP DEUDA INFRAESTRUCTURA II SURA - CREDICORP CAPITAL,28,FONDOS DE CAPITAL PRIVADO,2022-01-01T00:00:00.000,2022-12-31T00:00:00.000,1460,2022
10025,FONDO DE INVERSION COLECTIVA CONSOLIDAR,42,FIC DE TIPO GENERAL,2022-01-01T00:00:00.000,2022-12-31T00:00:00.000,365,2022
58973,CREDICORP CAPITAL VISION,28,FIC DE TIPO GENERAL,2022-01-01T00:00:00.000,2022-12-31T00:00:00.000,365,2022
67403,FONDO DE INVERSION COLECTIVA ABIERTO CON PACTO DE PERMANENCIA ALIANZA ACCIONES,16,FIC DE TIPO GENERAL,2022-01-01T00:00:00.000,2022-12-31T00:00:00.000,2760,2022
11286,FONDO DE INVERSIÓN COLECTIVA ABIERTO RENTAR,18,FIC DE TIPO GENERAL,2022-01-01T00:00:00.000,2022-12-31T00:00:00.000,2926,2022
96346,FONDO DE CAPITAL PRIVADO PLENTIA INVERSIONES - COMPARTIMENTO II - INVERLOJA,97,FONDOS DE CAPITAL PRIVADO,2022-01-01T00:00:00.000,2022-12-31T00:00:00.000,365,2022
60273,FONDO DE INVERSIÓN COLECTIVA CERRADO BTG PACTUAL CRÉDITO,14,FIC DE TIPO GENERAL,2022-01-01T00:00:00.000,2022-12-31T00:00:00.000,1921,2022
11149,FONDO DE INVERSIÓN COLECTIVA FIDUCOLDEX,40,FIC DE TIPO GENERAL,2022-01-01T00:00:00.000,2022-12-31T00:00:00.000,2798,2022
59076,FIC RENTA FIJA MEDIANO PLAZO MULTIESCALA,26,FIC DE TIPO GENERAL,2022-01-01T00:00:00.000,2022-12-31T00:00:00.000,730,2022
108638,BTG PACTUAL ALTA DURACION COLOMBIA,14,FIC DE TIPO GENERAL,2022-08-16T00:00:00.000,2022-12-31T00:00:00.000,486,2022
106116,FONDO DE INVERSIÓN COLECTIVA CERRADO SKANDIA CAT IX,7,FIC DE TIPO GENERAL,2022-05-05T00:00:00.000,2022-12-21T00:00:00.000,231,2022
67066,CREDICORP CAPITAL DEUDA CORPORATIVA LATAM,28,FIC DE TIPO GENERAL,2022-01-01T00:00:00.000,2022-12-31T00:00:00.000,730,2022
110549,FONDO DE INVERSIÓN COLECTIVA SKANDIA CERRADO CAT XV,7,FIC DE TIPO GENERAL,2022-11-28T00:00:00.000,2022-12-31T00:00:00.000,85,2022
107084,FONDO DE INVERSIÓN COLECTIVA CERRADO  SKANDIA CAT XI,7,FIC DE TIPO GENERAL,2022-06-24T00:00:00.000,2022-12-31T00:00:00.000,191,2022
2713,FONDO DE CAPITAL PRIVADO FONDO INMOBILIARIO COLOMBIA,31,FONDOS DE CAPITAL PRIVADO,2022-01-01T00:00:00.000,2022-12-31T00:00:00.000,365,2022
72905,FONDO DE CAPITAL PRIVADO PALADIN REALTY COLOMBIA COMPARTIMENTO B,26,FONDOS DE CAPITAL PRIVADO,2022-01-01T00:00:00.000,2022-12-31T00:00:00.000,365,2022
109961,FONDO DE INVERSIÓN COLECTIVA SKANDIA CERRADO CAT XIV,7,FIC DE TIPO GENERAL,2022-10-31T00:00:00.000,2022-12-31T00:00:00.000,62,2022
101469,FIC SURA ACCIONES COLOMBIA,58,FIC DE TIPO GENERAL,2022-01-01T00:00:00.000,2022-06-21T00:00:00.000,344,2022
54576,FONDO DE INVERSION COLECTIVA ABIERTO CON PACTO DE PERMANENCIA ARCO IRIS TÍTULOS DEUDA PRIVADA,33,FIC DE TIPO GENERAL,2022-01-01T00:00:00.000,2022-12-31T00:00:00.000,365,2022
75995,"FONDO DE CO-INVERSIÓN CON EL FONDO DE INFRAESTRUCTURA ASHMORE I FCP, COMPARTIMENTO I",16,FONDOS DE CAPITAL PRIVADO,2022-01-01T00:00:00.000,2022-12-31T00:00:00.000,730,2022
99435,FIC SURA MULTIACTIVO MODERADO,58,FIC DE TIPO GENERAL,2022-01-01T00:00:00.000,2022-09-21T00:00:00.000,1143,2022
104271,FONDO DE INVERSIÓN COLECTIVA CERRADO DE NATURALEZA APALANCADA SINTÉTICO TASA FIJA 2.0,26,FIC DE TIPO GENERAL,2022-02-08T00:00:00.000,2022-12-31T00:00:00.000,327,2022
103946,FCP MAS EQUITY FUND III COLOMBIA,21,FONDOS DE CAPITAL PRIVADO,2022-07-25T00:00:00.000,2022-12-31T00:00:00.000,160,2022
106812,FONDO DE CAPITAL PRIVADO PROGRESION INMOBILIARIO,9,FONDOS DE CAPITAL PRIVADO,2022-06-01T00:00:00.000,2022-12-31T00:00:00.000,214,2022
73591,FCP - VALOR FORESTAL - CAUCHO 10 (EN LIQUIDACIÓN),38,FONDOS DE CAPITAL PRIVADO,2022-01-01T00:00:00.000,2022-12-31T00:00:00.000,365,2022
105499,FONDO DE CAPITAL PRIVADO INMOBILIARIO PLUS COMPARTIMENTO I,20,FONDOS DE CAPITAL PRIVADO,2022-04-07T00:00:00.000,2022-12-31T00:00:00.000,807,2022
104154,FONDO DE INVERSIÓN COLECTIVA CERRADO SKANDIA CAT VII,7,FIC DE TIPO GENERAL,2023-01-01T00:00:00.000,2023-03-17T00:00:00.000,76,2023
101060,FONDO DE CAPITAL PRIVADO TECH-O,68,FONDOS DE CAPITAL PRIVADO,2023-01-01T00:00:00.000,2023-12-31T00:00:00.000,365,2023
59355,FONDO DE INVERSION COLECTIVA CERRADO RENTA CRÉDITO,68,FIC DE TIPO GENERAL,2023-01-01T00:00:00.000,2023-12-31T00:00:00.000,365,2023
110777,FONDO DE INVERSIÓN COLECTIVA RENTACOL,39,FIC DE TIPO GENERAL,2023-01-01T00:00:00.000,2023-12-31T00:00:00.000,935,2023
66289,FCP SURA ASSET MANAGEMENT ? DESARROLLO INMOBILIARIO COMPARTIMENTO GENERAL,16,FONDOS DE CAPITAL PRIVADO,2023-01-01T00:00:00.000,2023-12-31T00:00:00.000,365,2023
104221,ITAÚ INCOME & DYNAMIC FUND,23,FIC DE TIPO GENERAL,2023-01-01T00:00:00.000,2023-12-31T00:00:00.000,365,2023
92650,FONDO DE CAPITAL PRIVADO CARTAMA POR COMPARTIMENTOS,31,FONDOS DE CAPITAL PRIVADO,2023-01-01T00:00:00.000,2023-08-08T00:00:00.000,628,2023
78888,FONDO DE INVERSIÓN COLECTIVA DIVERSIFICADO INTERNACIONAL,26,FIC DE TIPO GENERAL,2023-01-01T00:00:00.000,2023-12-31T00:00:00.000,365,2023
10936,FONDO ABIERTO ALIANZA,16,FIC DE TIPO GENERAL,2023-01-01T00:00:00.000,2023-12-31T00:00:00.000,4501,2023
58958,FONDO DE CAPITAL PRIVADO INVERSOR COMPARTIMENTO B,26,FONDOS DE CAPITAL PRIVADO,2023-01-01T00:00:00.000,2023-12-31T00:00:00.000,365,2023
54582,COMPARTIMENTO 6 DEL FONDO DE CO-INVERSIÓN CON EL FONDO DE INFRAESTRUCTURA ASHMORE I FCP,16,FONDOS DE CAPITAL PRIVADO,2023-01-01T00:00:00.000,2023-12-31T00:00:00.000,365,2023
28133,FONDO DE CAPITAL PRIVADO NEXUS INFRAESTRUCTURA I FCP - COMPARTIMENTO A EN LIQUIDACION,31,FONDOS DE CAPITAL PRIVADO,2023-08-09T00:00:00.000,2023-12-31T00:00:00.000,145,2023
86956,FONDO CAPITAL PRIVADO BANCOLDEX - CAPITAL PARA EMPRENDER,40,FONDOS DE CAPITAL PRIVADO,2023-01-01T00:00:00.000,2023-12-31T00:00:00.000,365,2023
76413,F.I.C. ABIERTA CON PACTO DE PERMANENCIA SOSTENIBLE GLOBAL,20,FIC DE TIPO GENERAL,2023-01-01T00:00:00.000,2023-12-31T00:00:00.000,365,2023
96832,FONDO DE INVERSION COLECTIVA ABIERTO CON PACTO DE PERMANENCIA MINIMA ALIANZA RENTA FIJA HIGH YIELD,16,FIC DE TIPO GENERAL,2023-01-01T00:00:00.000,2023-12-31T00:00:00.000,1825,2023
51953,FONDO DE INVERSIÓN COLECTIVA SKANDIA EFECTIVO,7,FIC DE TIPO GENERAL,2023-01-01T00:00:00.000,2023-12-31T00:00:00.000,3001,2023
59972,FCP VALOR INMOBILIARIO,21,FONDOS DE CAPITAL PRIVADO,2023-03-28T00:00:00.000,2023-12-31T00:00:00.000,279,2023
111686,FONDO DE INVERSION COLECTIVA CERRADO ALTERNATIVA PLAZO FIJO II,21,FIC DE TIPO GENERAL,2023-01-31T00:00:00.000,2023-08-01T00:00:00.000,183,2023
106818,FONDO DE CAPITAL PRIVADO PROGRESION PROFUTBOL,9,FONDOS DE CAPITAL PRIVADO,2023-01-01T00:00:00.000,2023-12-31T00:00:00.000,365,2023
10440,FONDO DE INVERSION ABIERTO CASH,34,FIC DE TIPO GENERAL,2023-01-01T00:00:00.000,2023-12-31T00:00:00.000,365,2023
71259,FONDO DE INVERSIÓN COLECTIVA ABIERTO CON PACTO DE PERMANENCIA BTG PACTUAL RENTA FIJA INTERNACIONAL,14,FIC DE TIPO GENERAL,2023-01-01T00:00:00.000,2023-12-31T00:00:00.000,1820,2023
9641,F.I.C. CON PACTO DE PERMANENCIA MULTIPLICAR,20,FIC DE TIPO GENERAL,2023-01-01T00:00:00.000,2023-12-12T00:00:00.000,346,2023
80428,ACCIVAL RENTA FIJA 180,3,FIC DE TIPO GENERAL,2023-01-01T00:00:00.000,2023-12-31T00:00:00.000,365,2023
102343,FONDO DE INVERSIÓN COLECTIVA CERRADO DE NATURALEZA APALANCADA SINTÉTICO TASA FIJA,26,FIC DE TIPO GENERAL,2023-01-01T00:00:00.000,2023-06-27T00:00:00.000,178,2023
11207,FONDO AUREOS COLOMBIA,40,FONDOS DE CAPITAL PRIVADO,2023-01-01T00:00:00.000,2023-12-31T00:00:00.000,365,2023
73587,FCP - VALOR FORESTAL - CAUCHO 06(EN LIQUIDACIÓN),38,FONDOS DE CAPITAL PRIVADO,2023-01-01T00:00:00.000,2023-12-31T00:00:00.000,365,2023
66648,FONDO INMOBILIARIO FIDUPAÍS FIC CERRADO NO. 1 EN DERECHOS FIDUCIARIOS SOBRE INMUEBLES,68,FIC INMOBILIARIAS,2023-01-01T00:00:00.000,2023-12-31T00:00:00.000,365,2023
93198,CREDICORP CAPITAL DOLAR EFECTIVO,28,FIC DE TIPO GENERAL,2023-01-01T00:00:00.000,2023-12-31T00:00:00.000,365,2023
113221,COMPARTIMENTO B - FCP DEUDA INFRAESTRUCTURA II SURA - CREDICORP CAPITAL,28,FONDOS DE CAPITAL PRIVADO,2023-04-17T00:00:00.000,2023-12-31T00:00:00.000,259,2023
58699,FONDO DE INVERSIÓN COLECTIVA ABIERTO CON PACTO DE PERMANENCIA BTG PACTUAL ACCIONES COLOMBIA,14,FIC DE TIPO GENERAL,2023-01-01T00:00:00.000,2023-12-31T00:00:00.000,1399,2023
106809,FONDO DE INVERSION COLECTIVA CERRADO PROGRESION RENTAMAS,9,FIC DE TIPO GENERAL,2023-01-01T00:00:00.000,2023-12-31T00:00:00.000,1460,2023
108216,FONDO DE INVERSIÓN COLECTIVA CERRADO DE NATURALEZA APALANCADA SINTÉTICO TASA FIJA 5.0,26,FIC DE TIPO GENERAL,2023-01-01T00:00:00.000,2023-05-29T00:00:00.000,149,2023
9448,FONDO DE INVERSIÓN COLECTIVA ABIERTO SIN PACTO DE PERMANENCIA AVANZA RENTA FIJA,21,FIC DE TIPO GENERAL,2023-01-01T00:00:00.000,2023-12-31T00:00:00.000,365,2023
9792,FONDO DE INVERSION COLECTIVA DAVIPLUS RENTA FIJA PESOS,42,FIC DE TIPO GENERAL,2023-01-01T00:00:00.000,2023-12-31T00:00:00.000,365,2023
58695,FONDO DE INVERSION COLECTIVA ACCIVAL VISTA,3,FIC DE TIPO GENERAL,2023-01-01T00:00:00.000,2023-12-31T00:00:00.000,365,2023
67539,FONDO DE CAPITAL PRIVADO PACTIA INMOBILIARIO,31,FONDOS DE CAPITAL PRIVADO,2023-01-01T00:00:00.000,2023-12-31T00:00:00.000,365,2023
114822,"FONDO DE CAPITAL PRIVADO SMBC - LARRAINVIAL DEUDA - INFRAESTRUCTURA Y ENERGIA, COMPARTIMENTO I",97,FONDOS DE CAPITAL PRIVADO,2023-07-17T00:00:00.000,2023-12-31T00:00:00.000,672,2023
97207,FONDO DE INVERSIÓN COLECTIVA CON PACTO DE PERMANENCIA SKANDIA DINÁMICO,7,FIC DE TIPO GENERAL,2023-01-01T00:00:00.000,2023-12-31T00:00:00.000,931,2023
89435,FONDO DE CAPITAL PRIVADO INMOBILIARIO YELLOWSTONE REAL ESTATE OPPORTUNITY FUND II,16,FONDOS DE CAPITAL PRIVADO,2023-01-01T00:00:00.000,2023-12-31T00:00:00.000,3285,2023
43502,FONDO BURSÁTIL GLOBAL X COLOMBIA SELECT DE S&P,22,FIC BURSATILES,2023-01-01T00:00:00.000,2023-12-31T00:00:00.000,365,2023
109932,CREDICORP CAPITAL OPORTUNIDAD RENTA FIJA II,28,FIC DE TIPO GENERAL,2023-01-01T00:00:00.000,2023-12-31T00:00:00.000,365,2023
59422,FONVAL DERECHOS ECONOMICOS 2020 EN LIQUIDACIÓN,28,FIC DE TIPO GENERAL,2023-01-01T00:00:00.000,2023-06-27T00:00:00.000,178,2023
72904,FONDO DE CAPITAL PRIVADO PALADIN REALTY COLOMBIA COMPARTIMENTO A,26,FONDOS DE CAPITAL PRIVADO,2023-01-01T00:00:00.000,2023-12-31T00:00:00.000,365,2023
117185,FCP MCI COMPARTIMENTO A,25,FONDOS DE CAPITAL PRIVADO,2023-11-15T00:00:00.000,2023-12-31T00:00:00.000,47,2023
81087,FCP NEXUS COMP INMUEBLES BANCO POPULAR,21,FONDOS DE CAPITAL PRIVADO,2023-01-01T00:00:00.000,2023-12-31T00:00:00.000,365,2023
59356,FONDO DE INVERSION COLECTIVA CERRADO GLOBAL SECURITIES CREDIT OPPORTUNITIES FUND TITULOS VALORES,68,FIC DE TIPO GENERAL,2023-01-01T00:00:00.000,2023-12-31T00:00:00.000,365,2023
99187,FONDO DE CAPITAL PRIVADO PLENTIA INVERSIONES - COMPARTIMENTO III RAIZ,97,FONDOS DE CAPITAL PRIVADO,2023-01-01T00:00:00.000,2023-12-31T00:00:00.000,365,2023
59505,CARTERA COLECTIVA ESCALONADA INTERBOLSA FACTORING,68,FIC DE TIPO GENERAL,2023-01-01T00:00:00.000,2023-12-31T00:00:00.000,365,2023
87268,FONDO DE CAPITAL PRIVADO BTG PACTUAL ACTIVOS ALTERNATIVOS COMPARTIMENTO ACTIVOS CREDITICIOS I,14,FONDOS DE CAPITAL PRIVADO,2023-01-01T00:00:00.000,2023-12-31T00:00:00.000,365,2023
85000,FONDO DE CAPITAL PRIVADO BTG PACTUAL ACTIVOS ALTERNATIVOS COMPARTIMENTO SMPI,14,FONDOS DE CAPITAL PRIVADO,2023-01-01T00:00:00.000,2023-12-31T00:00:00.000,365,2023
62633,FIDUCOLDEX CAPITAL INTELIGENTE FONDO DE INVERSION COLECTIVA,40,FIC DE TIPO GENERAL,2023-01-01T00:00:00.000,2023-12-31T00:00:00.000,730,2023
96710,FCP NEXUS COMP NEXUS DESARROLLOS INMOBILIARIOS II,21,FONDOS DE CAPITAL PRIVADO,2023-01-01T00:00:00.000,2023-12-31T00:00:00.000,730,2023
11714,FONDO ABIERTO FIDUCIARIA CENTRAL,38,FIC DE TIPO GENERAL,2023-01-01T00:00:00.000,2023-12-31T00:00:00.000,2555,2023
115723,FONDO CERRADO ALIANZA SENTENCIAS NACIÓN NO 3,16,FIC DE TIPO GENERAL,2023-09-05T00:00:00.000,2023-12-31T00:00:00.000,339,2023
113989,CREDICORP CAPITAL ESTRUCTURADO X,28,FIC DE TIPO GENERAL,2023-05-30T00:00:00.000,2023-08-09T00:00:00.000,72,2023
48153,FONDO DE INVERSION COLECTIVA ABIERTO ITAU CORTO PLAZO,23,FIC DE TIPO GENERAL,2023-01-01T00:00:00.000,2023-12-31T00:00:00.000,2147,2023
83314,CREDICORP CAPITAL DERECHOS ECONOMICOS 2026,28,FIC DE TIPO GENERAL,2023-01-01T00:00:00.000,2023-12-31T00:00:00.000,365,2023
105751,FCP MCL III,21,FONDOS DE CAPITAL PRIVADO,2023-01-01T00:00:00.000,2023-12-31T00:00:00.000,365,2023
105192,FONDO DE INVERSIÓN COLECTIVA CERRADO ACCIONES ESTADOS UNIDOS CON CAPITAL PROTEGIDO,26,FIC DE TIPO GENERAL,2023-01-01T00:00:00.000,2023-12-31T00:00:00.000,365,2023
107443,CREDICORP CAPITAL OPORTUNIDAD RENTA FIJA I,28,FIC DE TIPO GENERAL,2023-01-01T00:00:00.000,2023-12-31T00:00:00.000,365,2023
113190,FONDO DE CAPITAL PRIVADO YELLOWSTONE CAPITAL FUND I COMPARTIMENTO  A  IV MONTANEL,16,FONDOS DE CAPITAL PRIVADO,2023-04-26T00:00:00.000,2023-12-31T00:00:00.000,250,2023
108402,FONDO DE CAPITAL PRIVADO VALOR INMOBILIARIO COMPLEJO LOGISTICO DEL CARIBE,9,FONDOS DE CAPITAL PRIVADO,2023-01-01T00:00:00.000,2023-12-31T00:00:00.000,365,2023
76410,F.I.C. ESTRATEGIA MODERADA,20,FIC DE TIPO GENERAL,2023-01-01T00:00:00.000,2023-12-31T00:00:00.000,365,2023
76412,F.I.C. DEUDA CORPORATIVA,20,FIC DE TIPO GENERAL,2023-01-01T00:00:00.000,2023-12-31T00:00:00.000,365,2023
105973,FIC CERRADO RENTA FIJA II,31,FIC DE TIPO GENERAL,2023-01-01T00:00:00.000,2023-12-31T00:00:00.000,365,2023
115735,FONDO DE INVERSIÓN COLECTIVA ABIERTO CON PACTO DE PERMANENCIA SCOTIA PORTAFOLIO GLOBAL CONSERVADOR,25,FIC DE TIPO GENERAL,2023-09-04T00:00:00.000,2023-12-31T00:00:00.000,357,2023
73588,FCP VALOR FORESTAL CAUCHO 7 (EN LIQUIDACIÓN),38,FONDOS DE CAPITAL PRIVADO,2023-01-01T00:00:00.000,2023-12-31T00:00:00.000,365,2023
108387,FONDO CERRADO ALIANZA ALTERNATIVOS LOCAL LARGO PLAZO,16,FIC DE TIPO GENERAL,2023-01-01T00:00:00.000,2023-12-31T00:00:00.000,1790,2023
50277,FONDO DE CAPITAL PRIVADO RUTA DEL SOL COMPARTIMENTO A2,16,FONDOS DE CAPITAL PRIVADO,2023-01-01T00:00:00.000,2023-12-31T00:00:00.000,365,2023
34163,FONDO CERRADO INMOBILIARIO ALIANZA,16,FIC INMOBILIARIAS,2023-01-01T00:00:00.000,2023-12-31T00:00:00.000,365,2023
93223,CREDICORP CAPITAL BALANCEADO COLOMBIA,28,FIC DE TIPO GENERAL,2023-01-01T00:00:00.000,2023-12-31T00:00:00.000,365,2023
50280,FONDO DE CAPITAL PRIVADO RUTA DEL SOL COMPARTIMENTO B2,16,FONDOS DE CAPITAL PRIVADO,2023-01-01T00:00:00.000,2023-12-31T00:00:00.000,365,2023
25743,FONDO CERRADO MAS COLOMBIA OPPORTUNITY,16,FIC DE TIPO GENERAL,2023-01-01T00:00:00.000,2023-12-20T00:00:00.000,354,2023
65869,FONDO DE CAPITAL PRIVADO YELLOWSTONE CAPITAL FUND I- COMPARTIMENTO AI,16,FONDOS DE CAPITAL PRIVADO,2023-01-01T00:00:00.000,2023-12-31T00:00:00.000,365,2023
11403,CARTERA COLECTIVA ABIERTA CON PACTO DE PERMANENCIA EFECTIVO A PLAZOS - CARTERA CON COMPARTIMENTOS,12,FIC DE TIPO GENERAL,2023-01-01T00:00:00.000,2023-12-31T00:00:00.000,1825,2023
66652,FONDO DE CAPITAL TERRANUM COMPARTIMENTO,16,FONDOS DE CAPITAL PRIVADO,2023-01-01T00:00:00.000,2023-12-31T00:00:00.000,365,2023
59002,FONDO DE CAPITAL PRIVADO ALTRA FCP II,26,FONDOS DE CAPITAL PRIVADO,2023-01-01T00:00:00.000,2023-12-31T00:00:00.000,365,2023
51220,COMPARTIMENTO DIVERSIFICADO DE DESARROLLOS INMOBILIARIOS,21,FONDOS DE CAPITAL PRIVADO,2023-01-01T00:00:00.000,2023-12-31T00:00:00.000,365,2023
115741,FONDO DE INVERSIÓN COLECTIVA ABIERTO CON PACTO DE PERMANENCIA SCOTIA PORTAFOLIO GLOBAL MÁS CRECIMIE,25,FIC DE TIPO GENERAL,2023-09-04T00:00:00.000,2023-12-31T00:00:00.000,357,2023
93231,CREDICORP CAPITAL AGRONEGOCIOS - CACAO AGROFORESTAL,28,FONDOS DE CAPITAL PRIVADO,2023-01-01T00:00:00.000,2023-12-31T00:00:00.000,365,2023
73493,FONDO DE CAPITAL PRIVADO YELLOWSTONE CAPITAL FUND I -COMPARTIMENTO PROSCENIO AII,16,FONDOS DE CAPITAL PRIVADO,2023-01-01T00:00:00.000,2023-12-31T00:00:00.000,365,2023
42259,COMPARTIMENTO II DEL FONDO DE CAPITAL PRIVADO FINTRA,20,FONDOS DE CAPITAL PRIVADO,2023-01-01T00:00:00.000,2023-08-27T00:00:00.000,239,2023
90025,FONDO DE CAPITAL PRIVADO SUMATORIA DEUDA GLOBAL,26,FONDOS DE CAPITAL PRIVADO,2023-01-01T00:00:00.000,2023-12-31T00:00:00.000,730,2023
114733,FONDO DE INVERSIÓN COLECTIVA SKANDIA CERRADO CAT XIX,7,FIC DE TIPO GENERAL,2023-07-12T00:00:00.000,2023-12-31T00:00:00.000,339,2023
58564,FONDO DE INVERSIÓN COLECTIVA ABIERTO BTG PACTUAL LIQUIDEZ,14,FIC DE MERCADO MONETARIO,2023-01-01T00:00:00.000,2023-12-31T00:00:00.000,2190,2023
95589,FONDO DE INVERSION COLECTIVA CERRADO ASHMORE ACCIONES COLOMBIA + LATAM,97,FIC DE TIPO GENERAL,2023-01-01T00:00:00.000,2023-12-31T00:00:00.000,1919,2023
51325,FONDO NAZCA INVESTMENT,21,FONDOS DE CAPITAL PRIVADO,2023-01-01T00:00:00.000,2023-12-31T00:00:00.000,365,2023
100813,FONDO DE CAPITAL PRIVADO TAURUS CAPITAL COMPARTIMIENTO DOS,68,FONDOS DE CAPITAL PRIVADO,2023-01-01T00:00:00.000,2023-12-31T00:00:00.000,365,2023
99106,CREDICORP CAPITAL ACCIONES LATAM,28,FIC DE TIPO GENERAL,2023-01-01T00:00:00.000,2023-12-31T00:00:00.000,365,2023
54573,FONDO DE INVERSIÓN COLECTIVA ABIERTO SIN PACTO DE PERMANENCIA ARCO IRIS CONSERVADOR,33,FIC DE TIPO GENERAL,2023-01-01T00:00:00.000,2023-12-31T00:00:00.000,365,2023
110153,COMPARTIMENTO FONDO INVERSA - FONDO DE CAPITAL PRIVADO LA MONTERA,16,FONDOS DE CAPITAL PRIVADO,2023-01-01T00:00:00.000,2023-12-31T00:00:00.000,365,2023
115127,FIC ABIERTO ACCICUENTA MODERADO,3,FIC DE TIPO GENERAL,2023-08-15T00:00:00.000,2023-12-31T00:00:00.000,139,2023
106304,FCP POR COMPARTIMENTOS ODINSA INFRAESTRUCTURA,31,FONDOS DE CAPITAL PRIVADO,2023-01-01T00:00:00.000,2023-08-08T00:00:00.000,710,2023
91173,FCP. POR COMPART. AVANTI - COMPART. GARANTIA,20,FONDOS DE CAPITAL PRIVADO,2023-01-01T00:00:00.000,2023-01-31T00:00:00.000,31,2023
105375,FONDO DE INVERSIÓN COLECTIVA ABIERTO CON PACTO DE PERMANENCIA ALTERNATIVOS 180 PLUS,20,FIC DE TIPO GENERAL,2023-01-01T00:00:00.000,2023-12-31T00:00:00.000,365,2023
117568,FONDO DE CAPITAL PRIVADO BONUS COMPARTIMIENTO INFRAESTRUCTURA I,16,FONDOS DE CAPITAL PRIVADO,2023-12-18T00:00:00.000,2023-12-31T00:00:00.000,14,2023
60200,FONDO DE INVERSIÓN COLECTIVA CERRADO BTG PACTUAL CREDIVALORES I,14,FIC DE TIPO GENERAL,2023-01-01T00:00:00.000,2023-12-31T00:00:00.000,730,2023
22969,FONDO DE INVERSION COLECTIVA ABIERTO SUMAR,22,FIC DE TIPO GENERAL,2023-01-01T00:00:00.000,2023-12-31T00:00:00.000,4015,2023
105750,FCP MCL II,21,FONDOS DE CAPITAL PRIVADO,2023-01-01T00:00:00.000,2023-12-31T00:00:00.000,365,2023
107024,BTG PACTUAL LIQUIDEZ DOLARES,14,FIC DE TIPO GENERAL,2023-01-01T00:00:00.000,2023-12-31T00:00:00.000,730,2023
59354,FONDO DE INVERSION COLECTIVA CERRADO GLOBAL SECURITIES CREDIT OPPORTUNITIES FUND FACTURAS,68,FIC DE TIPO GENERAL,2023-01-01T00:00:00.000,2023-12-31T00:00:00.000,365,2023
115232,FONDO DE INVERSION COLECTIVA ABIERTO FIDUCENTRAL LO NUESTRO,38,FIC DE TIPO GENERAL,2023-08-08T00:00:00.000,2023-12-31T00:00:00.000,158,2023
108500,FONDO CERRADO RENTA FIJA III,31,FIC DE TIPO GENERAL,2023-01-01T00:00:00.000,2023-11-09T00:00:00.000,313,2023
114155,FONDO DE CAPITAL PRIVADO AVISILVER COMPARTIMENTO 1,16,FONDOS DE CAPITAL PRIVADO,2023-08-15T00:00:00.000,2023-12-31T00:00:00.000,139,2023
105845,FONDO DE INVERSIÓN COLECTIVA CERRADO DE NATURALEZA APALANCADA SINTÉTICO TASA FIJA 3.0,26,FIC DE TIPO GENERAL,2023-01-01T00:00:00.000,2023-11-23T00:00:00.000,654,2023
101366,FONDO DE INVERSIÓN COLECTIVA ABIERTO CON PACTO DE PERMANENCIA RENOVABLE BALANCEADO MODERADO ALIANZ,16,FIC DE TIPO GENERAL,2023-01-01T00:00:00.000,2023-12-31T00:00:00.000,1766,2023
105786,FIC MULTIESTRATEGIA ESTABLE,3,FIC DE TIPO GENERAL,2023-01-01T00:00:00.000,2023-12-31T00:00:00.000,365,2023
59252,FONDO DE CAPITAL PRIVADO FONDO ESCALA CAPITAL EN LIQUIDACIÓN,22,FONDOS DE CAPITAL PRIVADO,2023-01-01T00:00:00.000,2023-08-08T00:00:00.000,440,2023
58957,FONDO DE CAPITAL PRIVADO INVERSOR COMPARTIMENTO A,26,FONDOS DE CAPITAL PRIVADO,2023-01-01T00:00:00.000,2023-12-31T00:00:00.000,365,2023
95249,FONDO DE INVERSIÓN COLECTIVA ABIERTO BBVA PÁRAMO,3,FIC DE TIPO GENERAL,2023-01-01T00:00:00.000,2023-12-31T00:00:00.000,365,2023
8686,FONDO DE INVERSIÓN COLECTIVA ABIERTO CON PACTO DE PERMANENCIA Y  PARTICIPACIONES DIFERENCIALES BBVA,3,FIC DE TIPO GENERAL,2023-01-01T00:00:00.000,2023-12-31T00:00:00.000,730,2023
112618,FONDO CERRADO ALIANZA FINANZAUTO,16,FIC DE TIPO GENERAL,2023-03-10T00:00:00.000,2023-12-31T00:00:00.000,1302,2023
58921,CREDICORP CAPITAL RENTA FIJA GLOBAL,28,FIC DE TIPO GENERAL,2023-01-01T00:00:00.000,2023-12-31T00:00:00.000,730,2023
115738,FONDO DE INVERSIÓN COLECTIVA ABIERTO CON PACTO DE PERMANENCIA SCOTIA PORTAFOLIO GLOBAL CRECIMIENTO,25,FIC DE TIPO GENERAL,2023-09-04T00:00:00.000,2023-12-31T00:00:00.000,357,2023
8734,FONDO DE INVERSIÓN COLECTIVA ABIERTO BBVA EFECTIVO CON PARTICIPACIONES DIFERENCIALES,3,FIC DE TIPO GENERAL,2023-01-01T00:00:00.000,2023-12-31T00:00:00.000,3285,2023
115736,FONDO DE INVERSIÓN COLECTIVA ABIERTO CON PACTO DE PERMANENCIA SCOTIA PORTAFOLIO GLOBAL MODERADO,25,FIC DE TIPO GENERAL,2023-09-04T00:00:00.000,2023-12-31T00:00:00.000,357,2023
94490,FCP SURA . DEUDA PRIVADA - COMPARTIMENTO DEUDA,16,FONDOS DE CAPITAL PRIVADO,2023-01-01T00:00:00.000,2023-12-31T00:00:00.000,1661,2023
17653,FONDO DE INVERSION COLECTIVA ABIERTO 1525,25,FIC DE MERCADO MONETARIO,2023-01-01T00:00:00.000,2023-12-31T00:00:00.000,365,2023
58946,FONDO DE CAPITAL PRIVADO ENERGETICO - COMPARTIMENTO A,26,FONDOS DE CAPITAL PRIVADO,2023-01-01T00:00:00.000,2023-12-31T00:00:00.000,365,2023
108529,FIC SURA ULTRACASH COLOMBIA,58,FIC DE TIPO GENERAL,2023-01-01T00:00:00.000,2023-12-31T00:00:00.000,931,2023
29497,FONDO DE INVERSIÓN COLECTIVA ABIERTO CON PACTO DE PERMANENCIA CUBRIR BALANCEADO INTERNACIONAL,22,FIC DE TIPO GENERAL,2023-01-01T00:00:00.000,2023-12-31T00:00:00.000,730,2023
59384,FONDO DE CAPITAL PRIVADO ESCALA CAPITAL CLASE LP EN LIQUIDACIÓN,22,FONDOS DE CAPITAL PRIVADO,2023-08-09T00:00:00.000,2023-12-31T00:00:00.000,145,2023
105784,FIC MULTIESTRATEGIA EQUILIBRIO,3,FIC DE TIPO GENERAL,2023-01-01T00:00:00.000,2023-12-31T00:00:00.000,365,2023
54077,FONDO DE INVERSIÓN COLECTIVA ABIERTO CON PACTO DE PERMANENCIA ES+,22,FIC DE TIPO GENERAL,2023-01-01T00:00:00.000,2023-12-31T00:00:00.000,1095,2023
85384,FONDO DE INVERSION COLECTIVA ABIERTO ITAU ACCIONES COLOMBIA,23,FIC DE TIPO GENERAL,2023-01-01T00:00:00.000,2023-12-31T00:00:00.000,365,2023
10779,RENTAFACIL FONDO DE INVERSION COLECTIVA ABIERTO,6,FIC DE TIPO GENERAL,2023-01-01T00:00:00.000,2023-12-31T00:00:00.000,2555,2023
111883,FONDO DE INVERSIÓN COLECTIVA SKANDIA CERRADO CAT XVI,7,FIC DE TIPO GENERAL,2023-01-23T00:00:00.000,2023-11-15T00:00:00.000,745,2023
102184,FONDO CERRADO ALIANZA RENTA FIJA LOCAL AAA,16,FIC DE TIPO GENERAL,2023-01-01T00:00:00.000,2023-12-31T00:00:00.000,1415,2023
58897,CREDICORP CAPITAL RENTA FIJA COLOMBIA,28,FIC DE TIPO GENERAL,2023-01-01T00:00:00.000,2023-12-31T00:00:00.000,730,2023
96583,FONDO DE CAPITAL PRIVADO NEXT UTILITY VENTURES,20,FONDOS DE CAPITAL PRIVADO,2023-01-01T00:00:00.000,2023-12-31T00:00:00.000,1175,2023
112591,FONDO DE INVERSIÓN COLECTIVA SKANDIA CERRADO CAT XVII,7,FIC DE TIPO GENERAL,2023-03-15T00:00:00.000,2023-04-17T00:00:00.000,44,2023
110618,FCP EWA II - COMPARTIMENTO ESPECIAL,21,FONDOS DE CAPITAL PRIVADO,2023-02-20T00:00:00.000,2023-12-31T00:00:00.000,315,2023
80574,FONDO DE CAPITAL PRIVADO ELIMARC CAPITAL - COMPARTIMENTO SAN PABLO,59,FONDOS DE CAPITAL PRIVADO,2023-01-01T00:00:00.000,2023-12-31T00:00:00.000,365,2023
107056,FONDO DE INVERSION COLECTIVA ABIERTO CON PACTO DE PERMANENCIA AVANZAR INGRESOS AMPARADOS,62,FIC DE TIPO GENERAL,2023-01-01T00:00:00.000,2023-12-12T00:00:00.000,691,2023
109445,FONDO DE CAPITAL PRIVADO YELLOWSTONE CAPITAL FUND I - COMPARTIMENTO PROSCENIO AIII,16,FONDOS DE CAPITAL PRIVADO,2023-01-01T00:00:00.000,2023-12-31T00:00:00.000,730,2023
36570,FONDO ABIERTO 1525 FIDUCENTRAL,38,FIC DE TIPO GENERAL,2023-01-01T00:00:00.000,2023-12-31T00:00:00.000,2920,2023
3895,FONDO DE INVERSIÓN COLECTIVA ABIERTA SIN PACTO DE PERMANENCIA FIDUEXCEDENTES,31,FIC DE TIPO GENERAL,2023-01-01T00:00:00.000,2023-12-31T00:00:00.000,365,2023
59144,FONDO DE CAPITAL PRIVADO TEKA COLOMBIA I COMPARTIMENTO LP,26,FONDOS DE CAPITAL PRIVADO,2023-01-01T00:00:00.000,2023-12-31T00:00:00.000,365,2023
51615,COMPARTIMENTO A FCP AVENIDA COLOMBIA PEF,20,FONDOS DE CAPITAL PRIVADO,2023-01-01T00:00:00.000,2023-12-31T00:00:00.000,365,2023
117050,FONDO DE INVERSIÓN COLECTIVA SKANDIA CERRADO CAT XXII,7,FIC DE TIPO GENERAL,2023-11-03T00:00:00.000,2023-12-31T00:00:00.000,106,2023
14173,FONDO DE CAPITAL PRIVADO NEXUS INFRAESTRUCTURA I FCP EN LIQUIDACION,31,FONDOS DE CAPITAL PRIVADO,2023-01-01T00:00:00.000,2023-08-08T00:00:00.000,440,2023
28403,FONDO DE CAPITAL PRIVADO OXO - PROPIEDADES SOSTENIBLES COMPARTIMENTO I. CARTAGENA. OXO - PROPIEDADE,16,FONDOS DE CAPITAL PRIVADO,2023-01-01T00:00:00.000,2023-12-31T00:00:00.000,365,2023
87342,FONDO DE INVERSIÓN COLECTIVA ABIERTO BBVA DIGITAL CON PARTICIPACIONES DIFERENCIALES,3,FIC DE TIPO GENERAL,2023-01-01T00:00:00.000,2023-12-31T00:00:00.000,566,2023
69536,FONDO DE INVERSION COLECTIVA ABIERTO CONFIRENTA,39,FIC DE TIPO GENERAL,2023-01-01T00:00:00.000,2023-12-31T00:00:00.000,1839,2023
106785,FIC SURA ESTRATEGIA LIBRANZAS COLOMBIA,58,FIC DE TIPO GENERAL,2023-01-01T00:00:00.000,2023-12-31T00:00:00.000,365,2023
51968,FONDO DE INVERSIÓN COLECTIVA INMOBILIARIO CERRADO SKANDIA COMPRAR PARA ARRENDAR-I,7,FIC INMOBILIARIAS,2023-01-01T00:00:00.000,2023-12-31T00:00:00.000,730,2023
102088,FONDO DE CAPITAL PRIVADO BIOAVANTE COMPARTIMENTO VACUNAS I,16,FONDOS DE CAPITAL PRIVADO,2023-01-01T00:00:00.000,2023-12-31T00:00:00.000,365,2023
11627,FONDO DE INVERSION COLECTIVA ABIERTO RENDIR,25,FIC DE TIPO GENERAL,2023-01-01T00:00:00.000,2023-12-31T00:00:00.000,365,2023
10824,FONDO ABIERTO CON PACTO DE PERMANENCIA CXC,16,FIC DE TIPO GENERAL,2023-01-01T00:00:00.000,2023-12-31T00:00:00.000,2555,2023
73579,FCP - VALOR FORESTAL - CAUCHO 01 (EN LIQUIDACIÓN),38,FONDOS DE CAPITAL PRIVADO,2023-01-01T00:00:00.000,2023-12-31T00:00:00.000,365,2023
107463,FONDO CERRADO ALIANZA RENTA FIJA LOCAL AAA NO. 2,16,FIC DE TIPO GENERAL,2023-01-01T00:00:00.000,2023-12-31T00:00:00.000,1428,2023
95234,FONDO DE INVERSION COLECTIVA INMOBILIARIO RENTA MAS,21,FIC INMOBILIARIAS,2023-01-01T00:00:00.000,2023-12-31T00:00:00.000,730,2023
59143,FONDO DE CAPITAL PRIVADO TEKA COLOMBIA I COMPARTIMENTO GP,26,FONDOS DE CAPITAL PRIVADO,2023-01-01T00:00:00.000,2023-12-31T00:00:00.000,365,2023
59741,FONDO DE INVERSION COLECTIVA ABIERTO RENTA FIJA PLUS,22,FIC DE TIPO GENERAL,2023-01-01T00:00:00.000,2023-12-31T00:00:00.000,730,2023
51218,COMPARTIMENTO INMOBILIARIO TRIPLE A,21,FONDOS DE CAPITAL PRIVADO,2023-01-01T00:00:00.000,2023-12-31T00:00:00.000,365,2023
76989,FONDO DE INVERSION COLECTIVA ABIERTO CON PACTO DE PERMANENCIA AVANZAR 30 DIAS,62,FIC DE TIPO GENERAL,2023-01-01T00:00:00.000,2023-12-31T00:00:00.000,1460,2023
72413,FONDO DE CAPITAL PRIVADO FONDO PLENTIA INVERSIONES,97,FONDOS DE CAPITAL PRIVADO,2023-01-01T00:00:00.000,2023-12-31T00:00:00.000,365,2023
102634,FONDO DE CAPITAL PRIVADO AQUA COMPARTIMENTO SEIS AQUA VI,63,FONDOS DE CAPITAL PRIVADO,2023-01-01T00:00:00.000,2023-12-31T00:00:00.000,365,2023
13263,FONDO DE CAPITAL PRIVADO PROGRESA CAPITAL EN LIQUIDACIÓN,31,FONDOS DE CAPITAL PRIVADO,2023-01-01T00:00:00.000,2023-12-31T00:00:00.000,365,2023
69940,FCP DEUDA INFRAESTRUCTURA COLOMBIA,31,FONDOS DE CAPITAL PRIVADO,2023-01-01T00:00:00.000,2023-12-31T00:00:00.000,365,2023
59078,FONDO DE INVERSIÓN COLECTIVA DIVERSIFICADO MODERADO,26,FIC DE TIPO GENERAL,2023-01-01T00:00:00.000,2023-12-31T00:00:00.000,730,2023
80042,FONDO DE CAPITAL NEXUS INMOBILIARIO - COMPARTIMENTO INMUEBLES BANCO DE BOGOTÁ,21,FONDOS DE CAPITAL PRIVADO,2023-01-01T00:00:00.000,2023-12-31T00:00:00.000,365,2023
110228,FONDO DE INVERSION COLECTIVA CERRADO ALTERNATIVA PLAZO FIJO,21,FIC DE TIPO GENERAL,2023-01-01T00:00:00.000,2023-05-16T00:00:00.000,272,2023
70843,FONDO DE INVERSIÓN COLECTIVA ABIERTO CON PACTO DE PERMANENCIA ALTARENTA,22,FIC DE TIPO GENERAL,2023-01-01T00:00:00.000,2023-12-31T00:00:00.000,730,2023
92656,FONDO DE CAPITAL PRIVADO CARTAMA - COMPARTIMENTO II INVERPALTAS EN LIQUIDACION,31,FONDOS DE CAPITAL PRIVADO,2023-08-09T00:00:00.000,2023-12-31T00:00:00.000,145,2023
112716,FCP CREDICORP CAPITAL DEUDA PRIVADA I,28,FONDOS DE CAPITAL PRIVADO,2023-03-13T00:00:00.000,2023-12-31T00:00:00.000,588,2023
100352,COMPARTIMENTO BANCOLDEX CAPITAL,40,FONDOS DE CAPITAL PRIVADO,2023-01-01T00:00:00.000,2023-12-31T00:00:00.000,365,2023
103328,FONDO DE CAPITAL PRIVADO VID COMPARTIMENTO I MISHPAT,20,FONDOS DE CAPITAL PRIVADO,2023-01-01T00:00:00.000,2023-12-31T00:00:00.000,1460,2023
83110,FONDO DE CAPITAL PRIVADO CO-INVERSION EQUITY INFRAESTRUCTURA COLOMBIA EN LIQUIDACION,31,FONDOS DE CAPITAL PRIVADO,2023-01-01T00:00:00.000,2023-08-08T00:00:00.000,440,2023
104231,ITAÚ LATIN AMERICAN CORPORATE CREDIT,23,FIC DE TIPO GENERAL,2023-01-01T00:00:00.000,2023-12-31T00:00:00.000,365,2023
73585,FCP - VALOR FORESTAL - CAUCHO 04 (EN LIQUIDACIÓN),38,FONDOS DE CAPITAL PRIVADO,2023-01-01T00:00:00.000,2023-12-31T00:00:00.000,365,2023
110614,FCP EWA II - COMPARTIMENTO 1,21,FONDOS DE CAPITAL PRIVADO,2023-01-26T00:00:00.000,2023-12-31T00:00:00.000,340,2023
106817,FONDO DE INVERSION COLECTIVA CERRADO INMOBILIARIO PROGRESION RENTAR II,9,FIC INMOBILIARIAS,2023-01-01T00:00:00.000,2023-12-31T00:00:00.000,365,2023
64129,FONDO ASHMORE ANDINO II - FCP COMPARTIMENTO B,16,FONDOS DE CAPITAL PRIVADO,2023-01-01T00:00:00.000,2023-12-31T00:00:00.000,365,2023
102465,FCP STATUM COMPARTIMIENTO I,20,FONDOS DE CAPITAL PRIVADO,2023-01-01T00:00:00.000,2023-12-31T00:00:00.000,365,2023
99379,FONDO DE CAPITAL PRIVADO PLENTIA INVERSIONES COMPARTIMENTO V PP3,97,FONDOS DE CAPITAL PRIVADO,2023-01-01T00:00:00.000,2023-12-31T00:00:00.000,365,2023
95356,CERRADO FACTURAS 120,26,FIC DE TIPO GENERAL,2023-01-01T00:00:00.000,2023-12-31T00:00:00.000,923,2023
29133,FONDO DE INVERSIÓN COLECTIVA ABIERTO FIDUCREDICORP VISTA,59,FIC DE TIPO GENERAL,2023-01-01T00:00:00.000,2023-12-31T00:00:00.000,4745,2023
54577,FONDO DE INVERSION COLECTIVA ABIERTO CON PACTO DE PERMANENCIA ARCO IRIS DEUDA PRIVADA,33,FIC DE TIPO GENERAL,2023-01-01T00:00:00.000,2023-12-31T00:00:00.000,365,2023
81931,FCP COLOMBIAN INFRASTRUCTURE EQUITY FUND - CIEF,21,FONDOS DE CAPITAL PRIVADO,2023-01-01T00:00:00.000,2023-12-31T00:00:00.000,365,2023
58735,FONDO DE INVERSION COLECTIVA  ABIERTO ACCIVAL ACCIONES DINAMICO,3,FIC DE TIPO GENERAL,2023-01-01T00:00:00.000,2023-12-31T00:00:00.000,365,2023
116555,FONDO DE CAPITAL PRIVADO PLENTIA INVERSIONES COMPARTIMENTO VI PROARCO,97,FONDOS DE CAPITAL PRIVADO,2023-10-18T00:00:00.000,2023-12-31T00:00:00.000,75,2023
31508,FONDO DE INVERSION COLECTIVA ABIERTO RENTAR 30,18,FIC DE TIPO GENERAL,2023-01-01T00:00:00.000,2023-12-31T00:00:00.000,365,2023
105788,FIC MULTIESTRATEGIA CRECIMIENTO,3,FIC DE TIPO GENERAL,2023-01-01T00:00:00.000,2023-12-31T00:00:00.000,365,2023
89854,FONDO DE CAPITAL PRIVADO YELLOWSTONE  FUND I - COMPARTIMENTO BI,16,FONDOS DE CAPITAL PRIVADO,2023-01-01T00:00:00.000,2023-12-31T00:00:00.000,1095,2023
93761,FONDO DE INVERSION COLECTIVA ABIERTO SIN PACTO DE PERMANENCIA RENTA FIJA RECURRENTE,21,FIC DE TIPO GENERAL,2023-01-01T00:00:00.000,2023-12-31T00:00:00.000,730,2023
106310,FCP POR COMPARTIMENTOS ODINSA INFRAESTRUCTURA COMPARTIMENTO A,31,FONDOS DE CAPITAL PRIVADO,2023-08-09T00:00:00.000,2023-12-31T00:00:00.000,145,2023
106315,FCP POR COMPARTIMENTOS ODINSA INFRAESTRUCTURA COMPARTIMENTO C,31,FONDOS DE CAPITAL PRIVADO,2023-08-09T00:00:00.000,2023-12-31T00:00:00.000,145,2023
59008,FONDO DE CAPITAL PRIVADO TC LATAM - COMPARTIMENTO A,26,FONDOS DE CAPITAL PRIVADO,2023-01-01T00:00:00.000,2023-12-31T00:00:00.000,365,2023
9438,FONDO DE INVERSIÓN COLECTIVA ABIERTO SIN PACTO DE PERMANENCIA OCCIRENTA,21,FIC DE TIPO GENERAL,2023-01-01T00:00:00.000,2023-12-31T00:00:00.000,2431,2023
85659,COMPARTIMENTO SCALE UP FINANCING - AKTIVA FINANCIACIÓN ESTRUCTURADA,20,FONDOS DE CAPITAL PRIVADO,2023-01-01T00:00:00.000,2023-09-05T00:00:00.000,248,2023
111869,FONDO DE INVERSIÓN COLECTIVA CERRADO DE NATURALEZA APALANCADA SINTÉTICO TASA FIJA 6.0,26,FIC DE TIPO GENERAL,2023-02-03T00:00:00.000,2023-12-31T00:00:00.000,332,2023
42258,COMPARTIMENTO I DEL FONDO DE CAPITAL PRIVADO FINTRA,20,FONDOS DE CAPITAL PRIVADO,2023-01-01T00:00:00.000,2023-09-04T00:00:00.000,247,2023
50287,FONDO DE CAPITAL PRIVADO RUTA DEL SOL COMPARTIMENTO B1,16,FONDOS DE CAPITAL PRIVADO,2023-01-01T00:00:00.000,2023-12-31T00:00:00.000,365,2023
117755,FONDO DE CAPITAL PRIVADO ATLAS RENEWABLE ENERGY COLOMBIA COMP I,16,FONDOS DE CAPITAL PRIVADO,2023-12-28T00:00:00.000,2023-12-31T00:00:00.000,8,2023
115981,FCP VALIU - COMPARTIMENTO LOGISTICA,20,FONDOS DE CAPITAL PRIVADO,2023-11-20T00:00:00.000,2023-12-31T00:00:00.000,84,2023
115474,COMPART. EDUCAPITAL 1 DEL FCP ALTERNATIVOS PLUS,20,FONDOS DE CAPITAL PRIVADO,2023-08-30T00:00:00.000,2023-12-31T00:00:00.000,248,2023
72906,FONDO DE CAPITAL PRIVADO PALADIN REALTY COLOMBIA COMPARTIMENTO C,26,FONDOS DE CAPITAL PRIVADO,2023-01-01T00:00:00.000,2023-12-31T00:00:00.000,365,2023
90300,FONDO DE INVERSION COLECTIVA ABIERTO CON PACTO DE PERMANENCIA META PLANEADA,21,FIC DE TIPO GENERAL,2023-01-01T00:00:00.000,2023-12-31T00:00:00.000,365,2023
73589,FCP VALOR FORESTAL CAUCHO 8 (EN LIQUIDACIÓN),38,FONDOS DE CAPITAL PRIVADO,2023-01-01T00:00:00.000,2023-12-31T00:00:00.000,365,2023
104907,FONDO DE INVERSIÓN COLECTIVA CERRADO ACCIVAL RENTA FIJA 18M,3,FIC DE TIPO GENERAL,2023-01-01T00:00:00.000,2023-08-25T00:00:00.000,237,2023
109317,FONDO DE INVERSIÓN COLECTIVA CERRADO BBVA AM FUTURO,3,FIC DE TIPO GENERAL,2023-01-01T00:00:00.000,2023-12-28T00:00:00.000,362,2023
110177,FCP. HMC WORKING CAPITAL SOLUTIONS COMP I,20,FONDOS DE CAPITAL PRIVADO,2023-01-01T00:00:00.000,2023-12-31T00:00:00.000,1095,2023
59014,FONDO DE CAPITAL PRIVADO TC LATAM - COMPARTIMENTO D,26,FONDOS DE CAPITAL PRIVADO,2023-01-01T00:00:00.000,2023-12-31T00:00:00.000,365,2023
75122,COMPARTIMENTO A,25,FONDOS DE CAPITAL PRIVADO,2023-01-01T00:00:00.000,2023-12-31T00:00:00.000,365,2023
102362,FONDO ASHMORE ANDINO III - FCP COMPARTIMENTO A,16,FONDOS DE CAPITAL PRIVADO,2023-01-01T00:00:00.000,2023-12-31T00:00:00.000,730,2023
53962,FONDO DE INVERSION COLECTA ABIERTO CON PACTO DE PERMANENCIA SURA MULTIESTRATEGIA CREDITO COLOMBIA,58,FIC DE TIPO GENERAL,2023-01-01T00:00:00.000,2023-12-31T00:00:00.000,1095,2023
105749,FCP MCL I,21,FONDOS DE CAPITAL PRIVADO,2023-01-01T00:00:00.000,2023-12-31T00:00:00.000,365,2023
112342,CREDICORP CAPITAL OPORTUNIDAD RENTA FIJA III EN LIQUIDACION,28,FIC DE TIPO GENERAL,2023-02-20T00:00:00.000,2023-12-31T00:00:00.000,613,2023
99740,FONDO DE INVERSIÓN COLECTIVA ABIERTO SIN PACTO DE PERMANENCIA ACCION 1525,33,FIC DE TIPO GENERAL,2023-01-01T00:00:00.000,2023-12-31T00:00:00.000,365,2023
50278,FIC COMPARTIMENTO B SECCIÓN I ASHMORE DEL FONDO DE INFRAESTRUCTURA COLOMBIA ASHMORE - FCP,16,FONDOS DE CAPITAL PRIVADO,2023-01-01T00:00:00.000,2023-12-31T00:00:00.000,365,2023
66532,COMPARTIMENTO INMUEBLES I,21,FONDOS DE CAPITAL PRIVADO,2023-01-01T00:00:00.000,2023-12-31T00:00:00.000,365,2023
32436,FONDO DE CAPITAL PRIVADO AMERIGO VENTURES PACIFICO,31,FONDOS DE CAPITAL PRIVADO,2023-01-01T00:00:00.000,2023-12-31T00:00:00.000,365,2023
59336,FONDO DE INVERSION COLECTIVA ABIERTO CON PACTO DE PERMANENCIA GLOBAL SECURITIES ACCIONES,68,FIC DE TIPO GENERAL,2023-01-01T00:00:00.000,2023-12-31T00:00:00.000,365,2023
91394,FONDO ABIERTO ALIANZA CON PACTO DE PERMANENCIA MÍNIMA DIVERSIFICACIÓN INMOBILIARIA COLOMBIA,16,FIC DE TIPO GENERAL,2023-01-01T00:00:00.000,2023-12-31T00:00:00.000,1825,2023
13534,CARTERA COLECTIVA FONDO DE INVERSION FORESTAL COLOMBIA,39,FONDOS DE CAPITAL PRIVADO,2023-01-01T00:00:00.000,2023-12-31T00:00:00.000,365,2023
106232,FONDO DE CAPITAL PRIVADO CREDITO LIBRANZAS,16,FONDOS DE CAPITAL PRIVADO,2023-01-01T00:00:00.000,2023-12-31T00:00:00.000,365,2023
106816,FONDO DE CAPITAL PRIVADO RENTA INMOBILIARIA,9,FONDOS DE CAPITAL PRIVADO,2023-01-01T00:00:00.000,2023-12-31T00:00:00.000,365,2023
104377,FIC CERRADO RENTA ALTERNATIVO GLOBAL,31,FIC DE TIPO GENERAL,2023-01-01T00:00:00.000,2023-12-31T00:00:00.000,730,2023
80665,FONDO DE CAPITAL PRIVADO INMOBILIARIO POR COMPARTIMIENTOS AZUR - COMPARTIMIENTO NUEVA VISTA,97,FONDOS DE CAPITAL PRIVADO,2023-01-01T00:00:00.000,2023-12-31T00:00:00.000,365,2023
75716,FONDO DE CAPITAL PRIVADO ARMILLA CAPITAL - COMPARTIMENTO INMOBILIARIO COMERCIAL,16,FONDOS DE CAPITAL PRIVADO,2023-01-01T00:00:00.000,2023-12-31T00:00:00.000,365,2023
21080,"F.C.P. KANDEO FUND I (COLOMBIA), FCP (KFIC)",20,FONDOS DE CAPITAL PRIVADO,2023-01-01T00:00:00.000,2023-12-31T00:00:00.000,365,2023
116425,FCP MCI COMPARTIMENTO B,25,FONDOS DE CAPITAL PRIVADO,2023-10-05T00:00:00.000,2023-12-31T00:00:00.000,88,2023
102495,FONDO DE CAPITAL PRIVADO TC LATAM ESTRUCTURAS INMOBILIARIAS COMPARTIMENTO I,26,FONDOS DE CAPITAL PRIVADO,2023-01-01T00:00:00.000,2023-12-31T00:00:00.000,1095,2023
9452,FONDO DE INVERSIÓN COLECTIVA ABIERTO CON PACTO DE PERMANENCIA META CRECIMIENTO,21,FIC DE TIPO GENERAL,2023-01-01T00:00:00.000,2023-12-31T00:00:00.000,365,2023
58954,ALTRA - FONDO DE CAPITAL PRIVADO ALTRA FCP 1 EN LIQUIDACION,26,FONDOS DE CAPITAL PRIVADO,2023-01-01T00:00:00.000,2023-12-31T00:00:00.000,365,2023
88966,FONDO DE CAPITAL PRIVADO INMOBILIARIO SERVITRUST GNB SUDAMERIS,34,FONDOS DE CAPITAL PRIVADO,2023-01-01T00:00:00.000,2023-12-31T00:00:00.000,365,2023
114857,FONDO DE INVERSIÓN COLECTIVA CERRADO ALTERNATIVA PLAZO FIJO IV,21,FIC DE TIPO GENERAL,2023-07-21T00:00:00.000,2023-12-31T00:00:00.000,164,2023
66857,FONDO DE CAPITAL PRIVADO LA MONTERA COMPARTIMENTO ALEJANDRIA,16,FONDOS DE CAPITAL PRIVADO,2023-01-01T00:00:00.000,2023-12-31T00:00:00.000,365,2023
67673,COMPARTIMENTO C DEL FCP AVENIDA COLOMBIA PEF,20,FONDOS DE CAPITAL PRIVADO,2023-01-01T00:00:00.000,2023-12-31T00:00:00.000,365,2023
99575,FONDO MERCADO DE REDUCCIÓN DE EMISIONES - FORE,3,FONDOS DE CAPITAL PRIVADO,2023-01-01T00:00:00.000,2023-12-31T00:00:00.000,730,2023
95663,FONDO DE CAPITAL PRIVADO INMOBILIARIO PENNY LANE CAPITAL COMPARTIMENTO I,16,FONDOS DE CAPITAL PRIVADO,2023-01-01T00:00:00.000,2023-12-31T00:00:00.000,730,2023
71191,COMPARTIMENTO SQF- FCP INVERLINK EST INMOBILIARIAS,16,FONDOS DE CAPITAL PRIVADO,2023-01-01T00:00:00.000,2023-12-31T00:00:00.000,365,2023
59740,FONDO DE INVERSION COLECTIVA ABIERTO RENTA SOSTENIBLE GLOBAL,22,FIC DE TIPO GENERAL,2023-01-01T00:00:00.000,2023-12-31T00:00:00.000,730,2023
50410,FONDO DE CAPITAL PRIVADO TRIBECA NATURAL RESOURCES FUND COMP. A TRIBECA NATURAL RESOURCES,16,FONDOS DE CAPITAL PRIVADO,2023-01-01T00:00:00.000,2023-12-31T00:00:00.000,365,2023
106866,COMPART. LIBRANZAS DEL FCP PRIVADO ALTERNATIVOS PLUS,20,FONDOS DE CAPITAL PRIVADO,2023-01-01T00:00:00.000,2023-12-31T00:00:00.000,730,2023
15397,FONDO DE INVERSION COLECTIVA ABIERTO CON PACTO DE PERMANENCIA ITAU LARGO PLAZO,23,FIC DE TIPO GENERAL,2023-01-01T00:00:00.000,2023-02-28T00:00:00.000,59,2023
11407,CARTERA COLECTIVA ABIERTA DE ALTA LIQUIDEZ,12,FIC DE MERCADO MONETARIO,2023-01-01T00:00:00.000,2023-12-31T00:00:00.000,1825,2023
103927,F.I.C. A. LIQUIDEZ 1525 PLUS,20,FIC DE MERCADO MONETARIO,2023-01-01T00:00:00.000,2023-12-31T00:00:00.000,365,2023
58877,FONDO DE INVERSION COLECTIVA ABIERTO CON PACTO DE PERMANENCIA BTG PACTUAL RENTA FIJA COLOMBIA,14,FIC DE TIPO GENERAL,2023-01-01T00:00:00.000,2023-12-31T00:00:00.000,1825,2023
106313,FCP POR COMPARTIMENTOS ODINSA INFRAESTRUCTURA COMPARTIMENTO B,31,FONDOS DE CAPITAL PRIVADO,2023-08-09T00:00:00.000,2023-12-31T00:00:00.000,145,2023
88922,F.C.P CATTLEYA  - COMPARTIMENTO 2,20,FONDOS DE CAPITAL PRIVADO,2023-01-01T00:00:00.000,2023-12-31T00:00:00.000,1825,2023
73583,FCP - VALOR FORESTAL - CAUCHO 03(EN LIQUIDACIÓN),38,FONDOS DE CAPITAL PRIVADO,2023-01-01T00:00:00.000,2023-12-31T00:00:00.000,365,2023
58927,CREDICORP CAPITAL BALANCEADO III,28,FIC DE TIPO GENERAL,2023-01-01T00:00:00.000,2023-12-31T00:00:00.000,365,2023
97466,FONDO ABIERTO CON PACTO DE PERMANENCIA RENOVABLE ALTERNATIVOS ALIANZA,16,FIC DE TIPO GENERAL,2023-01-01T00:00:00.000,2023-12-31T00:00:00.000,2555,2023
106810,FONDO DE INVERSIÓN COLECTIVA CERRADO PROGRESIÓN RENTAPLÚS,9,FIC DE TIPO GENERAL,2023-01-01T00:00:00.000,2023-12-31T00:00:00.000,365,2023
59500,CARTERA COLECTIVA ESCALONADA INTERBOLSA CREDIT,68,FIC DE TIPO GENERAL,2023-01-01T00:00:00.000,2023-12-31T00:00:00.000,365,2023
72485,FONDO DE INVERSION COLECTIVA RENTA 4 GLOBAL VISTA,63,FIC DE TIPO GENERAL,2023-01-01T00:00:00.000,2023-12-31T00:00:00.000,2190,2023
112335,FONDO CERRADO ALIANZA ESTRUCTURADO RENTA FIJA & ECOPETROL,16,FIC DE TIPO GENERAL,2023-03-01T00:00:00.000,2023-12-31T00:00:00.000,1719,2023
90278,FONDO DE INVERSIÓN COLECTIVA INMOBILIARIO SIRENTA,3,FIC INMOBILIARIAS,2023-01-01T00:00:00.000,2023-12-31T00:00:00.000,365,2023
85172,FONDO DE CAPITAL PRIVADO AQUA COMPARTIMENTO TRES AQUA III,63,FONDOS DE CAPITAL PRIVADO,2023-01-01T00:00:00.000,2023-12-31T00:00:00.000,902,2023
73963,FONDO DE INVERSION COLECTIVA ABIERTO CON PACTO DE PERMANENCIA RENTA FIJA DINAMICA,21,FIC DE TIPO GENERAL,2023-01-01T00:00:00.000,2023-12-31T00:00:00.000,365,2023
102610,FONDO CERRADO SENTENCIAS NACIÓN II ALIANZA,16,FIC DE TIPO GENERAL,2023-01-01T00:00:00.000,2023-12-31T00:00:00.000,1095,2023
50261,FONDO DE CAPITAL PRIVADO INVERLINK ESTRUCTURAS INMOBILIARIAS COMPARTIMENTO UNO TIPO DE UNIDAD A,16,FONDOS DE CAPITAL PRIVADO,2023-01-01T00:00:00.000,2023-12-31T00:00:00.000,365,2023
76414,F.I.C. ACCIONES PLUS,20,FIC DE TIPO GENERAL,2023-01-01T00:00:00.000,2023-12-31T00:00:00.000,365,2023
69368,FONDO DE INVERSIÓN COLECTIVA ABIERTO CON PACTO DE PERMANENCIA BBVA AM ESTRATEGIA BALANCEADO GLOBAL,3,FIC DE TIPO GENERAL,2023-01-01T00:00:00.000,2023-12-31T00:00:00.000,365,2023
77640,FCP - VALOR INMOBILIARIO - TERMINALES LOGÍSTICOS DE COLOMBIA - BOGOTA,38,FONDOS DE CAPITAL PRIVADO,2023-01-01T00:00:00.000,2023-12-31T00:00:00.000,1095,2023
114910,FONDO DE CAPITAL PRIVADO DAVIVIENDA CORREDORES - DEUDA COMPARTIMENTO DEUDA COLOMBIA I,26,FONDOS DE CAPITAL PRIVADO,2023-11-17T00:00:00.000,2023-12-31T00:00:00.000,90,2023
93229,CREDICORP CAPITAL FACTORING,28,FIC DE TIPO GENERAL,2023-01-01T00:00:00.000,2023-12-31T00:00:00.000,730,2023
114017,FCP POR COMPARTIMENTOS ODINSA INFRAESTRUCTURA - COMPARTIMENTO D,31,FONDOS DE CAPITAL PRIVADO,2023-08-09T00:00:00.000,2023-12-31T00:00:00.000,145,2023
108266,FONDO DE INVERSION COLECTIVA ABIERTO LIQUIDEZ DOLAR,26,FIC DE TIPO GENERAL,2023-01-01T00:00:00.000,2023-12-31T00:00:00.000,365,2023
61583,UNIVERSITAS  FONDO DE INVERSION  COLECTIVA ABIERTO CON  PACTO DE  PERMANENCIA,6,FIC DE TIPO GENERAL,2023-01-01T00:00:00.000,2023-12-31T00:00:00.000,365,2023
104215,ITAÚ REAL ESTATE SECURITIES FUND,23,FIC DE TIPO GENERAL,2023-01-01T00:00:00.000,2023-08-10T00:00:00.000,222,2023
94909,FONDO DE CAPITAL PRIVADO TAURUS CAPITAL COMPARTIMENTO UNO,68,FONDOS DE CAPITAL PRIVADO,2023-01-01T00:00:00.000,2023-12-31T00:00:00.000,531,2023
59523,FCP EMPRENDIMIENTO E INNOVACION S P - EN LIQUIDACIÓN,28,FONDOS DE CAPITAL PRIVADO,2023-01-01T00:00:00.000,2023-12-31T00:00:00.000,365,2023
59012,FONDO DE CAPITAL PRIVADO TC LATAM - COMPARTIMENTO C,26,FONDOS DE CAPITAL PRIVADO,2023-01-01T00:00:00.000,2023-12-31T00:00:00.000,365,2023
59304,FONDO DE INVERSION COLECTIVA ABIERTO RENTA LIQUIDEZ,22,FIC DE TIPO GENERAL,2023-01-01T00:00:00.000,2023-12-31T00:00:00.000,2190,2023
115387,FONDO DE INVERSIÓN COLECTIVA SKANDIA CERRADO CAT XX,7,FIC DE TIPO GENERAL,2023-08-17T00:00:00.000,2023-12-31T00:00:00.000,497,2023
63935,FONDO DE INVERSIÓN COLECTIVA INMOBILIARIO DESARROLLO COLOMBIA I,26,FIC INMOBILIARIAS,2023-01-01T00:00:00.000,2023-12-31T00:00:00.000,365,2023
95409,FONDO DE INVERSIÓN COLECTIVA CERRADO SURA LIBRANZAS I,58,FIC DE TIPO GENERAL,2023-01-01T00:00:00.000,2023-12-31T00:00:00.000,1096,2023
116459,FONDO DE INVERSIÓN COLECTIVA SKANDIA CERRADO CAT XXI,7,FIC DE TIPO GENERAL,2023-10-10T00:00:00.000,2023-12-31T00:00:00.000,246,2023
112664,FONDO DE INVERSION COLECTIVA CERRADO ACCIVAL RENTA FIJA 12M PLUS,3,FIC DE TIPO GENERAL,2023-03-10T00:00:00.000,2023-12-31T00:00:00.000,297,2023
103702,FONDO BLACKROCK DEUDA INFRAESTRUCTURA COLOMBIA II,31,FONDOS DE CAPITAL PRIVADO,2023-01-01T00:00:00.000,2023-12-31T00:00:00.000,365,2023
78886,FONDO DE INVERSIÓN COLECTIVA RENTA FIJA LARGO PLAZO,26,FIC DE TIPO GENERAL,2023-01-01T00:00:00.000,2023-12-31T00:00:00.000,365,2023
73581,FCP VALOR FORESTAL CAUCHO 2 (EN LIQUIDACIÓN),38,FONDOS DE CAPITAL PRIVADO,2023-01-01T00:00:00.000,2023-12-31T00:00:00.000,365,2023
98414,FCP. CATTLEYA COMPATIMENTO 4,20,FONDOS DE CAPITAL PRIVADO,2023-01-01T00:00:00.000,2023-12-31T00:00:00.000,1095,2023
73593,FCP VALOR FORESTAL CACAO 01 (EN LIQUIDACIÓN),38,FONDOS DE CAPITAL PRIVADO,2023-01-01T00:00:00.000,2023-12-31T00:00:00.000,365,2023
61653,RENDIR FONDO DE INVERSION COLECTIVA ABIERTO,6,FIC DE TIPO GENERAL,2023-01-01T00:00:00.000,2023-12-31T00:00:00.000,365,2023
63301,FONDO DE INVERSION COLECTIVA ABIERTO RENTA ALTA CONVICCION,22,FIC DE TIPO GENERAL,2023-01-01T00:00:00.000,2023-12-31T00:00:00.000,730,2023
66082,FONDO DE INVERSIÓN COLECTIVA INMOBILIARIO DE RENTA DAVIVIENDA CORREDORES,26,FIC INMOBILIARIAS,2023-01-01T00:00:00.000,2023-12-31T00:00:00.000,365,2023
71258,FONDO DE INVERSION COLECTIVA ABIERTO CON PACTO DE PERMANENCIA BTG PACTUAL ACCIONES INTERNACIONALES,14,FIC DE TIPO GENERAL,2023-01-01T00:00:00.000,2023-12-31T00:00:00.000,1820,2023
98186,FIC BBVA VALORES MONEY MARKET,27,FIC DE MERCADO MONETARIO,2023-01-01T00:00:00.000,2023-12-31T00:00:00.000,730,2023
109469,FONDO DE CAPITAL PRIVADO IMPACTA,21,FONDOS DE CAPITAL PRIVADO,2023-01-01T00:00:00.000,2023-12-31T00:00:00.000,365,2023
51959,FONDO DE INVERSIÓN COLECTIVA SKANDIA MULTIPLAZO,7,FIC DE TIPO GENERAL,2023-01-01T00:00:00.000,2023-12-31T00:00:00.000,3570,2023
115734,FONDO DE INVERSIÓN COLECTIVA ABIERTO CON PACTO DE PERMANENCIA SCOTIA DEUDA PÚBLICA COLOMBIA,25,FIC DE TIPO GENERAL,2023-09-04T00:00:00.000,2023-12-31T00:00:00.000,707,2023
71323,FCP FUTURO INMOBILIARIO COMPARTIMENTO II - VIVIENDA,16,FONDOS DE CAPITAL PRIVADO,2023-01-01T00:00:00.000,2023-12-31T00:00:00.000,730,2023
106811,FONDO DE CAPITAL PRIVADO MEDICAL,9,FONDOS DE CAPITAL PRIVADO,2023-01-01T00:00:00.000,2023-12-31T00:00:00.000,365,2023
76407,FONDO DE CAPITAL PRIVADO MALLPLAZA - COMPARTIMENTO UNO,26,FONDOS DE CAPITAL PRIVADO,2023-01-01T00:00:00.000,2023-12-31T00:00:00.000,365,2023
99250,COMPARTIMENTO NANTES INVERSIONES - FONDO DE CAPITAL PRIVADO LA MONTERA,16,FONDOS DE CAPITAL PRIVADO,2023-01-01T00:00:00.000,2023-12-31T00:00:00.000,365,2023
115128,FIC ABIERTO ACCICUENTA MAYOR RIESGO,3,FIC DE TIPO GENERAL,2023-10-06T00:00:00.000,2023-12-31T00:00:00.000,87,2023
58134,FONDO DE INVERSION COLECTIVA FONDO GNB ABIERTO,34,FIC DE TIPO GENERAL,2023-01-01T00:00:00.000,2023-12-31T00:00:00.000,365,2023
104027,FONDO DE CAPITAL PRIVADO LIBRANZAS COLOMBIA,16,FONDOS DE CAPITAL PRIVADO,2023-01-01T00:00:00.000,2023-12-31T00:00:00.000,365,2023
118007,FCP STATUM COMPARTIMENTO III ? BPAC,20,FONDOS DE CAPITAL PRIVADO,2023-12-27T00:00:00.000,2023-12-31T00:00:00.000,5,2023
114986,FONDO DE INVERSIÓN COLECTIVA ABIERTO FIDUCUENTA DÓLARES,22,FIC DE TIPO GENERAL,2023-08-24T00:00:00.000,2023-12-31T00:00:00.000,130,2023
106814,FONDO DE INVERSION COLECTIVA CERRADO INMOBILIARIO PROGRESIÓN RENTAR 2015,9,FIC INMOBILIARIAS,2023-01-01T00:00:00.000,2023-12-31T00:00:00.000,365,2023
11427,CARTERA COLECTIVA ABIERTA EFECTIVO A LA VISTA,12,FIC DE TIPO GENERAL,2023-01-01T00:00:00.000,2023-12-31T00:00:00.000,2190,2023
73590,FCP - VALOR FORESTAL - CAUCHO 09 (EN LIQUIDACIÓN),38,FONDOS DE CAPITAL PRIVADO,2023-01-01T00:00:00.000,2023-12-31T00:00:00.000,365,2023
101471,FIC SURA RENTA FIJA COLOMBIA,58,FIC DE TIPO GENERAL,2023-01-01T00:00:00.000,2023-12-31T00:00:00.000,866,2023
50276,FIC COMPARTIMENTO A SECCIÓN I ASHMORE DEL FONDO DE INFRAESTRUCTURA COLOMBIA ASHMORE - FCP,16,FONDOS DE CAPITAL PRIVADO,2023-01-01T00:00:00.000,2023-12-31T00:00:00.000,365,2023
106820,FONDO DE CAPITAL PRIVADO RED HOSPITALARIA COLOMBIA,9,FONDOS DE CAPITAL PRIVADO,2023-01-01T00:00:00.000,2023-12-31T00:00:00.000,365,2023
34630,FONDO DE INFRAESTRUCTURA BROOKFIELD COLOMBIA - SUBCOMPARTIMENTO LP,16,FONDOS DE CAPITAL PRIVADO,2023-01-01T00:00:00.000,2023-12-31T00:00:00.000,365,2023
69537,FONDO DE INVERSION COLECTIVA ABIERTO FIC 600,39,FIC DE TIPO GENERAL,2023-01-01T00:00:00.000,2023-12-31T00:00:00.000,5041,2023
117765,FIC SURA CREDITO PRIVADO II,58,FIC DE TIPO GENERAL,2023-12-07T00:00:00.000,2023-12-31T00:00:00.000,25,2023
73586,FCP - VALOR FORESTAL - CAUCHO 05(EN LIQUIDACIÓN),38,FONDOS DE CAPITAL PRIVADO,2023-01-01T00:00:00.000,2023-12-31T00:00:00.000,365,2023
50411,FONDO DE CAPITAL PRIVADO TRIBECA NATURAL RESOURCES FUND COMP. B TRIBECA NATURAL RESOURCES,16,FONDOS DE CAPITAL PRIVADO,2023-01-01T00:00:00.000,2023-12-31T00:00:00.000,365,2023
81088,FCP NEXUS COMP INMUEBLES ALPOPULAR,21,FONDOS DE CAPITAL PRIVADO,2023-01-01T00:00:00.000,2023-12-31T00:00:00.000,365,2023
27283,FONDO DE INFRAESTRUCTURA BROOKFIELD COLOMBIA - COMPARTIMENTO II,16,FONDOS DE CAPITAL PRIVADO,2023-01-01T00:00:00.000,2023-12-31T00:00:00.000,365,2023
114991,FONDO DE CAPITAL PRIVADO AVISILVER COMPARTIMENTO II,16,FONDOS DE CAPITAL PRIVADO,2023-08-30T00:00:00.000,2023-12-31T00:00:00.000,124,2023
59079,FIC ACCIONES GLOBALES,26,FIC DE TIPO GENERAL,2023-01-01T00:00:00.000,2023-12-31T00:00:00.000,730,2023
59950,CPVAL TERMICO - EN LIQUIDACIÓN,28,FONDOS DE CAPITAL PRIVADO,2023-01-01T00:00:00.000,2023-12-31T00:00:00.000,365,2023
115466,FONDO CERRADO ALIANZA ESTRUCTURADO RENTA FIJA & PEI NO 2,16,FIC DE TIPO GENERAL,2023-08-29T00:00:00.000,2023-12-31T00:00:00.000,738,2023
59582,FCP VALOR INMOBILIARIO POLIGONOS INDUSTRIALES DE COLOMBIA - CARTAGENA (PIC),21,FONDOS DE CAPITAL PRIVADO,2023-01-01T00:00:00.000,2023-03-27T00:00:00.000,85,2023
10026,FONDO DE INVERSION COLECTIVA SUPERIOR,42,FIC DE TIPO GENERAL,2023-01-01T00:00:00.000,2023-12-31T00:00:00.000,2800,2023
113784,FONDO DE INVERSIÓN COLECTIVA SKANDIA CERRADO CAT XVIII,7,FIC DE TIPO GENERAL,2023-05-23T00:00:00.000,2023-11-17T00:00:00.000,317,2023
116353,FONDO DE INVERSIÓN COLECTIVA CERRADO INTELIGENCIA ARTIFICIAL CON CAPITAL PROTEGIDO,26,FIC DE TIPO GENERAL,2023-11-10T00:00:00.000,2023-12-31T00:00:00.000,104,2023
2852,FONDO DE INVERSIÓN COLECTIVA ABIERTO FIDUCUENTA,31,FIC DE TIPO GENERAL,2023-01-01T00:00:00.000,2023-12-31T00:00:00.000,365,2023
28080,FONDO DE CAPITAL PRIVADO NEXUS INFRAESTRUCTURA I FCP - COMPARTIMENTO B EN LIQUIDACION,31,FONDOS DE CAPITAL PRIVADO,2023-08-09T00:00:00.000,2023-12-31T00:00:00.000,145,2023
60275,FONDO DE INVERSION COLECTIVA ABIERTO RENTAVAL,91,FIC DE TIPO GENERAL,2023-01-01T00:00:00.000,2023-12-31T00:00:00.000,365,2023
58247,FONDO DE DEUDA SENIOR PARA INFRAESTRUCTURA EN COLOMBIA CAF ASHMORE I,16,FONDOS DE CAPITAL PRIVADO,2023-01-01T00:00:00.000,2023-12-31T00:00:00.000,365,2023
74094,"FONDO DE CAPITAL PRIVADO INMOBILIARIO POR COMPARTIMENTOS AZUR, COMPARTIMENTO BLOCPORT",97,FONDOS DE CAPITAL PRIVADO,2023-01-01T00:00:00.000,2023-12-31T00:00:00.000,365,2023
3644,FONDO DE INVERSIÓN COLECTIVA ABIERTO RENTA ACCIONES LATAM,31,FIC DE TIPO GENERAL,2023-01-01T00:00:00.000,2023-12-31T00:00:00.000,1095,2023
44227,FONDO DE CAPITAL PRIVADO VELUM EARLY STAGE FUND I,23,FONDOS DE CAPITAL PRIVADO,2023-01-01T00:00:00.000,2023-12-31T00:00:00.000,365,2023
102364,FONDO ASHMORE ANDINO III - FCP COMPARTIMENTO C,16,FONDOS DE CAPITAL PRIVADO,2023-01-01T00:00:00.000,2023-12-31T00:00:00.000,440,2023
99251,COMPARTIMENTO ASIS INVEST - FONDO DE CAPITAL PRIVADO LA MONTERA,16,FONDOS DE CAPITAL PRIVADO,2023-01-01T00:00:00.000,2023-12-31T00:00:00.000,365,2023
79146,COMPARTIMENTO SENIOR LIVING I FCP SURA AM INMOBILIARIO,31,FONDOS DE CAPITAL PRIVADO,2023-08-09T00:00:00.000,2023-12-31T00:00:00.000,145,2023
59328,FONDO DE INVERSION COLECTIVA ABIERTO GLOBAL VISTA,68,FIC DE TIPO GENERAL,2023-01-01T00:00:00.000,2023-12-31T00:00:00.000,365,2023
113657,FONDO DE INVERSIÓN COLECTIVA DIVERSIFICADO ARRIESGADO,26,FIC DE TIPO GENERAL,2023-07-07T00:00:00.000,2023-12-31T00:00:00.000,178,2023
11014,FONDO DE INVERSIÓN COLECTIVA ABIERTO SIN PACTO DE PERMANENCIA ACCION UNO,33,FIC DE TIPO GENERAL,2023-01-01T00:00:00.000,2023-12-31T00:00:00.000,365,2023
58750,FONDO DE INVERSION COLECTIVA CERRADA OCCIDECOL,21,FIC DE TIPO GENERAL,2023-01-01T00:00:00.000,2023-12-31T00:00:00.000,365,2023
77050,FONDO DE CAPITAL PRIVADO MALLPLAZA - COMPARTIMENTO FARO INMOBILIARIO,26,FONDOS DE CAPITAL PRIVADO,2023-01-01T00:00:00.000,2023-12-31T00:00:00.000,365,2023
97588,FONDO DE INVERSIÓN COLECTIVA CERRADO SENTENCIAS NACIÓN ALIANZA,16,FIC DE TIPO GENERAL,2023-01-01T00:00:00.000,2023-12-31T00:00:00.000,1460,2023
59501,INMOVAL FONDO INMOBILIARIO,28,FIC INMOBILIARIAS,2023-01-01T00:00:00.000,2023-12-31T00:00:00.000,365,2023
74174,COMPARTIMENTO B FCP AVENIDA COLOMBIA PEF II,20,FONDOS DE CAPITAL PRIVADO,2023-01-01T00:00:00.000,2023-12-31T00:00:00.000,1825,2023
58883,CREDICORP CAPITAL DEUDA CORPORATIVA,28,FIC DE TIPO GENERAL,2023-01-01T00:00:00.000,2023-12-31T00:00:00.000,1095,2023
90303,FONDO DE INVERSION COLECTIVA ABIERTO CON PACTO DE PERMANENCIA META DECIDIDA,21,FIC DE TIPO GENERAL,2023-01-01T00:00:00.000,2023-12-31T00:00:00.000,365,2023
66528,COMPARTIMENTO ALIMENTOS VALUARY,21,FONDOS DE CAPITAL PRIVADO,2023-01-01T00:00:00.000,2023-12-31T00:00:00.000,365,2023
3049,FONDO DE INVERSION COLECTIVA ABIERTO CON PACTO DE PERMANENCIA PLAN SEMILLA,31,FIC DE TIPO GENERAL,2023-01-01T00:00:00.000,2023-12-31T00:00:00.000,365,2023
93625,FONDO DE INVERSION COLECTIVA ABIERTO RENTA FUTURO,22,FIC DE TIPO GENERAL,2023-01-01T00:00:00.000,2023-12-31T00:00:00.000,730,2023
11356,FONDO DE INVERSIÓN COLECTIVA ABIERTO FIDULIQUIDEZ,18,FIC DE TIPO GENERAL,2023-01-01T00:00:00.000,2023-12-31T00:00:00.000,2190,2023
96938,FONDO DE CAPITAL PRIVADO CATTLEYA COMPATIMENTO 3,20,FONDOS DE CAPITAL PRIVADO,2023-01-01T00:00:00.000,2023-12-31T00:00:00.000,730,2023
10648,FONDO DE INVERSION COLECTIVA ABIERTO ITAU MONEY MARKET,23,FIC DE TIPO GENERAL,2023-01-01T00:00:00.000,2023-12-31T00:00:00.000,2190,2023
101962,COMPARTIMENTO DEUDA PRIVADA PYMES COLOMBIA,40,FONDOS DE CAPITAL PRIVADO,2023-01-01T00:00:00.000,2023-10-25T00:00:00.000,298,2023
60678,FONDO BURSÁTIL ISHARES  MSCI COLCAP,73,FIC BURSATILES,2023-01-01T00:00:00.000,2023-12-31T00:00:00.000,365,2023
59009,FONDO DE CAPITAL PRIVADO TC LATAM - COMPARTIMENTO B,26,FONDOS DE CAPITAL PRIVADO,2023-01-01T00:00:00.000,2023-12-31T00:00:00.000,365,2023
58347,FIC INTERÉS,26,FIC DE TIPO GENERAL,2023-01-01T00:00:00.000,2023-12-31T00:00:00.000,1250,2023
113258,FONDO DE INVERSION COLECTIVA CERRADO ALTERNATIVA PLAZO FIJO III,21,FIC DE TIPO GENERAL,2023-05-08T00:00:00.000,2023-12-31T00:00:00.000,238,2023
65734,FONDO DE CAPITAL PRIVADO TC LATAM - COMPARTIMENTO G TC LATAM,26,FONDOS DE CAPITAL PRIVADO,2023-01-01T00:00:00.000,2023-12-31T00:00:00.000,365,2023
3814,FONDO DE INVERSIÓN COLECTIVA ABIERTO RENTA FIJA PLAZO,31,FIC DE TIPO GENERAL,2023-01-01T00:00:00.000,2023-12-31T00:00:00.000,365,2023
58948,FONDO DE CAPITAL PRIVADO ENERGETICO - COMPARTIMENTO C,26,FONDOS DE CAPITAL PRIVADO,2023-01-01T00:00:00.000,2023-12-31T00:00:00.000,365,2023
88247,FONDO DE CAPITAL PRIVADO INMOBILIARIO CCLA - COMPARTIMENTO VIVIENDA URBANA EN ARRIENDO I,16,FONDOS DE CAPITAL PRIVADO,2023-01-01T00:00:00.000,2023-12-31T00:00:00.000,1460,2023
9453,FONDO DE INVERSIÓN COLECTIVA ABIERTO SIN PACTO DE PERMANENCIA OCCITESOROS,21,FIC DE TIPO GENERAL,2023-01-01T00:00:00.000,2023-12-31T00:00:00.000,3479,2023
66651,FONDO INMOBILIARIO FIDUPAÍS FIC CERRADO NO. 2 EN DERECHOS FIDUCIARIOS SOBRE INMUEBLES,68,FIC INMOBILIARIAS,2023-01-01T00:00:00.000,2023-12-31T00:00:00.000,365,2023
77049,FONDO DE CAPITAL PRIVADO MALLPLAZA - COMPARTIMENTO AS,26,FONDOS DE CAPITAL PRIVADO,2023-01-01T00:00:00.000,2023-12-31T00:00:00.000,365,2023
101555,FIC FONDO CERRADO RENTA FIJA,31,FIC DE TIPO GENERAL,2023-01-01T00:00:00.000,2023-01-17T00:00:00.000,17,2023
71846,FCP 4G CREDICORP CAPITAL - SURA AM COMP LIQUIDEZ I,28,FONDOS DE CAPITAL PRIVADO,2023-01-01T00:00:00.000,2023-12-31T00:00:00.000,1095,2023
50272,FONDO DE CAPITAL PRIVADO RUTA DEL SOL COMPARTIMENTO A1,16,FONDOS DE CAPITAL PRIVADO,2023-01-01T00:00:00.000,2023-12-31T00:00:00.000,365,2023
109806,FCP NEXUS - COMPARTIMENTO INMUEBLES AV VILLAS - CORFICOLOMBIANA,21,FONDOS DE CAPITAL PRIVADO,2023-01-01T00:00:00.000,2023-12-31T00:00:00.000,365,2023
102363,FONDO ASHMORE ANDINO III - FCP COMPARTIMENTO B,16,FONDOS DE CAPITAL PRIVADO,2023-01-01T00:00:00.000,2023-12-31T00:00:00.000,1095,2023
13174,F.I.C. A. MERCADO MONETARIO CONFIANZA PLUS,20,FIC DE MERCADO MONETARIO,2023-01-01T00:00:00.000,2023-12-31T00:00:00.000,365,2023
112099,FONDO DE CAPITAL PRIVADO POR COMPARTIMENTOS AVANTI,9,FONDOS DE CAPITAL PRIVADO,2023-02-01T00:00:00.000,2023-12-31T00:00:00.000,334,2023
59381,FONDO DE CAPITAL PRIVADO ESCALA CAPITAL CLASE GP EN LIQUIDACIÓN,22,FONDOS DE CAPITAL PRIVADO,2023-08-09T00:00:00.000,2023-12-31T00:00:00.000,145,2023
109261,FONDO DE INVERSIÓN COLECTIVA SKANDIA CERRADO CAT XIII,7,FIC DE TIPO GENERAL,2023-01-01T00:00:00.000,2023-08-04T00:00:00.000,216,2023
65875,FIC FONDO DE SEGURIDAD BOLIVAR,42,FIC DE TIPO GENERAL,2023-01-01T00:00:00.000,2023-12-31T00:00:00.000,365,2023
58918,CREDICORP CAPITAL ACCIONES GLOBALES,28,FIC DE TIPO GENERAL,2023-01-01T00:00:00.000,2023-12-31T00:00:00.000,730,2023
73592,FCP VALOR FORESTAL CAUCHO 11 (EN LIQUIDACIÓN),38,FONDOS DE CAPITAL PRIVADO,2023-01-01T00:00:00.000,2023-12-31T00:00:00.000,365,2023
106813,FONDO DE INVERSIÓN COLECTIVA RENTA FIJA ABIERTO CON PACTO DE PERMANENCIA MEDIANO PLAZO,9,FIC DE TIPO GENERAL,2023-01-01T00:00:00.000,2023-12-31T00:00:00.000,365,2023
113006,FCP. CATTLEYA COMPATIMENTO 5,20,FONDOS DE CAPITAL PRIVADO,2023-04-19T00:00:00.000,2023-12-31T00:00:00.000,514,2023
106749,FIC SURA CREDITO PRIVADO III,58,FIC DE TIPO GENERAL,2023-01-01T00:00:00.000,2023-12-31T00:00:00.000,730,2023
9645,F.I.C. CON PACTO DE PERMANENCIA CAPITAL PLUS,20,FIC DE TIPO GENERAL,2023-01-01T00:00:00.000,2023-12-31T00:00:00.000,365,2023
8742,FIC ABIERTO BBVA FAM CON PARTICIPACIONES DIFERENCIALES,3,FIC DE TIPO GENERAL,2023-01-01T00:00:00.000,2023-12-31T00:00:00.000,2555,2023
3078,FONDO DE INVERSIÓN COLECTIVA ABIERTO RENTA BALANCEADO,31,FIC DE TIPO GENERAL,2023-01-01T00:00:00.000,2023-12-31T00:00:00.000,365,2023
82379,FIC ABIERTO CON PACTO DE PERMANENCIA AVANZAR 90 DIAS,62,FIC DE TIPO GENERAL,2023-01-01T00:00:00.000,2023-12-31T00:00:00.000,1460,2023
96092,FONDO DE CAPITAL PRIVADO COLPATRIA INTERNACIONAL,59,FONDOS DE CAPITAL PRIVADO,2023-01-01T00:00:00.000,2023-12-31T00:00:00.000,365,2023
73723,FONDO DE INVERSIÓN COLECTIVA ABIERTO CON PACTO DE PERMANENCIA ALIANZA RENTA FIJA MERCADOS EMERGENTE,16,FIC DE TIPO GENERAL,2023-01-01T00:00:00.000,2023-12-31T00:00:00.000,1095,2023
86055,FCP CATTLEYA - COMPARTIMENTO 1,20,FONDOS DE CAPITAL PRIVADO,2023-01-01T00:00:00.000,2023-12-31T00:00:00.000,1095,2023
65731,FONDO DE CAPITAL PRIVADO TC LATAM - COMPARTIMENTO E TC LATAM,26,FONDOS DE CAPITAL PRIVADO,2023-01-01T00:00:00.000,2023-12-31T00:00:00.000,365,2023
93624,BTG PACTUAL ACCIONES MERCADOS EMERGENTES,14,FIC DE TIPO GENERAL,2023-01-01T00:00:00.000,2023-12-31T00:00:00.000,1820,2023
91000,FCP NEXUS COMP INMUEBLES OCCIDENTE,21,FONDOS DE CAPITAL PRIVADO,2023-01-01T00:00:00.000,2023-12-31T00:00:00.000,365,2023
18462,FONDO CASH CONSERVADOR ALIANZA 1525,16,FIC DE TIPO GENERAL,2023-01-01T00:00:00.000,2023-12-31T00:00:00.000,4380,2023
79144,FCP SURA AM INMOBILIARIO,31,FONDOS DE CAPITAL PRIVADO,2023-01-01T00:00:00.000,2023-08-08T00:00:00.000,220,2023
73317,FONDO DE CAPITAL PRIVADO ARMILLA CAPITAL-COMPARTIMENTO ALPES,16,FONDOS DE CAPITAL PRIVADO,2023-01-01T00:00:00.000,2023-12-31T00:00:00.000,365,2023
117825,FONDO DE INVERSIÓN COLECTIVA RENTA 100,39,FIC DE TIPO GENERAL,2023-12-13T00:00:00.000,2023-12-31T00:00:00.000,19,2023
61112,COMPARTIMENTO DEUDA PRIVADA INFRAESTRUCTURA I,28,FONDOS DE CAPITAL PRIVADO,2023-01-01T00:00:00.000,2023-12-31T00:00:00.000,1095,2023
106524,FONDO DE INVERSIÓN COLECTIVA CERRADO SKANDIA CAT X,7,FIC DE TIPO GENERAL,2023-01-01T00:00:00.000,2023-08-15T00:00:00.000,227,2023
109571,FONDO DE CAPITAL PRIVADO SKANDIA ALTERNATIVO - COMPARTIMENTO IMPACTO,7,FONDOS DE CAPITAL PRIVADO,2023-01-01T00:00:00.000,2023-12-31T00:00:00.000,730,2023
77191,FONDO DE CAPITAL PRIVADO INMOBILIARIO SERVIVALORES GNB SUDAMERIS,91,FONDOS DE CAPITAL PRIVADO,2023-01-01T00:00:00.000,2023-12-31T00:00:00.000,365,2023
110358,FONDO CERRADO ALIANZA ESTRUCTURADO RENTA FIJA & PEI,16,FIC DE TIPO GENERAL,2023-01-01T00:00:00.000,2023-12-31T00:00:00.000,1646,2023
110489,FCP NEXUS - COMPARTIMENTO INMUEBLES ALMAVIVA,21,FONDOS DE CAPITAL PRIVADO,2023-06-22T00:00:00.000,2023-12-31T00:00:00.000,193,2023
50283,FONDO DE CAPITAL PRIVADO TRG FCP LA I,16,FONDOS DE CAPITAL PRIVADO,2023-01-01T00:00:00.000,2023-12-31T00:00:00.000,365,2023
67598,FONDO DE CAPITAL AGROEMPRESAS COLOMBIA DE SEAF,21,FONDOS DE CAPITAL PRIVADO,2023-01-01T00:00:00.000,2023-12-31T00:00:00.000,365,2023
95754,FCP CARTAMA - COMPARTIMENTO GLOBAL,31,FONDOS DE CAPITAL PRIVADO,2023-08-09T00:00:00.000,2023-12-31T00:00:00.000,145,2023
10650,FONDO DE INVERSION COLECTIVA ABIERTO CON PACTO DE PERMANENCIA ITAU MEDIANO PLAZO,23,FIC DE TIPO GENERAL,2023-01-01T00:00:00.000,2023-12-31T00:00:00.000,449,2023
105752,FCP MCL IV,21,FONDOS DE CAPITAL PRIVADO,2023-01-01T00:00:00.000,2023-12-31T00:00:00.000,1268,2023
71197,FONDO DE INVERSIÓN COLECTIVA ABIERTO FIC AVANZAR VISTA,62,FIC DE TIPO GENERAL,2023-01-01T00:00:00.000,2023-12-31T00:00:00.000,2920,2023
107298,FONDO DE INVERSIÓN COLECTIVA CERRADO DE NATURALEZA APALANCADA SINTÉTICO TASA FIJA 4.0,26,FIC DE TIPO GENERAL,2023-01-01T00:00:00.000,2023-02-01T00:00:00.000,32,2023
50439,COMPARTIMENTO ZONA FRANCA DEL FONDO DE CAPITAL PRIVADO INVERLINK ESTRUCTURAS INMOBILIARIAS,16,FONDOS DE CAPITAL PRIVADO,2023-01-01T00:00:00.000,2023-12-31T00:00:00.000,365,2023
113658,FONDO DE INVERSION COLECTIVA DIVERSIFICADO CONSERVADOR,26,FIC DE TIPO GENERAL,2023-07-07T00:00:00.000,2023-12-31T00:00:00.000,178,2023
58756,CREDICORP CAPITAL ALTA LIQUIDEZ,28,FIC DE TIPO GENERAL,2023-01-01T00:00:00.000,2023-12-31T00:00:00.000,1825,2023
50518,FONDO DE CO-INVERSIÓN CON EL FONDO DE INFRAESTRUCTURA ASHMORE I - FCP  COMPARTIMENTO 3 - CODAD S.A,16,FONDOS DE CAPITAL PRIVADO,2023-01-01T00:00:00.000,2023-12-31T00:00:00.000,365,2023
10659,FONDO DE INVERSION COLECTIVA ABIERTO FIDUGOB,22,FIC DE TIPO GENERAL,2023-01-01T00:00:00.000,2023-12-31T00:00:00.000,3285,2023
59738,FONDO DE INVERSION COLECTIVA ABIERTO RENTA VARIABLE COLOMBIA,22,FIC DE TIPO GENERAL,2023-01-01T00:00:00.000,2023-12-31T00:00:00.000,805,2023
80955,FONDO DE CAPITAL PRIVADO AQUA COMPARTIMENTO UNO AQUA I,63,FONDOS DE CAPITAL PRIVADO,2023-01-01T00:00:00.000,2023-12-21T00:00:00.000,355,2023
85697,FONDO DE INVERSIÓN COLECTIVA INMOBILIARIO SURA AM RENTAS INMOBILIARIAS,31,FIC INMOBILIARIAS,2023-01-01T00:00:00.000,2023-12-31T00:00:00.000,730,2023
108532,FONDO DE INVERSIÓN COLECTIVA CERRADO  SKANDIA CAT XII,7,FIC DE TIPO GENERAL,2023-01-01T00:00:00.000,2023-03-31T00:00:00.000,90,2023
110509,FONDO DE INVERSIÓN COLECTIVA CERRADO BBVA AM FUTURO 2.0,3,FIC DE TIPO GENERAL,2023-01-01T00:00:00.000,2023-12-31T00:00:00.000,365,2023
100095,BTG PACTUAL DINAMICO,14,FIC DE TIPO GENERAL,2023-01-01T00:00:00.000,2023-12-31T00:00:00.000,1513,2023
65733,FONDO DE CAPITAL PRIVADO TC LATAM - COMPARTIMENTO F TC LATAM,26,FONDOS DE CAPITAL PRIVADO,2023-01-01T00:00:00.000,2023-12-31T00:00:00.000,365,2023
90256,FONDO DE CAPITAL PRIVADO INMOBILIARIO SALUD COMPARTIMENTO 1,16,FONDOS DE CAPITAL PRIVADO,2023-01-01T00:00:00.000,2023-12-31T00:00:00.000,730,2023
67404,FONDO DE INVERSION COLECTIVA ABIERTO CON PACTO PERMANENCIA ALIANZA RENTA FIJA 90,16,FIC DE TIPO GENERAL,2023-01-01T00:00:00.000,2023-12-31T00:00:00.000,3285,2023
58703,FONDO DE CAPITAL PRIVADO CORREDORES CAPITAL I,26,FONDOS DE CAPITAL PRIVADO,2023-01-01T00:00:00.000,2023-12-31T00:00:00.000,365,2023
81171,FONDO DE INVERSIÓN COLECTIVA CERRADO INMOBILIARIO GRANDES SUPERFICIES,7,FIC INMOBILIARIAS,2023-01-01T00:00:00.000,2023-12-31T00:00:00.000,365,2023
82718,FONDO DE INVERSIÓN COLECTIVA ABIERTO CON PACTO DE PERMANENCIA RENTAPAIS,39,FIC DE TIPO GENERAL,2023-01-01T00:00:00.000,2023-12-31T00:00:00.000,365,2023
98744,FIC SURA LIQUIDEZ PESOS,58,FIC DE TIPO GENERAL,2023-01-01T00:00:00.000,2023-07-31T00:00:00.000,770,2023
28405,FONDO DE CAPITAL PRIVADO OXO - PROPIEDADES SOSTENIBLES COMPARTIMENTO II. OXO - PROPIEDADES SOSTENIB,16,FONDOS DE CAPITAL PRIVADO,2023-01-01T00:00:00.000,2023-12-31T00:00:00.000,365,2023
29495,FONDO DE INVERSIÓN COLECTIVA ABIERTO CON PACTO DE PERMANENCIA ÓPTIMO,22,FIC DE TIPO GENERAL,2023-01-01T00:00:00.000,2023-12-31T00:00:00.000,365,2023
64114,FONDO ASHMORE ANDINO II - FCP COMPARTIMENTO A,16,FONDOS DE CAPITAL PRIVADO,2023-01-01T00:00:00.000,2023-12-31T00:00:00.000,1095,2023
58928,CREDICORP CAPITAL ESTRATEGICO,28,FIC DE TIPO GENERAL,2023-01-01T00:00:00.000,2023-12-31T00:00:00.000,365,2023
60348,FONDO DE INVERSIÓN COLECTIVA INMOBILIARIO VISUM RENTAS INMOBILIARIAS,14,FIC INMOBILIARIAS,2023-01-01T00:00:00.000,2023-12-31T00:00:00.000,365,2023
110574,CREDICORP CAPITAL INNOVACIÓN LATAM,28,FIC DE TIPO GENERAL,2023-01-01T00:00:00.000,2023-12-31T00:00:00.000,718,2023
115124,FIC ABIERTO ACCICUENTA CONSERVADOR,3,FIC DE TIPO GENERAL,2023-08-09T00:00:00.000,2023-12-31T00:00:00.000,145,2023
2971,FONDO DE INVERSION COLECTIVA ABIERTO CON PACTO DE PERMANENCIA FIDURENTA,31,FIC DE TIPO GENERAL,2023-01-01T00:00:00.000,2023-12-31T00:00:00.000,1825,2023
93197,CREDICORP CAPITAL VISTA,28,FIC DE TIPO GENERAL,2023-01-01T00:00:00.000,2023-12-31T00:00:00.000,1658,2023
72409,FONDO DE INVERSION COLECTIVA CERRADO ACCICOLF VANGUARDIA ACCIONES ORDINARIAS,21,FIC DE TIPO GENERAL,2023-01-01T00:00:00.000,2023-12-31T00:00:00.000,365,2023
93253,CREDICORP CAPITAL REAL ESTATE 2011 - COMPARTIMENTO UNO EN LIQUIDACIÓN,28,FONDOS DE CAPITAL PRIVADO,2023-01-01T00:00:00.000,2023-12-31T00:00:00.000,365,2023
111884,FONDO CERRADO RENTA FIJA V,31,FIC DE TIPO GENERAL,2023-02-16T00:00:00.000,2023-12-31T00:00:00.000,319,2023
53954,F.I.C. VALOR PLUS I,20,FIC DE TIPO GENERAL,2023-01-01T00:00:00.000,2023-12-31T00:00:00.000,5110,2023
100523,FONDO DE CAPITAL PRIVADO MFX CAPITAL,68,FONDOS DE CAPITAL PRIVADO,2023-01-01T00:00:00.000,2023-12-31T00:00:00.000,693,2023
53970,FONDO DE INVERSION COLECTIVA CERRADO SURA CREDITO PRIVADO COLOMBIA,58,FIC DE TIPO GENERAL,2023-01-01T00:00:00.000,2023-12-31T00:00:00.000,1460,2023
32814,FONDO DE INVERSION COLECTIVA CCA RENTALIQUIDA FIDUCAFE,42,FIC DE TIPO GENERAL,2023-01-01T00:00:00.000,2023-12-31T00:00:00.000,1385,2023
99377,FONDO DE CAPITAL PRIVADO PLENTIA INVERSIONES COMPARTIMENTO IV ARGO,97,FONDOS DE CAPITAL PRIVADO,2023-01-01T00:00:00.000,2023-12-31T00:00:00.000,365,2023
109715,FONDO DE INVERSIÓN COLECTIVA CERRADO ACCIVAL RENTA FIJA 12 M,3,FIC DE TIPO GENERAL,2023-01-01T00:00:00.000,2023-10-11T00:00:00.000,284,2023
115726,FONDO DE INVERSIÓN COLECTIVA ABIERTO CON PACTO DE PERMANENCIA SCOTIA PORTAFOLIO GLOBAL MÁS CONSERVA,25,FIC DE TIPO GENERAL,2023-09-04T00:00:00.000,2023-12-31T00:00:00.000,357,2023
111307,F.C.P. VID COMPARTIMENTO II JIDUSH,20,FONDOS DE CAPITAL PRIVADO,2023-01-01T00:00:00.000,2023-12-31T00:00:00.000,1460,2023
72899,FONDO DE CAPITAL PRIVADO INMOBILIARIO GRUPO PEGASUS COLOMBIA FONDO I COMPARTIMENTO 1 PEGASUS VIVIEN,26,FONDOS DE CAPITAL PRIVADO,2023-01-01T00:00:00.000,2023-12-31T00:00:00.000,730,2023
109884,FONDO CERRADO RENTA FIJA IV,31,FIC DE TIPO GENERAL,2023-01-01T00:00:00.000,2023-12-31T00:00:00.000,365,2023
50304,FONDO DE CAPITAL PRIVADO VALORAR FUTURO,16,FONDOS DE CAPITAL PRIVADO,2023-01-01T00:00:00.000,2023-12-31T00:00:00.000,365,2023
59105,CREDICORP CAPITAL ACCIONES COLOMBIA,28,FIC DE TIPO GENERAL,2023-01-01T00:00:00.000,2023-12-31T00:00:00.000,868,2023
34644,FONDO DE INFRAESTRUCTURA BROOKFIELD COLOMBIA - SUBCOMPARTIMENTO GP,16,FONDOS DE CAPITAL PRIVADO,2023-01-01T00:00:00.000,2023-12-31T00:00:00.000,365,2023
107027,FONDO DE INVERSIÓN COLECTIVA CERRADO ACCIVAL RENTA FIJA 24M,3,FIC DE TIPO GENERAL,2023-01-01T00:00:00.000,2023-12-31T00:00:00.000,365,2023
38802,FONDO DE CAPITAL PRIVADO OXO - PROPIEDADES SOSTENIBLES COMPARTIMENTO III. BARRANQUILLA. OXO - PROPI,16,FONDOS DE CAPITAL PRIVADO,2023-01-01T00:00:00.000,2023-12-31T00:00:00.000,365,2023
11962,FONDO DE INVERSIÓN COLECTIVA ABIERTO BBVA PAÍS CON PARTICIPACIONES DIFERENCIALES,3,FIC DE TIPO GENERAL,2023-01-01T00:00:00.000,2023-12-31T00:00:00.000,1460,2023
113579,FONDO CERRADO ALIANZA ALTERNATIVOS LOCAL MEDIANO PLAZO,16,FIC DE TIPO GENERAL,2023-05-25T00:00:00.000,2023-12-31T00:00:00.000,1326,2023
102266,COMPARTIMENTO A - FCP DEUDA INFRAESTRUCTURA II SURA - CREDICORP CAPITAL,28,FONDOS DE CAPITAL PRIVADO,2023-01-01T00:00:00.000,2023-12-31T00:00:00.000,1218,2023
83117,FONDO DE CAPITAL PRIVADO CO-INVERSION EQUITY INFRAESTRUCTURA COLOMBIA - COMPARTIMENTO I EN LIQUIDAC,31,FONDOS DE CAPITAL PRIVADO,2023-08-09T00:00:00.000,2023-11-15T00:00:00.000,99,2023
10025,FONDO DE INVERSION COLECTIVA CONSOLIDAR,42,FIC DE TIPO GENERAL,2023-01-01T00:00:00.000,2023-12-31T00:00:00.000,365,2023
58973,CREDICORP CAPITAL VISION,28,FIC DE TIPO GENERAL,2023-01-01T00:00:00.000,2023-07-07T00:00:00.000,188,2023
67403,FONDO DE INVERSION COLECTIVA ABIERTO CON PACTO DE PERMANENCIA ALIANZA ACCIONES,16,FIC DE TIPO GENERAL,2023-01-01T00:00:00.000,2023-12-31T00:00:00.000,2230,2023
11286,FONDO DE INVERSIÓN COLECTIVA ABIERTO RENTAR,18,FIC DE TIPO GENERAL,2023-01-01T00:00:00.000,2023-12-31T00:00:00.000,2920,2023
96346,FONDO DE CAPITAL PRIVADO PLENTIA INVERSIONES - COMPARTIMENTO II - INVERLOJA,97,FONDOS DE CAPITAL PRIVADO,2023-01-01T00:00:00.000,2023-12-31T00:00:00.000,365,2023
60273,FONDO DE INVERSIÓN COLECTIVA CERRADO BTG PACTUAL CRÉDITO,14,FIC DE TIPO GENERAL,2023-01-01T00:00:00.000,2023-12-31T00:00:00.000,365,2023
11149,FONDO DE INVERSIÓN COLECTIVA FIDUCOLDEX,40,FIC DE TIPO GENERAL,2023-01-01T00:00:00.000,2023-12-31T00:00:00.000,3210,2023
59076,FIC RENTA FIJA MEDIANO PLAZO MULTIESCALA,26,FIC DE TIPO GENERAL,2023-01-01T00:00:00.000,2023-12-31T00:00:00.000,741,2023
108638,BTG PACTUAL ALTA DURACION COLOMBIA,14,FIC DE TIPO GENERAL,2023-01-01T00:00:00.000,2023-12-31T00:00:00.000,1788,2023
67066,CREDICORP CAPITAL DEUDA CORPORATIVA LATAM,28,FIC DE TIPO GENERAL,2023-01-01T00:00:00.000,2023-12-31T00:00:00.000,730,2023
83737,FONDO DE CAPITAL PRIVADO CO-INVERSIÓN EQUITY INFRAESTRUCTURA COLOMBIA - COMPARTIMENTO II EN LIQUIDA,31,FONDOS DE CAPITAL PRIVADO,2023-08-09T00:00:00.000,2023-11-15T00:00:00.000,99,2023
110549,FONDO DE INVERSIÓN COLECTIVA SKANDIA CERRADO CAT XV,7,FIC DE TIPO GENERAL,2023-01-01T00:00:00.000,2023-09-11T00:00:00.000,599,2023
107084,FONDO DE INVERSIÓN COLECTIVA CERRADO  SKANDIA CAT XI,7,FIC DE TIPO GENERAL,2023-01-01T00:00:00.000,2023-02-13T00:00:00.000,44,2023
2713,FONDO DE CAPITAL PRIVADO FONDO INMOBILIARIO COLOMBIA,31,FONDOS DE CAPITAL PRIVADO,2023-01-01T00:00:00.000,2023-12-31T00:00:00.000,365,2023
72905,FONDO DE CAPITAL PRIVADO PALADIN REALTY COLOMBIA COMPARTIMENTO B,26,FONDOS DE CAPITAL PRIVADO,2023-01-01T00:00:00.000,2023-12-31T00:00:00.000,365,2023
109961,FONDO DE INVERSIÓN COLECTIVA SKANDIA CERRADO CAT XIV,7,FIC DE TIPO GENERAL,2023-01-01T00:00:00.000,2023-06-29T00:00:00.000,180,2023
54576,FONDO DE INVERSION COLECTIVA ABIERTO CON PACTO DE PERMANENCIA ARCO IRIS TÍTULOS DEUDA PRIVADA,33,FIC DE TIPO GENERAL,2023-01-01T00:00:00.000,2023-12-31T00:00:00.000,365,2023
75995,"FONDO DE CO-INVERSIÓN CON EL FONDO DE INFRAESTRUCTURA ASHMORE I FCP, COMPARTIMENTO I",16,FONDOS DE CAPITAL PRIVADO,2023-01-01T00:00:00.000,2023-12-31T00:00:00.000,730,2023
104271,FONDO DE INVERSIÓN COLECTIVA CERRADO DE NATURALEZA APALANCADA SINTÉTICO TASA FIJA 2.0,26,FIC DE TIPO GENERAL,2023-01-01T00:00:00.000,2023-02-15T00:00:00.000,46,2023
103946,FCP MAS EQUITY FUND III COLOMBIA,21,FONDOS DE CAPITAL PRIVADO,2023-01-01T00:00:00.000,2023-12-31T00:00:00.000,365,2023
106812,FONDO DE CAPITAL PRIVADO PROGRESION INMOBILIARIO,9,FONDOS DE CAPITAL PRIVADO,2023-01-01T00:00:00.000,2023-12-31T00:00:00.000,365,2023
73591,FCP - VALOR FORESTAL - CAUCHO 10 (EN LIQUIDACIÓN),38,FONDOS DE CAPITAL PRIVADO,2023-01-01T00:00:00.000,2023-12-31T00:00:00.000,365,2023
105499,FONDO DE CAPITAL PRIVADO INMOBILIARIO PLUS COMPARTIMENTO I,20,FONDOS DE CAPITAL PRIVADO,2023-01-01T00:00:00.000,2023-12-31T00:00:00.000,1095,2023
101060,FONDO DE CAPITAL PRIVADO TECH-O,68,FONDOS DE CAPITAL PRIVADO,2024-01-01T00:00:00.000,2024-09-06T00:00:00.000,250,2024
59355,FONDO DE INVERSION COLECTIVA CERRADO RENTA CRÉDITO,68,FIC DE TIPO GENERAL,2024-01-01T00:00:00.000,2024-09-06T00:00:00.000,250,2024
110777,FONDO DE INVERSIÓN COLECTIVA RENTACOL,39,FIC DE TIPO GENERAL,2024-01-01T00:00:00.000,2024-12-31T00:00:00.000,428,2024
66289,FCP SURA ASSET MANAGEMENT ? DESARROLLO INMOBILIARIO COMPARTIMENTO GENERAL,16,FONDOS DE CAPITAL PRIVADO,2024-01-01T00:00:00.000,2024-12-31T00:00:00.000,366,2024
104221,ITAÚ INCOME & DYNAMIC FUND,23,FIC DE TIPO GENERAL,2024-01-01T00:00:00.000,2024-02-29T00:00:00.000,60,2024
78888,FONDO DE INVERSIÓN COLECTIVA DIVERSIFICADO INTERNACIONAL,26,FIC DE TIPO GENERAL,2024-01-01T00:00:00.000,2024-12-31T00:00:00.000,366,2024
10936,FONDO ABIERTO ALIANZA,16,FIC DE TIPO GENERAL,2024-01-01T00:00:00.000,2024-12-31T00:00:00.000,4677,2024
58958,FONDO DE CAPITAL PRIVADO INVERSOR COMPARTIMENTO B,26,FONDOS DE CAPITAL PRIVADO,2024-01-01T00:00:00.000,2024-12-31T00:00:00.000,366,2024
54582,COMPARTIMENTO 6 DEL FONDO DE CO-INVERSIÓN CON EL FONDO DE INFRAESTRUCTURA ASHMORE I FCP,16,FONDOS DE CAPITAL PRIVADO,2024-01-01T00:00:00.000,2024-12-31T00:00:00.000,366,2024
28133,FONDO DE CAPITAL PRIVADO NEXUS INFRAESTRUCTURA I FCP - COMPARTIMENTO A EN LIQUIDACION,31,FONDOS DE CAPITAL PRIVADO,2024-01-01T00:00:00.000,2024-12-31T00:00:00.000,366,2024
86956,FONDO CAPITAL PRIVADO BANCOLDEX - CAPITAL PARA EMPRENDER,40,FONDOS DE CAPITAL PRIVADO,2024-01-01T00:00:00.000,2024-12-31T00:00:00.000,366,2024
76413,F.I.C. ABIERTA CON PACTO DE PERMANENCIA SOSTENIBLE GLOBAL,20,FIC DE TIPO GENERAL,2024-01-01T00:00:00.000,2024-12-31T00:00:00.000,366,2024
96832,FONDO DE INVERSION COLECTIVA ABIERTO CON PACTO DE PERMANENCIA MINIMA ALIANZA RENTA FIJA HIGH YIELD,16,FIC DE TIPO GENERAL,2024-01-01T00:00:00.000,2024-12-26T00:00:00.000,1785,2024
51953,FONDO DE INVERSIÓN COLECTIVA SKANDIA EFECTIVO,7,FIC DE TIPO GENERAL,2024-01-01T00:00:00.000,2024-12-31T00:00:00.000,2928,2024
59972,FCP VALOR INMOBILIARIO,21,FONDOS DE CAPITAL PRIVADO,2024-01-01T00:00:00.000,2024-12-31T00:00:00.000,366,2024
106818,FONDO DE CAPITAL PRIVADO PROGRESION PROFUTBOL,9,FONDOS DE CAPITAL PRIVADO,2024-01-01T00:00:00.000,2024-12-31T00:00:00.000,366,2024
10440,FONDO DE INVERSION ABIERTO CASH,34,FIC DE TIPO GENERAL,2024-01-01T00:00:00.000,2024-12-31T00:00:00.000,366,2024
71259,FONDO DE INVERSIÓN COLECTIVA ABIERTO CON PACTO DE PERMANENCIA BTG PACTUAL RENTA FIJA INTERNACIONAL,14,FIC DE TIPO GENERAL,2024-01-01T00:00:00.000,2024-12-31T00:00:00.000,1736,2024
80428,ACCIVAL RENTA FIJA 180,3,FIC DE TIPO GENERAL,2024-01-01T00:00:00.000,2024-12-31T00:00:00.000,366,2024
11207,FONDO AUREOS COLOMBIA,40,FONDOS DE CAPITAL PRIVADO,2024-01-01T00:00:00.000,2024-09-30T00:00:00.000,274,2024
73587,FCP - VALOR FORESTAL - CAUCHO 06(EN LIQUIDACIÓN),38,FONDOS DE CAPITAL PRIVADO,2024-01-01T00:00:00.000,2024-12-31T00:00:00.000,366,2024
66648,FONDO INMOBILIARIO FIDUPAÍS FIC CERRADO NO. 1 EN DERECHOS FIDUCIARIOS SOBRE INMUEBLES,68,FIC INMOBILIARIAS,2024-01-01T00:00:00.000,2024-08-21T00:00:00.000,234,2024
93198,CREDICORP CAPITAL DOLAR EFECTIVO,28,FIC DE TIPO GENERAL,2024-01-01T00:00:00.000,2024-12-31T00:00:00.000,378,2024
113221,COMPARTIMENTO B - FCP DEUDA INFRAESTRUCTURA II SURA - CREDICORP CAPITAL,28,FONDOS DE CAPITAL PRIVADO,2024-01-01T00:00:00.000,2024-12-31T00:00:00.000,366,2024
58699,FONDO DE INVERSIÓN COLECTIVA ABIERTO CON PACTO DE PERMANENCIA BTG PACTUAL ACCIONES COLOMBIA,14,FIC DE TIPO GENERAL,2024-01-01T00:00:00.000,2024-12-31T00:00:00.000,1529,2024
106809,FONDO DE INVERSION COLECTIVA CERRADO PROGRESION RENTAMAS,9,FIC DE TIPO GENERAL,2024-01-01T00:00:00.000,2024-12-31T00:00:00.000,1464,2024
9448,FONDO DE INVERSIÓN COLECTIVA ABIERTO SIN PACTO DE PERMANENCIA AVANZA RENTA FIJA,21,FIC DE TIPO GENERAL,2024-01-01T00:00:00.000,2024-12-31T00:00:00.000,366,2024
9792,FONDO DE INVERSION COLECTIVA DAVIPLUS RENTA FIJA PESOS,42,FIC DE TIPO GENERAL,2024-01-01T00:00:00.000,2024-12-31T00:00:00.000,366,2024
58695,FONDO DE INVERSION COLECTIVA ACCIVAL VISTA,3,FIC DE TIPO GENERAL,2024-01-01T00:00:00.000,2024-12-31T00:00:00.000,463,2024
67539,FONDO DE CAPITAL PRIVADO PACTIA INMOBILIARIO,31,FONDOS DE CAPITAL PRIVADO,2024-01-01T00:00:00.000,2024-12-31T00:00:00.000,366,2024
114822,"FONDO DE CAPITAL PRIVADO SMBC - LARRAINVIAL DEUDA - INFRAESTRUCTURA Y ENERGIA, COMPARTIMENTO I",97,FONDOS DE CAPITAL PRIVADO,2024-01-01T00:00:00.000,2024-12-31T00:00:00.000,1464,2024
97207,FONDO DE INVERSIÓN COLECTIVA CON PACTO DE PERMANENCIA SKANDIA DINÁMICO,7,FIC DE TIPO GENERAL,2024-01-01T00:00:00.000,2024-06-26T00:00:00.000,347,2024
123329,FONDO DE CAPITAL PRIVADO PLENTIA INVERSIONES COMPARTIMENTO VII BONDO,97,FONDOS DE CAPITAL PRIVADO,2024-12-27T00:00:00.000,2024-12-31T00:00:00.000,5,2024
89435,FONDO DE CAPITAL PRIVADO INMOBILIARIO YELLOWSTONE REAL ESTATE OPPORTUNITY FUND II,16,FONDOS DE CAPITAL PRIVADO,2024-01-01T00:00:00.000,2024-12-31T00:00:00.000,3294,2024
43502,FONDO BURSÁTIL GLOBAL X COLOMBIA SELECT DE S&P,22,FIC BURSATILES,2024-01-01T00:00:00.000,2024-12-31T00:00:00.000,366,2024
109932,CREDICORP CAPITAL OPORTUNIDAD RENTA FIJA II,28,FIC DE TIPO GENERAL,2024-01-01T00:00:00.000,2024-09-26T00:00:00.000,270,2024
72904,FONDO DE CAPITAL PRIVADO PALADIN REALTY COLOMBIA COMPARTIMENTO A,26,FONDOS DE CAPITAL PRIVADO,2024-01-01T00:00:00.000,2024-12-31T00:00:00.000,366,2024
117185,FCP MCI COMPARTIMENTO A,25,FONDOS DE CAPITAL PRIVADO,2024-01-01T00:00:00.000,2024-12-31T00:00:00.000,366,2024
81087,FCP NEXUS COMP INMUEBLES BANCO POPULAR,21,FONDOS DE CAPITAL PRIVADO,2024-01-01T00:00:00.000,2024-12-31T00:00:00.000,366,2024
59356,FONDO DE INVERSION COLECTIVA CERRADO GLOBAL SECURITIES CREDIT OPPORTUNITIES FUND TITULOS VALORES,68,FIC DE TIPO GENERAL,2024-01-01T00:00:00.000,2024-09-06T00:00:00.000,250,2024
99187,FONDO DE CAPITAL PRIVADO PLENTIA INVERSIONES - COMPARTIMENTO III RAIZ,97,FONDOS DE CAPITAL PRIVADO,2024-01-01T00:00:00.000,2024-12-31T00:00:00.000,366,2024
59505,CARTERA COLECTIVA ESCALONADA INTERBOLSA FACTORING,68,FIC DE TIPO GENERAL,2024-01-01T00:00:00.000,2024-09-06T00:00:00.000,250,2024
87268,FONDO DE CAPITAL PRIVADO BTG PACTUAL ACTIVOS ALTERNATIVOS COMPARTIMENTO ACTIVOS CREDITICIOS I,14,FONDOS DE CAPITAL PRIVADO,2024-01-01T00:00:00.000,2024-12-31T00:00:00.000,366,2024
85000,FONDO DE CAPITAL PRIVADO BTG PACTUAL ACTIVOS ALTERNATIVOS COMPARTIMENTO SMPI,14,FONDOS DE CAPITAL PRIVADO,2024-01-01T00:00:00.000,2024-12-31T00:00:00.000,366,2024
120541,FONDO ALIANZA FACTORING 6 MESES,16,FIC DE TIPO GENERAL,2024-08-20T00:00:00.000,2024-12-31T00:00:00.000,742,2024
62633,FIDUCOLDEX CAPITAL INTELIGENTE FONDO DE INVERSION COLECTIVA,40,FIC DE TIPO GENERAL,2024-01-01T00:00:00.000,2024-12-31T00:00:00.000,732,2024
96710,FCP NEXUS COMP NEXUS DESARROLLOS INMOBILIARIOS II,21,FONDOS DE CAPITAL PRIVADO,2024-01-01T00:00:00.000,2024-12-31T00:00:00.000,732,2024
11714,FONDO ABIERTO FIDUCIARIA CENTRAL,38,FIC DE TIPO GENERAL,2024-01-01T00:00:00.000,2024-12-31T00:00:00.000,2562,2024
115723,FONDO CERRADO ALIANZA SENTENCIAS NACIÓN NO 3,16,FIC DE TIPO GENERAL,2024-01-01T00:00:00.000,2024-12-31T00:00:00.000,1098,2024
48153,FONDO DE INVERSION COLECTIVA ABIERTO ITAU CORTO PLAZO,23,FIC DE TIPO GENERAL,2024-01-01T00:00:00.000,2024-02-29T00:00:00.000,340,2024
83314,CREDICORP CAPITAL DERECHOS ECONOMICOS 2026,28,FIC DE TIPO GENERAL,2024-01-01T00:00:00.000,2024-12-31T00:00:00.000,366,2024
105751,FCP MCL III,21,FONDOS DE CAPITAL PRIVADO,2024-01-01T00:00:00.000,2024-12-31T00:00:00.000,366,2024
105192,FONDO DE INVERSIÓN COLECTIVA CERRADO ACCIONES ESTADOS UNIDOS CON CAPITAL PROTEGIDO,26,FIC DE TIPO GENERAL,2024-01-01T00:00:00.000,2024-05-14T00:00:00.000,135,2024
107443,CREDICORP CAPITAL OPORTUNIDAD RENTA FIJA I,28,FIC DE TIPO GENERAL,2024-01-01T00:00:00.000,2024-02-21T00:00:00.000,52,2024
58564,FONDO DE INVERSIÓN COLECTIVA ABIERTO BTG PACTUAL LIQUIDEZ,14,FIC DE TIPO GENERAL,2024-07-31T00:00:00.000,2024-12-31T00:00:00.000,924,2024
113190,FONDO DE CAPITAL PRIVADO YELLOWSTONE CAPITAL FUND I COMPARTIMENTO  A  IV MONTANEL,16,FONDOS DE CAPITAL PRIVADO,2024-01-01T00:00:00.000,2024-12-31T00:00:00.000,366,2024
108402,FONDO DE CAPITAL PRIVADO VALOR INMOBILIARIO COMPLEJO LOGISTICO DEL CARIBE,9,FONDOS DE CAPITAL PRIVADO,2024-01-01T00:00:00.000,2024-12-31T00:00:00.000,366,2024
76410,F.I.C. ESTRATEGIA MODERADA,20,FIC DE TIPO GENERAL,2024-01-01T00:00:00.000,2024-12-31T00:00:00.000,366,2024
76412,F.I.C. DEUDA CORPORATIVA,20,FIC DE TIPO GENERAL,2024-01-01T00:00:00.000,2024-12-31T00:00:00.000,366,2024
105973,FIC CERRADO RENTA FIJA II,31,FIC DE TIPO GENERAL,2024-01-01T00:00:00.000,2024-12-31T00:00:00.000,366,2024
119288,FONDO DE INVERSIÓN COLECTIVA SKANDIA CERRADO CAT XXIV,7,FIC DE TIPO GENERAL,2024-03-15T00:00:00.000,2024-03-19T00:00:00.000,5,2024
115735,FONDO DE INVERSIÓN COLECTIVA ABIERTO CON PACTO DE PERMANENCIA SCOTIA PORTAFOLIO GLOBAL CONSERVADOR,25,FIC DE TIPO GENERAL,2024-01-01T00:00:00.000,2024-12-31T00:00:00.000,1098,2024
73588,FCP VALOR FORESTAL CAUCHO 7 (EN LIQUIDACIÓN),38,FONDOS DE CAPITAL PRIVADO,2024-01-01T00:00:00.000,2024-12-31T00:00:00.000,366,2024
108387,FONDO CERRADO ALIANZA ALTERNATIVOS LOCAL LARGO PLAZO,16,FIC DE TIPO GENERAL,2024-01-01T00:00:00.000,2024-12-31T00:00:00.000,2196,2024
121649,FONDO DE CAPITAL PRIVADO TAURUS CAPITAL COMPARTIMENTO DOS,9,FONDOS DE CAPITAL PRIVADO,2024-09-07T00:00:00.000,2024-12-31T00:00:00.000,116,2024
50277,FONDO DE CAPITAL PRIVADO RUTA DEL SOL COMPARTIMENTO A2,16,FONDOS DE CAPITAL PRIVADO,2024-01-01T00:00:00.000,2024-12-31T00:00:00.000,366,2024
34163,FONDO CERRADO INMOBILIARIO ALIANZA,16,FIC INMOBILIARIAS,2024-01-01T00:00:00.000,2024-12-31T00:00:00.000,366,2024
93223,CREDICORP CAPITAL BALANCEADO COLOMBIA,28,FIC DE TIPO GENERAL,2024-01-01T00:00:00.000,2024-12-31T00:00:00.000,366,2024
50280,FONDO DE CAPITAL PRIVADO RUTA DEL SOL COMPARTIMENTO B2,16,FONDOS DE CAPITAL PRIVADO,2024-01-01T00:00:00.000,2024-12-31T00:00:00.000,366,2024
65869,FONDO DE CAPITAL PRIVADO YELLOWSTONE CAPITAL FUND I- COMPARTIMENTO AI,16,FONDOS DE CAPITAL PRIVADO,2024-01-01T00:00:00.000,2024-12-31T00:00:00.000,366,2024
11403,CARTERA COLECTIVA ABIERTA CON PACTO DE PERMANENCIA EFECTIVO A PLAZOS - CARTERA CON COMPARTIMENTOS,12,FIC DE TIPO GENERAL,2024-01-01T00:00:00.000,2024-12-31T00:00:00.000,1830,2024
66652,FONDO DE CAPITAL TERRANUM COMPARTIMENTO,16,FONDOS DE CAPITAL PRIVADO,2024-01-01T00:00:00.000,2024-12-31T00:00:00.000,366,2024
59002,FONDO DE CAPITAL PRIVADO ALTRA FCP II,26,FONDOS DE CAPITAL PRIVADO,2024-01-01T00:00:00.000,2024-12-31T00:00:00.000,366,2024
51220,COMPARTIMENTO DIVERSIFICADO DE DESARROLLOS INMOBILIARIOS,21,FONDOS DE CAPITAL PRIVADO,2024-01-01T00:00:00.000,2024-12-31T00:00:00.000,366,2024
115741,FONDO DE INVERSIÓN COLECTIVA ABIERTO CON PACTO DE PERMANENCIA SCOTIA PORTAFOLIO GLOBAL MÁS CRECIMIE,25,FIC DE TIPO GENERAL,2024-01-01T00:00:00.000,2024-12-31T00:00:00.000,1098,2024
121647,CARTERA COLECTIVA ESCALONADA INTERBOLSA FACTORING,9,FIC DE TIPO GENERAL,2024-09-07T00:00:00.000,2024-12-31T00:00:00.000,116,2024
93231,CREDICORP CAPITAL AGRONEGOCIOS - CACAO AGROFORESTAL,28,FONDOS DE CAPITAL PRIVADO,2024-01-01T00:00:00.000,2024-12-31T00:00:00.000,366,2024
73493,FONDO DE CAPITAL PRIVADO YELLOWSTONE CAPITAL FUND I -COMPARTIMENTO PROSCENIO AII,16,FONDOS DE CAPITAL PRIVADO,2024-01-01T00:00:00.000,2024-12-31T00:00:00.000,366,2024
120238,FONDO DE INVERSIÓN COLECTIVA SKANDIA CERRADO CAT XXVI,7,FIC DE TIPO GENERAL,2024-05-27T00:00:00.000,2024-06-13T00:00:00.000,18,2024
90025,FONDO DE CAPITAL PRIVADO SUMATORIA DEUDA GLOBAL,26,FONDOS DE CAPITAL PRIVADO,2024-01-01T00:00:00.000,2024-12-31T00:00:00.000,732,2024
114733,FONDO DE INVERSIÓN COLECTIVA SKANDIA CERRADO CAT XIX,7,FIC DE TIPO GENERAL,2024-01-01T00:00:00.000,2024-02-02T00:00:00.000,63,2024
58564,FONDO DE INVERSIÓN COLECTIVA ABIERTO BTG PACTUAL LIQUIDEZ,14,FIC DE MERCADO MONETARIO,2024-01-01T00:00:00.000,2024-07-30T00:00:00.000,1272,2024
95589,FONDO DE INVERSION COLECTIVA CERRADO ASHMORE ACCIONES COLOMBIA + LATAM,97,FIC DE TIPO GENERAL,2024-01-01T00:00:00.000,2024-12-31T00:00:00.000,1853,2024
51325,FONDO NAZCA INVESTMENT,21,FONDOS DE CAPITAL PRIVADO,2024-01-01T00:00:00.000,2024-12-31T00:00:00.000,366,2024
100813,FONDO DE CAPITAL PRIVADO TAURUS CAPITAL COMPARTIMIENTO DOS,68,FONDOS DE CAPITAL PRIVADO,2024-01-01T00:00:00.000,2024-09-06T00:00:00.000,250,2024
99106,CREDICORP CAPITAL ACCIONES LATAM,28,FIC DE TIPO GENERAL,2024-01-01T00:00:00.000,2024-12-31T00:00:00.000,366,2024
54573,FONDO DE INVERSIÓN COLECTIVA ABIERTO SIN PACTO DE PERMANENCIA ARCO IRIS CONSERVADOR,33,FIC DE TIPO GENERAL,2024-01-01T00:00:00.000,2024-12-31T00:00:00.000,366,2024
110153,COMPARTIMENTO FONDO INVERSA - FONDO DE CAPITAL PRIVADO LA MONTERA,16,FONDOS DE CAPITAL PRIVADO,2024-01-01T00:00:00.000,2024-12-31T00:00:00.000,366,2024
115127,FIC ABIERTO ACCICUENTA MODERADO,3,FIC DE TIPO GENERAL,2024-01-01T00:00:00.000,2024-12-31T00:00:00.000,366,2024
105375,FONDO DE INVERSIÓN COLECTIVA ABIERTO CON PACTO DE PERMANENCIA ALTERNATIVOS 180 PLUS,20,FIC DE TIPO GENERAL,2024-01-01T00:00:00.000,2024-12-31T00:00:00.000,632,2024
117568,FONDO DE CAPITAL PRIVADO BONUS COMPARTIMIENTO INFRAESTRUCTURA I,16,FONDOS DE CAPITAL PRIVADO,2024-01-01T00:00:00.000,2024-12-31T00:00:00.000,807,2024
60200,FONDO DE INVERSIÓN COLECTIVA CERRADO BTG PACTUAL CREDIVALORES I,14,FIC DE TIPO GENERAL,2024-01-01T00:00:00.000,2024-12-31T00:00:00.000,732,2024
22969,FONDO DE INVERSION COLECTIVA ABIERTO SUMAR,22,FIC DE TIPO GENERAL,2024-01-01T00:00:00.000,2024-12-31T00:00:00.000,3994,2024
121416,FONDO CERRADO ALIANZA ALTERNATIVOS & EQUITY COLOMBIA 2 AÑOS,16,FIC DE TIPO GENERAL,2024-09-10T00:00:00.000,2024-12-31T00:00:00.000,170,2024
105750,FCP MCL II,21,FONDOS DE CAPITAL PRIVADO,2024-01-01T00:00:00.000,2024-12-31T00:00:00.000,366,2024
107024,BTG PACTUAL LIQUIDEZ DOLARES,14,FIC DE TIPO GENERAL,2024-01-01T00:00:00.000,2024-12-31T00:00:00.000,741,2024
59354,FONDO DE INVERSION COLECTIVA CERRADO GLOBAL SECURITIES CREDIT OPPORTUNITIES FUND FACTURAS,68,FIC DE TIPO GENERAL,2024-01-01T00:00:00.000,2024-09-06T00:00:00.000,250,2024
115232,FONDO DE INVERSION COLECTIVA ABIERTO FIDUCENTRAL LO NUESTRO,38,FIC DE TIPO GENERAL,2024-01-01T00:00:00.000,2024-11-29T00:00:00.000,697,2024
114155,FONDO DE CAPITAL PRIVADO AVISILVER COMPARTIMENTO 1,16,FONDOS DE CAPITAL PRIVADO,2024-01-01T00:00:00.000,2024-12-31T00:00:00.000,366,2024
122582,FONDO DE INVERSIÓN COLECTIVA CERRADO NOTA ESTRUCTURADA ORO CON CAPITAL PROTEGIDO,26,FIC DE TIPO GENERAL,2024-12-20T00:00:00.000,2024-12-31T00:00:00.000,24,2024
119918,FONDO DE CAPITAL PRIVADO ACTIVA COLOMBIA 1 - COMPARTIMENTO UNO,97,FONDOS DE CAPITAL PRIVADO,2024-04-29T00:00:00.000,2024-12-31T00:00:00.000,247,2024
101366,FONDO DE INVERSIÓN COLECTIVA ABIERTO CON PACTO DE PERMANENCIA RENOVABLE BALANCEADO MODERADO ALIANZ,16,FIC DE TIPO GENERAL,2024-01-01T00:00:00.000,2024-12-31T00:00:00.000,1830,2024
105786,FIC MULTIESTRATEGIA ESTABLE,3,FIC DE TIPO GENERAL,2024-01-01T00:00:00.000,2024-12-31T00:00:00.000,366,2024
58957,FONDO DE CAPITAL PRIVADO INVERSOR COMPARTIMENTO A,26,FONDOS DE CAPITAL PRIVADO,2024-01-01T00:00:00.000,2024-12-31T00:00:00.000,366,2024
95249,FONDO DE INVERSIÓN COLECTIVA ABIERTO BBVA PÁRAMO,3,FIC DE TIPO GENERAL,2024-01-01T00:00:00.000,2024-12-31T00:00:00.000,366,2024
119143,FONDO DE INVERSION COLECTIVA ABIERTO ITAU MEDIANO PLAZO,88,FIC DE TIPO GENERAL,2024-03-01T00:00:00.000,2024-12-31T00:00:00.000,306,2024
8686,FONDO DE INVERSIÓN COLECTIVA ABIERTO CON PACTO DE PERMANENCIA Y  PARTICIPACIONES DIFERENCIALES BBVA,3,FIC DE TIPO GENERAL,2024-01-01T00:00:00.000,2024-12-31T00:00:00.000,732,2024
112618,FONDO CERRADO ALIANZA FINANZAUTO,16,FIC DE TIPO GENERAL,2024-01-01T00:00:00.000,2024-10-23T00:00:00.000,1187,2024
121639,FONDO DE INVERSION COLECTIVA CERRADO CREDIT OPPORTUNITIES FUND FACTURAS,9,FIC DE TIPO GENERAL,2024-09-07T00:00:00.000,2024-12-31T00:00:00.000,116,2024
121645,FONDO DE CAPITAL PRIVADO TECH-O COMPARTIMENTO UNO,9,FONDOS DE CAPITAL PRIVADO,2024-09-07T00:00:00.000,2024-12-31T00:00:00.000,116,2024
58921,CREDICORP CAPITAL RENTA FIJA GLOBAL,28,FIC DE TIPO GENERAL,2024-01-01T00:00:00.000,2024-12-31T00:00:00.000,732,2024
120081,FONDO DE INVERSION COLECTIVA CERRADO ALTERNATIVA PLAZO FIJO VI,21,FIC DE TIPO GENERAL,2024-06-13T00:00:00.000,2024-12-12T00:00:00.000,183,2024
115738,FONDO DE INVERSIÓN COLECTIVA ABIERTO CON PACTO DE PERMANENCIA SCOTIA PORTAFOLIO GLOBAL CRECIMIENTO,25,FIC DE TIPO GENERAL,2024-01-01T00:00:00.000,2024-12-31T00:00:00.000,1098,2024
8734,FONDO DE INVERSIÓN COLECTIVA ABIERTO BBVA EFECTIVO CON PARTICIPACIONES DIFERENCIALES,3,FIC DE TIPO GENERAL,2024-01-01T00:00:00.000,2024-12-31T00:00:00.000,3294,2024
115736,FONDO DE INVERSIÓN COLECTIVA ABIERTO CON PACTO DE PERMANENCIA SCOTIA PORTAFOLIO GLOBAL MODERADO,25,FIC DE TIPO GENERAL,2024-01-01T00:00:00.000,2024-12-31T00:00:00.000,1098,2024
94490,FCP SURA . DEUDA PRIVADA - COMPARTIMENTO DEUDA,16,FONDOS DE CAPITAL PRIVADO,2024-01-01T00:00:00.000,2024-12-31T00:00:00.000,2541,2024
17653,FONDO DE INVERSION COLECTIVA ABIERTO 1525,25,FIC DE MERCADO MONETARIO,2024-01-01T00:00:00.000,2024-12-31T00:00:00.000,366,2024
58946,FONDO DE CAPITAL PRIVADO ENERGETICO - COMPARTIMENTO A,26,FONDOS DE CAPITAL PRIVADO,2024-01-01T00:00:00.000,2024-12-31T00:00:00.000,366,2024
108529,FIC SURA ULTRACASH COLOMBIA,58,FIC DE TIPO GENERAL,2024-01-01T00:00:00.000,2024-12-31T00:00:00.000,1035,2024
29497,FONDO DE INVERSIÓN COLECTIVA ABIERTO CON PACTO DE PERMANENCIA CUBRIR BALANCEADO INTERNACIONAL,22,FIC DE TIPO GENERAL,2024-01-01T00:00:00.000,2024-12-31T00:00:00.000,732,2024
59384,FONDO DE CAPITAL PRIVADO ESCALA CAPITAL CLASE LP EN LIQUIDACIÓN,22,FONDOS DE CAPITAL PRIVADO,2024-01-01T00:00:00.000,2024-03-11T00:00:00.000,66,2024
105784,FIC MULTIESTRATEGIA EQUILIBRIO,3,FIC DE TIPO GENERAL,2024-01-01T00:00:00.000,2024-12-31T00:00:00.000,366,2024
54077,FONDO DE INVERSIÓN COLECTIVA ABIERTO CON PACTO DE PERMANENCIA ES+,22,FIC DE TIPO GENERAL,2024-01-01T00:00:00.000,2024-12-31T00:00:00.000,1098,2024
85384,FONDO DE INVERSION COLECTIVA ABIERTO ITAU ACCIONES COLOMBIA,23,FIC DE TIPO GENERAL,2024-01-01T00:00:00.000,2024-02-29T00:00:00.000,60,2024
10779,RENTAFACIL FONDO DE INVERSION COLECTIVA ABIERTO,6,FIC DE TIPO GENERAL,2024-01-01T00:00:00.000,2024-12-31T00:00:00.000,2562,2024
121380,FONDO DE INVERSION COLECTIVA CREDITO PRIVADO IV,58,FIC DE TIPO GENERAL,2024-08-28T00:00:00.000,2024-12-31T00:00:00.000,126,2024
58897,CREDICORP CAPITAL RENTA FIJA COLOMBIA,28,FIC DE TIPO GENERAL,2024-01-01T00:00:00.000,2024-12-31T00:00:00.000,732,2024
121573,FONDO DE INVERSIÓN COLECTIVA SIN PACTO DE PERMANENCIA INVERTIR+,21,FIC DE TIPO GENERAL,2024-10-03T00:00:00.000,2024-12-31T00:00:00.000,222,2024
96583,FONDO DE CAPITAL PRIVADO NEXT UTILITY VENTURES,20,FONDOS DE CAPITAL PRIVADO,2024-01-01T00:00:00.000,2024-09-26T00:00:00.000,1350,2024
110618,FCP EWA II - COMPARTIMENTO ESPECIAL,21,FONDOS DE CAPITAL PRIVADO,2024-01-01T00:00:00.000,2024-12-31T00:00:00.000,366,2024
80574,FONDO DE CAPITAL PRIVADO ELIMARC CAPITAL - COMPARTIMENTO SAN PABLO,59,FONDOS DE CAPITAL PRIVADO,2024-01-01T00:00:00.000,2024-12-31T00:00:00.000,366,2024
121646,CARTERA COLECTIVA ESCALONADA INTERBOLSA CREDIT,9,FIC DE TIPO GENERAL,2024-09-07T00:00:00.000,2024-12-31T00:00:00.000,116,2024
109445,FONDO DE CAPITAL PRIVADO YELLOWSTONE CAPITAL FUND I - COMPARTIMENTO PROSCENIO AIII,16,FONDOS DE CAPITAL PRIVADO,2024-01-01T00:00:00.000,2024-12-31T00:00:00.000,732,2024
36570,FONDO ABIERTO 1525 FIDUCENTRAL,38,FIC DE TIPO GENERAL,2024-01-01T00:00:00.000,2024-12-31T00:00:00.000,2928,2024
3895,FONDO DE INVERSIÓN COLECTIVA ABIERTA SIN PACTO DE PERMANENCIA FIDUEXCEDENTES,31,FIC DE TIPO GENERAL,2024-01-01T00:00:00.000,2024-12-31T00:00:00.000,366,2024
59144,FONDO DE CAPITAL PRIVADO TEKA COLOMBIA I COMPARTIMENTO LP,26,FONDOS DE CAPITAL PRIVADO,2024-01-01T00:00:00.000,2024-12-31T00:00:00.000,366,2024
51615,COMPARTIMENTO A FCP AVENIDA COLOMBIA PEF,20,FONDOS DE CAPITAL PRIVADO,2024-01-01T00:00:00.000,2024-12-31T00:00:00.000,366,2024
120381,FONDO DE CAPITAL PRIVADO AQUA COMPARTIMENTO SIETE AQUA VII,63,FONDOS DE CAPITAL PRIVADO,2024-05-31T00:00:00.000,2024-12-31T00:00:00.000,215,2024
117050,FONDO DE INVERSIÓN COLECTIVA SKANDIA CERRADO CAT XXII,7,FIC DE TIPO GENERAL,2024-01-01T00:00:00.000,2024-05-30T00:00:00.000,294,2024
28403,FONDO DE CAPITAL PRIVADO OXO - PROPIEDADES SOSTENIBLES COMPARTIMENTO I. CARTAGENA. OXO - PROPIEDADE,16,FONDOS DE CAPITAL PRIVADO,2024-01-01T00:00:00.000,2024-12-31T00:00:00.000,366,2024
87342,FONDO DE INVERSIÓN COLECTIVA ABIERTO BBVA DIGITAL CON PARTICIPACIONES DIFERENCIALES,3,FIC DE TIPO GENERAL,2024-01-01T00:00:00.000,2024-12-31T00:00:00.000,732,2024
69536,FONDO DE INVERSION COLECTIVA ABIERTO CONFIRENTA,39,FIC DE TIPO GENERAL,2024-01-01T00:00:00.000,2024-12-31T00:00:00.000,1677,2024
106785,FIC SURA ESTRATEGIA LIBRANZAS COLOMBIA,58,FIC DE TIPO GENERAL,2024-01-01T00:00:00.000,2024-12-31T00:00:00.000,366,2024
51968,FONDO DE INVERSIÓN COLECTIVA INMOBILIARIO CERRADO SKANDIA COMPRAR PARA ARRENDAR-I,7,FIC INMOBILIARIAS,2024-01-01T00:00:00.000,2024-12-31T00:00:00.000,732,2024
102088,FONDO DE CAPITAL PRIVADO BIOAVANTE COMPARTIMENTO VACUNAS I,16,FONDOS DE CAPITAL PRIVADO,2024-01-01T00:00:00.000,2024-12-31T00:00:00.000,366,2024
11627,FONDO DE INVERSION COLECTIVA ABIERTO RENDIR,25,FIC DE TIPO GENERAL,2024-01-01T00:00:00.000,2024-12-31T00:00:00.000,366,2024
10824,FONDO ABIERTO CON PACTO DE PERMANENCIA CXC,16,FIC DE TIPO GENERAL,2024-01-01T00:00:00.000,2024-12-31T00:00:00.000,2562,2024
73579,FCP - VALOR FORESTAL - CAUCHO 01 (EN LIQUIDACIÓN),38,FONDOS DE CAPITAL PRIVADO,2024-01-01T00:00:00.000,2024-12-31T00:00:00.000,366,2024
107463,FONDO CERRADO ALIANZA RENTA FIJA LOCAL AAA NO. 2,16,FIC DE TIPO GENERAL,2024-01-01T00:00:00.000,2024-08-21T00:00:00.000,887,2024
95234,FONDO DE INVERSION COLECTIVA INMOBILIARIO RENTA MAS,21,FIC INMOBILIARIAS,2024-01-01T00:00:00.000,2024-12-31T00:00:00.000,732,2024
122552,FCP BANCOLDEX CAPITAL FDF II COMPARTIMENTO MICRO VC,40,FONDOS DE CAPITAL PRIVADO,2024-12-18T00:00:00.000,2024-12-31T00:00:00.000,28,2024
59143,FONDO DE CAPITAL PRIVADO TEKA COLOMBIA I COMPARTIMENTO GP,26,FONDOS DE CAPITAL PRIVADO,2024-01-01T00:00:00.000,2024-12-31T00:00:00.000,366,2024
59741,FONDO DE INVERSION COLECTIVA ABIERTO RENTA FIJA PLUS,22,FIC DE TIPO GENERAL,2024-01-01T00:00:00.000,2024-12-31T00:00:00.000,732,2024
51218,COMPARTIMENTO INMOBILIARIO TRIPLE A,21,FONDOS DE CAPITAL PRIVADO,2024-01-01T00:00:00.000,2024-12-31T00:00:00.000,366,2024
76989,FONDO DE INVERSION COLECTIVA ABIERTO CON PACTO DE PERMANENCIA AVANZAR 30 DIAS,62,FIC DE TIPO GENERAL,2024-01-01T00:00:00.000,2024-12-31T00:00:00.000,1464,2024
72413,FONDO DE CAPITAL PRIVADO FONDO PLENTIA INVERSIONES,97,FONDOS DE CAPITAL PRIVADO,2024-01-01T00:00:00.000,2024-12-31T00:00:00.000,366,2024
102634,FONDO DE CAPITAL PRIVADO AQUA COMPARTIMENTO SEIS AQUA VI,63,FONDOS DE CAPITAL PRIVADO,2024-01-01T00:00:00.000,2024-12-31T00:00:00.000,366,2024
13263,FONDO DE CAPITAL PRIVADO PROGRESA CAPITAL EN LIQUIDACIÓN,31,FONDOS DE CAPITAL PRIVADO,2024-01-01T00:00:00.000,2024-10-31T00:00:00.000,305,2024
69940,FCP DEUDA INFRAESTRUCTURA COLOMBIA,31,FONDOS DE CAPITAL PRIVADO,2024-01-01T00:00:00.000,2024-12-31T00:00:00.000,366,2024
59078,FONDO DE INVERSIÓN COLECTIVA DIVERSIFICADO MODERADO,26,FIC DE TIPO GENERAL,2024-01-01T00:00:00.000,2024-12-31T00:00:00.000,732,2024
80042,FONDO DE CAPITAL NEXUS INMOBILIARIO - COMPARTIMENTO INMUEBLES BANCO DE BOGOTÁ,21,FONDOS DE CAPITAL PRIVADO,2024-01-01T00:00:00.000,2024-12-31T00:00:00.000,366,2024
70843,FONDO DE INVERSIÓN COLECTIVA ABIERTO CON PACTO DE PERMANENCIA ALTARENTA,22,FIC DE TIPO GENERAL,2024-01-01T00:00:00.000,2024-12-31T00:00:00.000,732,2024
92656,FONDO DE CAPITAL PRIVADO CARTAMA - COMPARTIMENTO II INVERPALTAS EN LIQUIDACION,31,FONDOS DE CAPITAL PRIVADO,2024-01-01T00:00:00.000,2024-12-31T00:00:00.000,366,2024
112716,FCP CREDICORP CAPITAL DEUDA PRIVADA I,28,FONDOS DE CAPITAL PRIVADO,2024-01-01T00:00:00.000,2024-12-31T00:00:00.000,732,2024
100352,COMPARTIMENTO BANCOLDEX CAPITAL,40,FONDOS DE CAPITAL PRIVADO,2024-01-01T00:00:00.000,2024-12-31T00:00:00.000,366,2024
103328,FONDO DE CAPITAL PRIVADO VID COMPARTIMENTO I MISHPAT,20,FONDOS DE CAPITAL PRIVADO,2024-01-01T00:00:00.000,2024-12-31T00:00:00.000,1464,2024
104231,ITAÚ LATIN AMERICAN CORPORATE CREDIT,23,FIC DE TIPO GENERAL,2024-01-01T00:00:00.000,2024-02-29T00:00:00.000,60,2024
73585,FCP - VALOR FORESTAL - CAUCHO 04 (EN LIQUIDACIÓN),38,FONDOS DE CAPITAL PRIVADO,2024-01-01T00:00:00.000,2024-12-31T00:00:00.000,366,2024
119695,FIC ABIERTO SIN PACTO DE PERMANENCIA ETF 500 US,3,FIC BURSATILES,2024-04-09T00:00:00.000,2024-10-03T00:00:00.000,178,2024
110614,FCP EWA II - COMPARTIMENTO 1,21,FONDOS DE CAPITAL PRIVADO,2024-01-01T00:00:00.000,2024-12-31T00:00:00.000,366,2024
106817,FONDO DE INVERSION COLECTIVA CERRADO INMOBILIARIO PROGRESION RENTAR II,9,FIC INMOBILIARIAS,2024-01-01T00:00:00.000,2024-12-31T00:00:00.000,366,2024
64129,FONDO ASHMORE ANDINO II - FCP COMPARTIMENTO B,16,FONDOS DE CAPITAL PRIVADO,2024-01-01T00:00:00.000,2024-12-31T00:00:00.000,366,2024
102465,FCP STATUM COMPARTIMIENTO I,20,FONDOS DE CAPITAL PRIVADO,2024-01-01T00:00:00.000,2024-12-31T00:00:00.000,366,2024
99379,FONDO DE CAPITAL PRIVADO PLENTIA INVERSIONES COMPARTIMENTO V PP3,97,FONDOS DE CAPITAL PRIVADO,2024-01-01T00:00:00.000,2024-12-31T00:00:00.000,366,2024
95356,CERRADO FACTURAS 120,26,FIC DE TIPO GENERAL,2024-01-01T00:00:00.000,2024-12-31T00:00:00.000,944,2024
29133,FONDO DE INVERSIÓN COLECTIVA ABIERTO FIDUCREDICORP VISTA,59,FIC DE TIPO GENERAL,2024-01-01T00:00:00.000,2024-12-31T00:00:00.000,4758,2024
120941,FCP COLOMBIAN INFRASTRUCTURE EQUITY FUND B (CIEF B),21,FONDOS DE CAPITAL PRIVADO,2024-11-07T00:00:00.000,2024-12-31T00:00:00.000,55,2024
54577,FONDO DE INVERSION COLECTIVA ABIERTO CON PACTO DE PERMANENCIA ARCO IRIS DEUDA PRIVADA,33,FIC DE TIPO GENERAL,2024-01-01T00:00:00.000,2024-12-31T00:00:00.000,366,2024
81931,FCP COLOMBIAN INFRASTRUCTURE EQUITY FUND - CIEF,21,FONDOS DE CAPITAL PRIVADO,2024-01-01T00:00:00.000,2024-12-31T00:00:00.000,366,2024
58735,FONDO DE INVERSION COLECTIVA  ABIERTO ACCIVAL ACCIONES DINAMICO,3,FIC DE TIPO GENERAL,2024-01-01T00:00:00.000,2024-12-31T00:00:00.000,366,2024
116555,FONDO DE CAPITAL PRIVADO PLENTIA INVERSIONES COMPARTIMENTO VI PROARCO,97,FONDOS DE CAPITAL PRIVADO,2024-01-01T00:00:00.000,2024-12-31T00:00:00.000,366,2024
31508,FONDO DE INVERSION COLECTIVA ABIERTO RENTAR 30,18,FIC DE TIPO GENERAL,2024-01-01T00:00:00.000,2024-12-31T00:00:00.000,366,2024
105788,FIC MULTIESTRATEGIA CRECIMIENTO,3,FIC DE TIPO GENERAL,2024-01-01T00:00:00.000,2024-12-31T00:00:00.000,366,2024
89854,FONDO DE CAPITAL PRIVADO YELLOWSTONE  FUND I - COMPARTIMENTO BI,16,FONDOS DE CAPITAL PRIVADO,2024-01-01T00:00:00.000,2024-12-31T00:00:00.000,1098,2024
121579,FCP. STATUM - COMPARTIMENTO IV - BPAC,20,FONDOS DE CAPITAL PRIVADO,2024-09-26T00:00:00.000,2024-12-31T00:00:00.000,97,2024
93761,FONDO DE INVERSION COLECTIVA ABIERTO SIN PACTO DE PERMANENCIA RENTA FIJA RECURRENTE,21,FIC DE TIPO GENERAL,2024-01-01T00:00:00.000,2024-12-31T00:00:00.000,732,2024
121164,FIC RENTA DIGITAL CONSERVADOR,22,FIC DE TIPO GENERAL,2024-08-20T00:00:00.000,2024-12-31T00:00:00.000,134,2024
106310,FCP POR COMPARTIMENTOS ODINSA INFRAESTRUCTURA COMPARTIMENTO A,31,FONDOS DE CAPITAL PRIVADO,2024-01-01T00:00:00.000,2024-12-31T00:00:00.000,366,2024
106315,FCP POR COMPARTIMENTOS ODINSA INFRAESTRUCTURA COMPARTIMENTO C,31,FONDOS DE CAPITAL PRIVADO,2024-01-01T00:00:00.000,2024-12-31T00:00:00.000,366,2024
59008,FONDO DE CAPITAL PRIVADO TC LATAM - COMPARTIMENTO A,26,FONDOS DE CAPITAL PRIVADO,2024-01-01T00:00:00.000,2024-12-31T00:00:00.000,366,2024
9438,FONDO DE INVERSIÓN COLECTIVA ABIERTO SIN PACTO DE PERMANENCIA OCCIRENTA,21,FIC DE TIPO GENERAL,2024-01-01T00:00:00.000,2024-12-31T00:00:00.000,4236,2024
123018,COMPARTIMENTO MADEIRA - FONDO DE CAPITAL PRIVADO LA MONTERA,16,FONDOS DE CAPITAL PRIVADO,2024-12-26T00:00:00.000,2024-12-31T00:00:00.000,6,2024
111869,FONDO DE INVERSIÓN COLECTIVA CERRADO DE NATURALEZA APALANCADA SINTÉTICO TASA FIJA 6.0,26,FIC DE TIPO GENERAL,2024-01-01T00:00:00.000,2024-02-14T00:00:00.000,45,2024
50287,FONDO DE CAPITAL PRIVADO RUTA DEL SOL COMPARTIMENTO B1,16,FONDOS DE CAPITAL PRIVADO,2024-01-01T00:00:00.000,2024-12-31T00:00:00.000,366,2024
117755,FONDO DE CAPITAL PRIVADO ATLAS RENEWABLE ENERGY COLOMBIA COMP I,16,FONDOS DE CAPITAL PRIVADO,2024-01-01T00:00:00.000,2024-12-31T00:00:00.000,732,2024
115981,FCP VALIU - COMPARTIMENTO LOGISTICA,20,FONDOS DE CAPITAL PRIVADO,2024-01-01T00:00:00.000,2024-12-31T00:00:00.000,732,2024
121739,FONDO DE CAPITAL PRIVADO DISTRESSED ASSENT INVESMENT  FCP DAI,9,FONDOS DE CAPITAL PRIVADO,2024-09-20T00:00:00.000,2024-12-31T00:00:00.000,206,2024
115474,COMPART. EDUCAPITAL 1 DEL FCP ALTERNATIVOS PLUS,20,FONDOS DE CAPITAL PRIVADO,2024-01-01T00:00:00.000,2024-12-31T00:00:00.000,732,2024
72906,FONDO DE CAPITAL PRIVADO PALADIN REALTY COLOMBIA COMPARTIMENTO C,26,FONDOS DE CAPITAL PRIVADO,2024-01-01T00:00:00.000,2024-12-31T00:00:00.000,366,2024
90300,FONDO DE INVERSION COLECTIVA ABIERTO CON PACTO DE PERMANENCIA META PLANEADA,21,FIC DE TIPO GENERAL,2024-01-01T00:00:00.000,2024-12-31T00:00:00.000,366,2024
73589,FCP VALOR FORESTAL CAUCHO 8 (EN LIQUIDACIÓN),38,FONDOS DE CAPITAL PRIVADO,2024-01-01T00:00:00.000,2024-12-31T00:00:00.000,366,2024
110177,FCP. HMC WORKING CAPITAL SOLUTIONS COMP I,20,FONDOS DE CAPITAL PRIVADO,2024-01-01T00:00:00.000,2024-08-20T00:00:00.000,699,2024
59014,FONDO DE CAPITAL PRIVADO TC LATAM - COMPARTIMENTO D,26,FONDOS DE CAPITAL PRIVADO,2024-01-01T00:00:00.000,2024-12-31T00:00:00.000,366,2024
75122,COMPARTIMENTO A,25,FONDOS DE CAPITAL PRIVADO,2024-01-01T00:00:00.000,2024-12-31T00:00:00.000,366,2024
102362,FONDO ASHMORE ANDINO III - FCP COMPARTIMENTO A,16,FONDOS DE CAPITAL PRIVADO,2024-01-01T00:00:00.000,2024-12-31T00:00:00.000,732,2024
53962,FONDO DE INVERSION COLECTA ABIERTO CON PACTO DE PERMANENCIA SURA MULTIESTRATEGIA CREDITO COLOMBIA,58,FIC DE TIPO GENERAL,2024-01-01T00:00:00.000,2024-12-31T00:00:00.000,1098,2024
105749,FCP MCL I,21,FONDOS DE CAPITAL PRIVADO,2024-01-01T00:00:00.000,2024-12-31T00:00:00.000,366,2024
112342,CREDICORP CAPITAL OPORTUNIDAD RENTA FIJA III EN LIQUIDACION,28,FIC DE TIPO GENERAL,2024-01-01T00:00:00.000,2024-08-06T00:00:00.000,438,2024
99740,FONDO DE INVERSIÓN COLECTIVA ABIERTO SIN PACTO DE PERMANENCIA ACCION 1525,33,FIC DE TIPO GENERAL,2024-01-01T00:00:00.000,2024-12-31T00:00:00.000,366,2024
50278,FIC COMPARTIMENTO B SECCIÓN I ASHMORE DEL FONDO DE INFRAESTRUCTURA COLOMBIA ASHMORE - FCP,16,FONDOS DE CAPITAL PRIVADO,2024-01-01T00:00:00.000,2024-12-31T00:00:00.000,366,2024
66532,COMPARTIMENTO INMUEBLES I,21,FONDOS DE CAPITAL PRIVADO,2024-01-01T00:00:00.000,2024-12-31T00:00:00.000,366,2024
32436,FONDO DE CAPITAL PRIVADO AMERIGO VENTURES PACIFICO,31,FONDOS DE CAPITAL PRIVADO,2024-01-01T00:00:00.000,2024-12-31T00:00:00.000,366,2024
121414,FONDO DE DEUDA SENIOR PARA INFRAESTRUCTURA CAF-AM ASHMORE II COMP I,16,FONDOS DE CAPITAL PRIVADO,2024-12-19T00:00:00.000,2024-12-31T00:00:00.000,52,2024
59336,FONDO DE INVERSION COLECTIVA ABIERTO CON PACTO DE PERMANENCIA GLOBAL SECURITIES ACCIONES,68,FIC DE TIPO GENERAL,2024-01-01T00:00:00.000,2024-09-06T00:00:00.000,250,2024
91394,FONDO ABIERTO ALIANZA CON PACTO DE PERMANENCIA MÍNIMA DIVERSIFICACIÓN INMOBILIARIA COLOMBIA,16,FIC DE TIPO GENERAL,2024-01-01T00:00:00.000,2024-12-31T00:00:00.000,1825,2024
13534,CARTERA COLECTIVA FONDO DE INVERSION FORESTAL COLOMBIA,39,FONDOS DE CAPITAL PRIVADO,2024-01-01T00:00:00.000,2024-10-10T00:00:00.000,284,2024
106232,FONDO DE CAPITAL PRIVADO CREDITO LIBRANZAS,16,FONDOS DE CAPITAL PRIVADO,2024-01-01T00:00:00.000,2024-12-31T00:00:00.000,366,2024
106816,FONDO DE CAPITAL PRIVADO RENTA INMOBILIARIA,9,FONDOS DE CAPITAL PRIVADO,2024-01-01T00:00:00.000,2024-12-31T00:00:00.000,366,2024
104377,FIC CERRADO RENTA ALTERNATIVO GLOBAL,31,FIC DE TIPO GENERAL,2024-01-01T00:00:00.000,2024-12-31T00:00:00.000,732,2024
80665,FONDO DE CAPITAL PRIVADO INMOBILIARIO POR COMPARTIMIENTOS AZUR - COMPARTIMIENTO NUEVA VISTA,97,FONDOS DE CAPITAL PRIVADO,2024-01-01T00:00:00.000,2024-12-31T00:00:00.000,366,2024
119170,ITAÚ LATIN AMERICAN CORPORATE CREDIT,88,FIC DE TIPO GENERAL,2024-03-01T00:00:00.000,2024-12-31T00:00:00.000,389,2024
118693,FONDO RENTA DIGITAL CRECIMIENTO,22,FIC DE TIPO GENERAL,2024-01-23T00:00:00.000,2024-12-31T00:00:00.000,344,2024
75716,FONDO DE CAPITAL PRIVADO ARMILLA CAPITAL - COMPARTIMENTO INMOBILIARIO COMERCIAL,16,FONDOS DE CAPITAL PRIVADO,2024-01-01T00:00:00.000,2024-12-31T00:00:00.000,366,2024
21080,"F.C.P. KANDEO FUND I (COLOMBIA), FCP (KFIC)",20,FONDOS DE CAPITAL PRIVADO,2024-01-01T00:00:00.000,2024-12-31T00:00:00.000,366,2024
119329,FCP. STATUM COMPARTIMENTO II,20,FONDOS DE CAPITAL PRIVADO,2024-04-09T00:00:00.000,2024-12-31T00:00:00.000,267,2024
118716,FONDO DE INVERSIÓN COLECTIVA SKANDIA CERRADO CAT XXIII,7,FIC DE TIPO GENERAL,2024-01-29T00:00:00.000,2024-02-06T00:00:00.000,9,2024
116425,FCP MCI COMPARTIMENTO B,25,FONDOS DE CAPITAL PRIVADO,2024-01-01T00:00:00.000,2024-12-31T00:00:00.000,366,2024
102495,FONDO DE CAPITAL PRIVADO TC LATAM ESTRUCTURAS INMOBILIARIAS COMPARTIMENTO I,26,FONDOS DE CAPITAL PRIVADO,2024-01-01T00:00:00.000,2024-12-31T00:00:00.000,1098,2024
120833,CORTO PLAZO FONDO DE INVERSIÓN COLECTIVA ABIERTO CON PACTO DE PERMANENCIA,6,FIC DE TIPO GENERAL,2024-07-08T00:00:00.000,2024-12-31T00:00:00.000,177,2024
9452,FONDO DE INVERSIÓN COLECTIVA ABIERTO CON PACTO DE PERMANENCIA META CRECIMIENTO,21,FIC DE TIPO GENERAL,2024-01-01T00:00:00.000,2024-12-31T00:00:00.000,366,2024
58954,ALTRA - FONDO DE CAPITAL PRIVADO ALTRA FCP 1 EN LIQUIDACION,26,FONDOS DE CAPITAL PRIVADO,2024-01-01T00:00:00.000,2024-12-31T00:00:00.000,366,2024
88966,FONDO DE CAPITAL PRIVADO INMOBILIARIO SERVITRUST GNB SUDAMERIS,34,FONDOS DE CAPITAL PRIVADO,2024-01-01T00:00:00.000,2024-12-31T00:00:00.000,366,2024
114857,FONDO DE INVERSIÓN COLECTIVA CERRADO ALTERNATIVA PLAZO FIJO IV,21,FIC DE TIPO GENERAL,2024-01-01T00:00:00.000,2024-02-05T00:00:00.000,36,2024
66857,FONDO DE CAPITAL PRIVADO LA MONTERA COMPARTIMENTO ALEJANDRIA,16,FONDOS DE CAPITAL PRIVADO,2024-01-01T00:00:00.000,2024-12-31T00:00:00.000,366,2024
67673,COMPARTIMENTO C DEL FCP AVENIDA COLOMBIA PEF,20,FONDOS DE CAPITAL PRIVADO,2024-01-01T00:00:00.000,2024-12-31T00:00:00.000,366,2024
99575,FONDO MERCADO DE REDUCCIÓN DE EMISIONES - FORE,3,FONDOS DE CAPITAL PRIVADO,2024-01-01T00:00:00.000,2024-12-31T00:00:00.000,732,2024
95663,FONDO DE CAPITAL PRIVADO INMOBILIARIO PENNY LANE CAPITAL COMPARTIMENTO I,16,FONDOS DE CAPITAL PRIVADO,2024-01-01T00:00:00.000,2024-12-31T00:00:00.000,732,2024
71191,COMPARTIMENTO SQF- FCP INVERLINK EST INMOBILIARIAS,16,FONDOS DE CAPITAL PRIVADO,2024-01-01T00:00:00.000,2024-12-31T00:00:00.000,366,2024
59740,FONDO DE INVERSION COLECTIVA ABIERTO RENTA SOSTENIBLE GLOBAL,22,FIC DE TIPO GENERAL,2024-01-01T00:00:00.000,2024-12-31T00:00:00.000,1053,2024
50410,FONDO DE CAPITAL PRIVADO TRIBECA NATURAL RESOURCES FUND COMP. A TRIBECA NATURAL RESOURCES,16,FONDOS DE CAPITAL PRIVADO,2024-01-01T00:00:00.000,2024-12-31T00:00:00.000,366,2024
106866,COMPART. LIBRANZAS DEL FCP PRIVADO ALTERNATIVOS PLUS,20,FONDOS DE CAPITAL PRIVADO,2024-01-01T00:00:00.000,2024-12-31T00:00:00.000,732,2024
11407,CARTERA COLECTIVA ABIERTA DE ALTA LIQUIDEZ,12,FIC DE MERCADO MONETARIO,2024-01-01T00:00:00.000,2024-12-31T00:00:00.000,1601,2024
103927,F.I.C. A. LIQUIDEZ 1525 PLUS,20,FIC DE MERCADO MONETARIO,2024-01-01T00:00:00.000,2024-12-31T00:00:00.000,561,2024
58877,FONDO DE INVERSION COLECTIVA ABIERTO CON PACTO DE PERMANENCIA BTG PACTUAL RENTA FIJA COLOMBIA,14,FIC DE TIPO GENERAL,2024-01-01T00:00:00.000,2024-12-31T00:00:00.000,1830,2024
106313,FCP POR COMPARTIMENTOS ODINSA INFRAESTRUCTURA COMPARTIMENTO B,31,FONDOS DE CAPITAL PRIVADO,2024-01-01T00:00:00.000,2024-12-31T00:00:00.000,366,2024
88922,F.C.P CATTLEYA  - COMPARTIMENTO 2,20,FONDOS DE CAPITAL PRIVADO,2024-01-01T00:00:00.000,2024-12-31T00:00:00.000,1830,2024
73583,FCP - VALOR FORESTAL - CAUCHO 03(EN LIQUIDACIÓN),38,FONDOS DE CAPITAL PRIVADO,2024-01-01T00:00:00.000,2024-12-31T00:00:00.000,366,2024
58927,CREDICORP CAPITAL BALANCEADO III,28,FIC DE TIPO GENERAL,2024-01-01T00:00:00.000,2024-12-31T00:00:00.000,366,2024
97466,FONDO ABIERTO CON PACTO DE PERMANENCIA RENOVABLE ALTERNATIVOS ALIANZA,16,FIC DE TIPO GENERAL,2024-01-01T00:00:00.000,2024-12-31T00:00:00.000,2562,2024
106810,FONDO DE INVERSIÓN COLECTIVA CERRADO PROGRESIÓN RENTAPLÚS,9,FIC DE TIPO GENERAL,2024-01-01T00:00:00.000,2024-12-31T00:00:00.000,366,2024
59500,CARTERA COLECTIVA ESCALONADA INTERBOLSA CREDIT,68,FIC DE TIPO GENERAL,2024-01-01T00:00:00.000,2024-09-06T00:00:00.000,250,2024
72485,FONDO DE INVERSION COLECTIVA RENTA 4 GLOBAL VISTA,63,FIC DE TIPO GENERAL,2024-01-01T00:00:00.000,2024-12-31T00:00:00.000,2196,2024
112335,FONDO CERRADO ALIANZA ESTRUCTURADO RENTA FIJA & ECOPETROL,16,FIC DE TIPO GENERAL,2024-01-01T00:00:00.000,2024-06-11T00:00:00.000,928,2024
90278,FONDO DE INVERSIÓN COLECTIVA INMOBILIARIO SIRENTA,3,FIC INMOBILIARIAS,2024-01-01T00:00:00.000,2024-12-31T00:00:00.000,366,2024
85172,FONDO DE CAPITAL PRIVADO AQUA COMPARTIMENTO TRES AQUA III,63,FONDOS DE CAPITAL PRIVADO,2024-01-01T00:00:00.000,2024-12-31T00:00:00.000,732,2024
73963,FONDO DE INVERSION COLECTIVA ABIERTO CON PACTO DE PERMANENCIA RENTA FIJA DINAMICA,21,FIC DE TIPO GENERAL,2024-01-01T00:00:00.000,2024-12-31T00:00:00.000,366,2024
102610,FONDO CERRADO SENTENCIAS NACIÓN II ALIANZA,16,FIC DE TIPO GENERAL,2024-01-01T00:00:00.000,2024-12-31T00:00:00.000,1098,2024
50261,FONDO DE CAPITAL PRIVADO INVERLINK ESTRUCTURAS INMOBILIARIAS COMPARTIMENTO UNO TIPO DE UNIDAD A,16,FONDOS DE CAPITAL PRIVADO,2024-01-01T00:00:00.000,2024-12-31T00:00:00.000,366,2024
76414,F.I.C. ACCIONES PLUS,20,FIC DE TIPO GENERAL,2024-01-01T00:00:00.000,2024-12-31T00:00:00.000,366,2024
117569,FONDO CERRADO ALIANZA ALTERNATIVOS LOCAL LARGO PLAZO 7 AÑOS,16,FIC DE TIPO GENERAL,2024-01-04T00:00:00.000,2024-12-31T00:00:00.000,1083,2024
69368,FONDO DE INVERSIÓN COLECTIVA ABIERTO CON PACTO DE PERMANENCIA BBVA AM ESTRATEGIA BALANCEADO GLOBAL,3,FIC DE TIPO GENERAL,2024-01-01T00:00:00.000,2024-12-31T00:00:00.000,366,2024
77640,FCP - VALOR INMOBILIARIO - TERMINALES LOGÍSTICOS DE COLOMBIA - BOGOTA,38,FONDOS DE CAPITAL PRIVADO,2024-01-01T00:00:00.000,2024-12-31T00:00:00.000,1098,2024
122754,FCP DEUDA INFRAESTRUCTURA III CREDICORP CAPITAL SURA,28,FONDOS DE CAPITAL PRIVADO,2024-11-28T00:00:00.000,2024-12-31T00:00:00.000,68,2024
114910,FONDO DE CAPITAL PRIVADO DAVIVIENDA CORREDORES - DEUDA COMPARTIMENTO DEUDA COLOMBIA I,26,FONDOS DE CAPITAL PRIVADO,2024-01-01T00:00:00.000,2024-12-31T00:00:00.000,732,2024
93229,CREDICORP CAPITAL FACTORING,28,FIC DE TIPO GENERAL,2024-01-01T00:00:00.000,2024-12-31T00:00:00.000,788,2024
114017,FCP POR COMPARTIMENTOS ODINSA INFRAESTRUCTURA - COMPARTIMENTO D,31,FONDOS DE CAPITAL PRIVADO,2024-01-01T00:00:00.000,2024-12-31T00:00:00.000,366,2024
108266,FONDO DE INVERSION COLECTIVA ABIERTO LIQUIDEZ DOLAR,26,FIC DE TIPO GENERAL,2024-01-01T00:00:00.000,2024-12-31T00:00:00.000,366,2024
61583,UNIVERSITAS  FONDO DE INVERSION  COLECTIVA ABIERTO CON  PACTO DE  PERMANENCIA,6,FIC DE TIPO GENERAL,2024-01-01T00:00:00.000,2024-12-31T00:00:00.000,366,2024
94909,FONDO DE CAPITAL PRIVADO TAURUS CAPITAL COMPARTIMENTO UNO,68,FONDOS DE CAPITAL PRIVADO,2024-01-01T00:00:00.000,2024-09-06T00:00:00.000,250,2024
59523,FCP EMPRENDIMIENTO E INNOVACION S P - EN LIQUIDACIÓN,28,FONDOS DE CAPITAL PRIVADO,2024-01-01T00:00:00.000,2024-12-26T00:00:00.000,361,2024
121580,FIC BTG PACTUAL MGC EFICIENTE USD,14,FIC DE TIPO GENERAL,2024-09-03T00:00:00.000,2024-12-31T00:00:00.000,469,2024
59012,FONDO DE CAPITAL PRIVADO TC LATAM - COMPARTIMENTO C,26,FONDOS DE CAPITAL PRIVADO,2024-01-01T00:00:00.000,2024-12-31T00:00:00.000,366,2024
59304,FONDO DE INVERSION COLECTIVA ABIERTO RENTA LIQUIDEZ,22,FIC DE TIPO GENERAL,2024-01-01T00:00:00.000,2024-12-31T00:00:00.000,2508,2024
115387,FONDO DE INVERSIÓN COLECTIVA SKANDIA CERRADO CAT XX,7,FIC DE TIPO GENERAL,2024-01-01T00:00:00.000,2024-03-18T00:00:00.000,300,2024
63935,FONDO DE INVERSIÓN COLECTIVA INMOBILIARIO DESARROLLO COLOMBIA I,26,FIC INMOBILIARIAS,2024-01-01T00:00:00.000,2024-11-20T00:00:00.000,325,2024
118898,FONDO BURSÁTIL GLOBAL X TES COLOMBIA COP GBI EM ID ETF,22,FIC BURSATILES,2024-03-19T00:00:00.000,2024-12-31T00:00:00.000,288,2024
95409,FONDO DE INVERSIÓN COLECTIVA CERRADO SURA LIBRANZAS I,58,FIC DE TIPO GENERAL,2024-01-01T00:00:00.000,2024-12-31T00:00:00.000,1098,2024
116459,FONDO DE INVERSIÓN COLECTIVA SKANDIA CERRADO CAT XXI,7,FIC DE TIPO GENERAL,2024-01-01T00:00:00.000,2024-02-05T00:00:00.000,89,2024
122687,FONDO DE CAPITAL PRIVADO GRUPO PEGASUS COLOMBIA FONDO II -COMPARTIMENTO IRIS,26,FONDOS DE CAPITAL PRIVADO,2024-11-29T00:00:00.000,2024-12-31T00:00:00.000,56,2024
112664,FONDO DE INVERSION COLECTIVA CERRADO ACCIVAL RENTA FIJA 12M PLUS,3,FIC DE TIPO GENERAL,2024-01-01T00:00:00.000,2024-03-11T00:00:00.000,71,2024
103702,FONDO BLACKROCK DEUDA INFRAESTRUCTURA COLOMBIA II,31,FONDOS DE CAPITAL PRIVADO,2024-01-01T00:00:00.000,2024-12-31T00:00:00.000,366,2024
78886,FONDO DE INVERSIÓN COLECTIVA RENTA FIJA LARGO PLAZO,26,FIC DE TIPO GENERAL,2024-01-01T00:00:00.000,2024-12-31T00:00:00.000,672,2024
73581,FCP VALOR FORESTAL CAUCHO 2 (EN LIQUIDACIÓN),38,FONDOS DE CAPITAL PRIVADO,2024-01-01T00:00:00.000,2024-12-31T00:00:00.000,366,2024
98414,FCP. CATTLEYA COMPATIMENTO 4,20,FONDOS DE CAPITAL PRIVADO,2024-01-01T00:00:00.000,2024-12-31T00:00:00.000,1098,2024
73593,FCP VALOR FORESTAL CACAO 01 (EN LIQUIDACIÓN),38,FONDOS DE CAPITAL PRIVADO,2024-01-01T00:00:00.000,2024-12-31T00:00:00.000,366,2024
61653,RENDIR FONDO DE INVERSION COLECTIVA ABIERTO,6,FIC DE TIPO GENERAL,2024-01-01T00:00:00.000,2024-12-31T00:00:00.000,366,2024
63301,FONDO DE INVERSION COLECTIVA ABIERTO RENTA ALTA CONVICCION,22,FIC DE TIPO GENERAL,2024-01-01T00:00:00.000,2024-12-31T00:00:00.000,1073,2024
121643,FONDO DE INVERSION COLECTIVA ABIERTO CON PACTO DE PERMANENCIA  ACCIONES,9,FIC DE TIPO GENERAL,2024-09-07T00:00:00.000,2024-12-31T00:00:00.000,116,2024
66082,FONDO DE INVERSIÓN COLECTIVA INMOBILIARIO DE RENTA DAVIVIENDA CORREDORES,26,FIC INMOBILIARIAS,2024-01-01T00:00:00.000,2024-12-31T00:00:00.000,366,2024
71258,FONDO DE INVERSION COLECTIVA ABIERTO CON PACTO DE PERMANENCIA BTG PACTUAL ACCIONES INTERNACIONALES,14,FIC DE TIPO GENERAL,2024-01-01T00:00:00.000,2024-12-31T00:00:00.000,1359,2024
98186,FIC BBVA VALORES MONEY MARKET,27,FIC DE MERCADO MONETARIO,2024-01-01T00:00:00.000,2024-12-31T00:00:00.000,732,2024
109469,FONDO DE CAPITAL PRIVADO IMPACTA,21,FONDOS DE CAPITAL PRIVADO,2024-01-01T00:00:00.000,2024-12-31T00:00:00.000,366,2024
51959,FONDO DE INVERSIÓN COLECTIVA SKANDIA MULTIPLAZO,7,FIC DE TIPO GENERAL,2024-01-01T00:00:00.000,2024-12-31T00:00:00.000,4395,2024
115734,FONDO DE INVERSIÓN COLECTIVA ABIERTO CON PACTO DE PERMANENCIA SCOTIA DEUDA PÚBLICA COLOMBIA,25,FIC DE TIPO GENERAL,2024-01-01T00:00:00.000,2024-12-31T00:00:00.000,2196,2024
71323,FCP FUTURO INMOBILIARIO COMPARTIMENTO II - VIVIENDA,16,FONDOS DE CAPITAL PRIVADO,2024-01-01T00:00:00.000,2024-12-31T00:00:00.000,732,2024
106811,FONDO DE CAPITAL PRIVADO MEDICAL,9,FONDOS DE CAPITAL PRIVADO,2024-01-01T00:00:00.000,2024-12-31T00:00:00.000,366,2024
76407,FONDO DE CAPITAL PRIVADO MALLPLAZA - COMPARTIMENTO UNO,26,FONDOS DE CAPITAL PRIVADO,2024-01-01T00:00:00.000,2024-12-31T00:00:00.000,366,2024
99250,COMPARTIMENTO NANTES INVERSIONES - FONDO DE CAPITAL PRIVADO LA MONTERA,16,FONDOS DE CAPITAL PRIVADO,2024-01-01T00:00:00.000,2024-12-31T00:00:00.000,366,2024
121149,FIC RENTA DIGITAL MODERADO,22,FIC DE TIPO GENERAL,2024-08-20T00:00:00.000,2024-12-31T00:00:00.000,134,2024
115128,FIC ABIERTO ACCICUENTA MAYOR RIESGO,3,FIC DE TIPO GENERAL,2024-01-01T00:00:00.000,2024-12-31T00:00:00.000,366,2024
58134,FONDO DE INVERSION COLECTIVA FONDO GNB ABIERTO,34,FIC DE TIPO GENERAL,2024-01-01T00:00:00.000,2024-12-31T00:00:00.000,831,2024
104027,FONDO DE CAPITAL PRIVADO LIBRANZAS COLOMBIA,16,FONDOS DE CAPITAL PRIVADO,2024-01-01T00:00:00.000,2024-12-31T00:00:00.000,366,2024
118007,FCP STATUM COMPARTIMENTO III ? BPAC,20,FONDOS DE CAPITAL PRIVADO,2024-01-01T00:00:00.000,2024-12-31T00:00:00.000,366,2024
114986,FONDO DE INVERSIÓN COLECTIVA ABIERTO FIDUCUENTA DÓLARES,22,FIC DE TIPO GENERAL,2024-01-01T00:00:00.000,2024-12-31T00:00:00.000,366,2024
106814,FONDO DE INVERSION COLECTIVA CERRADO INMOBILIARIO PROGRESIÓN RENTAR 2015,9,FIC INMOBILIARIAS,2024-01-01T00:00:00.000,2024-12-31T00:00:00.000,366,2024
11427,CARTERA COLECTIVA ABIERTA EFECTIVO A LA VISTA,12,FIC DE TIPO GENERAL,2024-01-01T00:00:00.000,2024-12-31T00:00:00.000,2196,2024
73590,FCP - VALOR FORESTAL - CAUCHO 09 (EN LIQUIDACIÓN),38,FONDOS DE CAPITAL PRIVADO,2024-01-01T00:00:00.000,2024-12-31T00:00:00.000,366,2024
101471,FIC SURA RENTA FIJA COLOMBIA,58,FIC DE TIPO GENERAL,2024-01-01T00:00:00.000,2024-12-31T00:00:00.000,732,2024
50276,FIC COMPARTIMENTO A SECCIÓN I ASHMORE DEL FONDO DE INFRAESTRUCTURA COLOMBIA ASHMORE - FCP,16,FONDOS DE CAPITAL PRIVADO,2024-01-01T00:00:00.000,2024-12-31T00:00:00.000,366,2024
106820,FONDO DE CAPITAL PRIVADO RED HOSPITALARIA COLOMBIA,9,FONDOS DE CAPITAL PRIVADO,2024-01-01T00:00:00.000,2024-12-31T00:00:00.000,366,2024
34630,FONDO DE INFRAESTRUCTURA BROOKFIELD COLOMBIA - SUBCOMPARTIMENTO LP,16,FONDOS DE CAPITAL PRIVADO,2024-01-01T00:00:00.000,2024-12-31T00:00:00.000,366,2024
121642,FONDO DE INVERSION COLECTIVA ABIERTO GLOBAL VISTA,9,FIC DE TIPO GENERAL,2024-09-07T00:00:00.000,2024-12-31T00:00:00.000,116,2024
69537,FONDO DE INVERSION COLECTIVA ABIERTO FIC 600,39,FIC DE TIPO GENERAL,2024-01-01T00:00:00.000,2024-12-31T00:00:00.000,5075,2024
117765,FIC SURA CREDITO PRIVADO II,58,FIC DE TIPO GENERAL,2024-01-01T00:00:00.000,2024-12-31T00:00:00.000,366,2024
73586,FCP - VALOR FORESTAL - CAUCHO 05(EN LIQUIDACIÓN),38,FONDOS DE CAPITAL PRIVADO,2024-01-01T00:00:00.000,2024-12-31T00:00:00.000,366,2024
50411,FONDO DE CAPITAL PRIVADO TRIBECA NATURAL RESOURCES FUND COMP. B TRIBECA NATURAL RESOURCES,16,FONDOS DE CAPITAL PRIVADO,2024-01-01T00:00:00.000,2024-12-31T00:00:00.000,366,2024
81088,FCP NEXUS COMP INMUEBLES ALPOPULAR,21,FONDOS DE CAPITAL PRIVADO,2024-01-01T00:00:00.000,2024-12-31T00:00:00.000,366,2024
27283,FONDO DE INFRAESTRUCTURA BROOKFIELD COLOMBIA - COMPARTIMENTO II,16,FONDOS DE CAPITAL PRIVADO,2024-01-01T00:00:00.000,2024-12-31T00:00:00.000,366,2024
114991,FONDO DE CAPITAL PRIVADO AVISILVER COMPARTIMENTO II,16,FONDOS DE CAPITAL PRIVADO,2024-01-01T00:00:00.000,2024-10-30T00:00:00.000,576,2024
59079,FIC ACCIONES GLOBALES,26,FIC DE TIPO GENERAL,2024-01-01T00:00:00.000,2024-12-31T00:00:00.000,1038,2024
59950,CPVAL TERMICO - EN LIQUIDACIÓN,28,FONDOS DE CAPITAL PRIVADO,2024-01-01T00:00:00.000,2024-12-31T00:00:00.000,366,2024
115466,FONDO CERRADO ALIANZA ESTRUCTURADO RENTA FIJA & PEI NO 2,16,FIC DE TIPO GENERAL,2024-01-01T00:00:00.000,2024-06-27T00:00:00.000,1074,2024
10026,FONDO DE INVERSION COLECTIVA SUPERIOR,42,FIC DE TIPO GENERAL,2024-01-01T00:00:00.000,2024-12-31T00:00:00.000,2595,2024
116353,FONDO DE INVERSIÓN COLECTIVA CERRADO INTELIGENCIA ARTIFICIAL CON CAPITAL PROTEGIDO,26,FIC DE TIPO GENERAL,2024-01-01T00:00:00.000,2024-12-31T00:00:00.000,732,2024
122574,FONDO DE INVERSIÓN COLECTIVA ABIERTO RENTA DIGITAL ALTO CRECIMIENTO,22,FIC DE TIPO GENERAL,2024-12-05T00:00:00.000,2024-12-31T00:00:00.000,27,2024
2852,FONDO DE INVERSIÓN COLECTIVA ABIERTO FIDUCUENTA,31,FIC DE TIPO GENERAL,2024-01-01T00:00:00.000,2024-12-31T00:00:00.000,366,2024
28080,FONDO DE CAPITAL PRIVADO NEXUS INFRAESTRUCTURA I FCP - COMPARTIMENTO B EN LIQUIDACION,31,FONDOS DE CAPITAL PRIVADO,2024-01-01T00:00:00.000,2024-12-31T00:00:00.000,366,2024
60275,FONDO DE INVERSION COLECTIVA ABIERTO RENTAVAL,91,FIC DE TIPO GENERAL,2024-01-01T00:00:00.000,2024-12-31T00:00:00.000,366,2024
58247,FONDO DE DEUDA SENIOR PARA INFRAESTRUCTURA EN COLOMBIA CAF ASHMORE I,16,FONDOS DE CAPITAL PRIVADO,2024-01-01T00:00:00.000,2024-12-31T00:00:00.000,366,2024
74094,"FONDO DE CAPITAL PRIVADO INMOBILIARIO POR COMPARTIMENTOS AZUR, COMPARTIMENTO BLOCPORT",97,FONDOS DE CAPITAL PRIVADO,2024-01-01T00:00:00.000,2024-12-31T00:00:00.000,366,2024
3644,FONDO DE INVERSIÓN COLECTIVA ABIERTO RENTA ACCIONES LATAM,31,FIC DE TIPO GENERAL,2024-01-01T00:00:00.000,2024-12-31T00:00:00.000,1098,2024
44227,FONDO DE CAPITAL PRIVADO VELUM EARLY STAGE FUND I,23,FONDOS DE CAPITAL PRIVADO,2024-01-01T00:00:00.000,2024-11-18T00:00:00.000,323,2024
102364,FONDO ASHMORE ANDINO III - FCP COMPARTIMENTO C,16,FONDOS DE CAPITAL PRIVADO,2024-01-01T00:00:00.000,2024-12-31T00:00:00.000,732,2024
99251,COMPARTIMENTO ASIS INVEST - FONDO DE CAPITAL PRIVADO LA MONTERA,16,FONDOS DE CAPITAL PRIVADO,2024-01-01T00:00:00.000,2024-12-31T00:00:00.000,366,2024
79146,COMPARTIMENTO SENIOR LIVING I FCP SURA AM INMOBILIARIO,31,FONDOS DE CAPITAL PRIVADO,2024-01-01T00:00:00.000,2024-12-31T00:00:00.000,366,2024
59328,FONDO DE INVERSION COLECTIVA ABIERTO GLOBAL VISTA,68,FIC DE TIPO GENERAL,2024-01-01T00:00:00.000,2024-09-06T00:00:00.000,250,2024
113657,FONDO DE INVERSIÓN COLECTIVA DIVERSIFICADO ARRIESGADO,26,FIC DE TIPO GENERAL,2024-01-01T00:00:00.000,2024-07-25T00:00:00.000,207,2024
11014,FONDO DE INVERSIÓN COLECTIVA ABIERTO SIN PACTO DE PERMANENCIA ACCION UNO,33,FIC DE TIPO GENERAL,2024-01-01T00:00:00.000,2024-12-31T00:00:00.000,366,2024
116926,FONDO CERRADO ALIANZA ALTERNATIVOS LOCAL MEDIANO PLAZO 5 AÑOS,16,FIC DE TIPO GENERAL,2024-10-02T00:00:00.000,2024-12-31T00:00:00.000,246,2024
58750,FONDO DE INVERSION COLECTIVA CERRADA OCCIDECOL,21,FIC DE TIPO GENERAL,2024-01-01T00:00:00.000,2024-12-31T00:00:00.000,366,2024
77050,FONDO DE CAPITAL PRIVADO MALLPLAZA - COMPARTIMENTO FARO INMOBILIARIO,26,FONDOS DE CAPITAL PRIVADO,2024-01-01T00:00:00.000,2024-12-31T00:00:00.000,366,2024
97588,FONDO DE INVERSIÓN COLECTIVA CERRADO SENTENCIAS NACIÓN ALIANZA,16,FIC DE TIPO GENERAL,2024-01-01T00:00:00.000,2024-12-31T00:00:00.000,1464,2024
59501,INMOVAL FONDO INMOBILIARIO,28,FIC INMOBILIARIAS,2024-01-01T00:00:00.000,2024-12-31T00:00:00.000,366,2024
74174,COMPARTIMENTO B FCP AVENIDA COLOMBIA PEF II,20,FONDOS DE CAPITAL PRIVADO,2024-01-01T00:00:00.000,2024-12-31T00:00:00.000,1830,2024
58883,CREDICORP CAPITAL DEUDA CORPORATIVA,28,FIC DE TIPO GENERAL,2024-01-01T00:00:00.000,2024-12-31T00:00:00.000,1098,2024
90303,FONDO DE INVERSION COLECTIVA ABIERTO CON PACTO DE PERMANENCIA META DECIDIDA,21,FIC DE TIPO GENERAL,2024-01-01T00:00:00.000,2024-12-31T00:00:00.000,366,2024
66528,COMPARTIMENTO ALIMENTOS VALUARY,21,FONDOS DE CAPITAL PRIVADO,2024-01-01T00:00:00.000,2024-12-31T00:00:00.000,366,2024
3049,FONDO DE INVERSION COLECTIVA ABIERTO CON PACTO DE PERMANENCIA PLAN SEMILLA,31,FIC DE TIPO GENERAL,2024-01-01T00:00:00.000,2024-12-31T00:00:00.000,366,2024
93625,FONDO DE INVERSION COLECTIVA ABIERTO RENTA FUTURO,22,FIC DE TIPO GENERAL,2024-01-01T00:00:00.000,2024-12-31T00:00:00.000,1060,2024
122444,FONDO DE INVERSIÓN COLECTIVA FINCA RAÍZ INTERNACIONAL,26,FIC DE TIPO GENERAL,2024-11-27T00:00:00.000,2024-12-31T00:00:00.000,35,2024
11356,FONDO DE INVERSIÓN COLECTIVA ABIERTO FIDULIQUIDEZ,18,FIC DE TIPO GENERAL,2024-01-01T00:00:00.000,2024-12-31T00:00:00.000,2196,2024
96938,FONDO DE CAPITAL PRIVADO CATTLEYA COMPATIMENTO 3,20,FONDOS DE CAPITAL PRIVADO,2024-01-01T00:00:00.000,2024-12-31T00:00:00.000,732,2024
10648,FONDO DE INVERSION COLECTIVA ABIERTO ITAU MONEY MARKET,23,FIC DE TIPO GENERAL,2024-01-01T00:00:00.000,2024-02-29T00:00:00.000,360,2024
115478,FONDO DE CAPITAL PRIVADO  YELLOWSTONE FLAGSHIP OPPORTUNITY FUND IV,16,FONDOS DE CAPITAL PRIVADO,2024-11-21T00:00:00.000,2024-12-31T00:00:00.000,205,2024
60678,FONDO BURSÁTIL ISHARES  MSCI COLCAP,73,FIC BURSATILES,2024-01-01T00:00:00.000,2024-12-31T00:00:00.000,366,2024
59009,FONDO DE CAPITAL PRIVADO TC LATAM - COMPARTIMENTO B,26,FONDOS DE CAPITAL PRIVADO,2024-01-01T00:00:00.000,2024-12-31T00:00:00.000,366,2024
58347,FIC INTERÉS,26,FIC DE TIPO GENERAL,2024-01-01T00:00:00.000,2024-12-31T00:00:00.000,2040,2024
113258,FONDO DE INVERSION COLECTIVA CERRADO ALTERNATIVA PLAZO FIJO III,21,FIC DE TIPO GENERAL,2024-01-01T00:00:00.000,2024-06-11T00:00:00.000,163,2024
65734,FONDO DE CAPITAL PRIVADO TC LATAM - COMPARTIMENTO G TC LATAM,26,FONDOS DE CAPITAL PRIVADO,2024-01-01T00:00:00.000,2024-12-31T00:00:00.000,366,2024
3814,FONDO DE INVERSIÓN COLECTIVA ABIERTO RENTA FIJA PLAZO,31,FIC DE TIPO GENERAL,2024-01-01T00:00:00.000,2024-12-31T00:00:00.000,658,2024
58948,FONDO DE CAPITAL PRIVADO ENERGETICO - COMPARTIMENTO C,26,FONDOS DE CAPITAL PRIVADO,2024-01-01T00:00:00.000,2024-12-31T00:00:00.000,366,2024
88247,FONDO DE CAPITAL PRIVADO INMOBILIARIO CCLA - COMPARTIMENTO VIVIENDA URBANA EN ARRIENDO I,16,FONDOS DE CAPITAL PRIVADO,2024-01-01T00:00:00.000,2024-06-26T00:00:00.000,712,2024
9453,FONDO DE INVERSIÓN COLECTIVA ABIERTO SIN PACTO DE PERMANENCIA OCCITESOROS,21,FIC DE TIPO GENERAL,2024-01-01T00:00:00.000,2024-12-31T00:00:00.000,3510,2024
66651,FONDO INMOBILIARIO FIDUPAÍS FIC CERRADO NO. 2 EN DERECHOS FIDUCIARIOS SOBRE INMUEBLES,68,FIC INMOBILIARIAS,2024-01-01T00:00:00.000,2024-08-21T00:00:00.000,234,2024
77049,FONDO DE CAPITAL PRIVADO MALLPLAZA - COMPARTIMENTO AS,26,FONDOS DE CAPITAL PRIVADO,2024-01-01T00:00:00.000,2024-12-31T00:00:00.000,366,2024
121640,FONDO DE INVERSION COLECTIVA CERRADO CREDIT OPPORTUNITIES FUND TITULOS VALORES,9,FIC DE TIPO GENERAL,2024-09-07T00:00:00.000,2024-12-31T00:00:00.000,116,2024
71846,FCP 4G CREDICORP CAPITAL - SURA AM COMP LIQUIDEZ I,28,FONDOS DE CAPITAL PRIVADO,2024-01-01T00:00:00.000,2024-12-31T00:00:00.000,1098,2024
50272,FONDO DE CAPITAL PRIVADO RUTA DEL SOL COMPARTIMENTO A1,16,FONDOS DE CAPITAL PRIVADO,2024-01-01T00:00:00.000,2024-12-31T00:00:00.000,366,2024
109806,FCP NEXUS - COMPARTIMENTO INMUEBLES AV VILLAS - CORFICOLOMBIANA,21,FONDOS DE CAPITAL PRIVADO,2024-01-01T00:00:00.000,2024-12-31T00:00:00.000,366,2024
102363,FONDO ASHMORE ANDINO III - FCP COMPARTIMENTO B,16,FONDOS DE CAPITAL PRIVADO,2024-01-01T00:00:00.000,2024-12-31T00:00:00.000,1098,2024
13174,F.I.C. A. MERCADO MONETARIO CONFIANZA PLUS,20,FIC DE MERCADO MONETARIO,2024-01-01T00:00:00.000,2024-12-31T00:00:00.000,1222,2024
112099,FONDO DE CAPITAL PRIVADO POR COMPARTIMENTOS AVANTI,9,FONDOS DE CAPITAL PRIVADO,2024-01-01T00:00:00.000,2024-12-31T00:00:00.000,366,2024
59381,FONDO DE CAPITAL PRIVADO ESCALA CAPITAL CLASE GP EN LIQUIDACIÓN,22,FONDOS DE CAPITAL PRIVADO,2024-01-01T00:00:00.000,2024-03-11T00:00:00.000,66,2024
120187,FONDO CERRADO ALIANZA SENTENCIAS NACIÓN NO 5,16,FIC DE TIPO GENERAL,2024-06-14T00:00:00.000,2024-12-31T00:00:00.000,738,2024
65875,FIC FONDO DE SEGURIDAD BOLIVAR,42,FIC DE TIPO GENERAL,2024-01-01T00:00:00.000,2024-12-31T00:00:00.000,366,2024
58918,CREDICORP CAPITAL ACCIONES GLOBALES,28,FIC DE TIPO GENERAL,2024-01-01T00:00:00.000,2024-12-31T00:00:00.000,732,2024
73592,FCP VALOR FORESTAL CAUCHO 11 (EN LIQUIDACIÓN),38,FONDOS DE CAPITAL PRIVADO,2024-01-01T00:00:00.000,2024-12-31T00:00:00.000,366,2024
106813,FONDO DE INVERSIÓN COLECTIVA RENTA FIJA ABIERTO CON PACTO DE PERMANENCIA MEDIANO PLAZO,9,FIC DE TIPO GENERAL,2024-01-01T00:00:00.000,2024-12-31T00:00:00.000,366,2024
113006,FCP. CATTLEYA COMPATIMENTO 5,20,FONDOS DE CAPITAL PRIVADO,2024-01-01T00:00:00.000,2024-12-31T00:00:00.000,732,2024
106749,FIC SURA CREDITO PRIVADO III,58,FIC DE TIPO GENERAL,2024-01-01T00:00:00.000,2024-12-31T00:00:00.000,711,2024
9645,F.I.C. CON PACTO DE PERMANENCIA CAPITAL PLUS,20,FIC DE TIPO GENERAL,2024-01-01T00:00:00.000,2024-12-31T00:00:00.000,366,2024
8742,FIC ABIERTO BBVA FAM CON PARTICIPACIONES DIFERENCIALES,3,FIC DE TIPO GENERAL,2024-01-01T00:00:00.000,2024-12-31T00:00:00.000,2562,2024
3078,FONDO DE INVERSIÓN COLECTIVA ABIERTO RENTA BALANCEADO,31,FIC DE TIPO GENERAL,2024-01-01T00:00:00.000,2024-12-31T00:00:00.000,366,2024
123120,FONDO DE INVERSIÓN COLECTIVA EVOLUCIÓN 1525,39,FIC DE TIPO GENERAL,2024-12-19T00:00:00.000,2024-12-31T00:00:00.000,18,2024
120909,RETIRO FONDO DE INVERSIÓN COLECTIVA ABIERTO CON PACTO DE PERMANENCIA,6,FIC DE TIPO GENERAL,2024-07-15T00:00:00.000,2024-12-31T00:00:00.000,170,2024
119864,FONDO DE INVERSIÓN COLECTIVA SKANDIA CERRADO CAT XXV,7,FIC DE TIPO GENERAL,2024-04-30T00:00:00.000,2024-08-12T00:00:00.000,207,2024
82379,FIC ABIERTO CON PACTO DE PERMANENCIA AVANZAR 90 DIAS,62,FIC DE TIPO GENERAL,2024-01-01T00:00:00.000,2024-12-31T00:00:00.000,1464,2024
96092,FONDO DE CAPITAL PRIVADO COLPATRIA INTERNACIONAL,59,FONDOS DE CAPITAL PRIVADO,2024-01-01T00:00:00.000,2024-12-31T00:00:00.000,366,2024
73723,FONDO DE INVERSIÓN COLECTIVA ABIERTO CON PACTO DE PERMANENCIA ALIANZA RENTA FIJA MERCADOS EMERGENTE,16,FIC DE TIPO GENERAL,2024-01-01T00:00:00.000,2024-12-31T00:00:00.000,1098,2024
86055,FCP CATTLEYA - COMPARTIMENTO 1,20,FONDOS DE CAPITAL PRIVADO,2024-01-01T00:00:00.000,2024-12-31T00:00:00.000,1098,2024
121644,FONDO DE CAPITAL PRIVADO POR COMPARTIMENTOS PLATAFORM - COMPARTIMENTO UNO  PLATAFORM EQUITY,9,FONDOS DE CAPITAL PRIVADO,2024-09-07T00:00:00.000,2024-12-31T00:00:00.000,116,2024
65731,FONDO DE CAPITAL PRIVADO TC LATAM - COMPARTIMENTO E TC LATAM,26,FONDOS DE CAPITAL PRIVADO,2024-01-01T00:00:00.000,2024-12-31T00:00:00.000,366,2024
93624,BTG PACTUAL ACCIONES MERCADOS EMERGENTES,14,FIC DE TIPO GENERAL,2024-01-01T00:00:00.000,2024-12-31T00:00:00.000,1393,2024
91000,FCP NEXUS COMP INMUEBLES OCCIDENTE,21,FONDOS DE CAPITAL PRIVADO,2024-01-01T00:00:00.000,2024-12-31T00:00:00.000,366,2024
18462,FONDO CASH CONSERVADOR ALIANZA 1525,16,FIC DE TIPO GENERAL,2024-01-01T00:00:00.000,2024-12-31T00:00:00.000,4456,2024
73317,FONDO DE CAPITAL PRIVADO ARMILLA CAPITAL-COMPARTIMENTO ALPES,16,FONDOS DE CAPITAL PRIVADO,2024-01-01T00:00:00.000,2024-12-31T00:00:00.000,366,2024
117825,FONDO DE INVERSIÓN COLECTIVA RENTA 100,39,FIC DE TIPO GENERAL,2024-01-01T00:00:00.000,2024-12-31T00:00:00.000,741,2024
119144,FONDO DE INVERSION COLECTIVA ABIERTO ITAU CORTO PLAZO,88,FIC DE TIPO GENERAL,2024-03-01T00:00:00.000,2024-12-31T00:00:00.000,1776,2024
61112,COMPARTIMENTO DEUDA PRIVADA INFRAESTRUCTURA I,28,FONDOS DE CAPITAL PRIVADO,2024-01-01T00:00:00.000,2024-12-31T00:00:00.000,1098,2024
109571,FONDO DE CAPITAL PRIVADO SKANDIA ALTERNATIVO - COMPARTIMENTO IMPACTO,7,FONDOS DE CAPITAL PRIVADO,2024-01-01T00:00:00.000,2024-12-31T00:00:00.000,784,2024
77191,FONDO DE CAPITAL PRIVADO INMOBILIARIO SERVIVALORES GNB SUDAMERIS,91,FONDOS DE CAPITAL PRIVADO,2024-01-01T00:00:00.000,2024-12-31T00:00:00.000,366,2024
110358,FONDO CERRADO ALIANZA ESTRUCTURADO RENTA FIJA & PEI,16,FIC DE TIPO GENERAL,2024-01-01T00:00:00.000,2024-06-27T00:00:00.000,879,2024
110489,FCP NEXUS - COMPARTIMENTO INMUEBLES ALMAVIVA,21,FONDOS DE CAPITAL PRIVADO,2024-01-01T00:00:00.000,2024-12-31T00:00:00.000,366,2024
50283,FONDO DE CAPITAL PRIVADO TRG FCP LA I,16,FONDOS DE CAPITAL PRIVADO,2024-01-01T00:00:00.000,2024-12-31T00:00:00.000,366,2024
67598,FONDO DE CAPITAL AGROEMPRESAS COLOMBIA DE SEAF,21,FONDOS DE CAPITAL PRIVADO,2024-01-01T00:00:00.000,2024-12-31T00:00:00.000,366,2024
95754,FCP CARTAMA - COMPARTIMENTO GLOBAL,31,FONDOS DE CAPITAL PRIVADO,2024-01-01T00:00:00.000,2024-12-31T00:00:00.000,366,2024
10650,FONDO DE INVERSION COLECTIVA ABIERTO CON PACTO DE PERMANENCIA ITAU MEDIANO PLAZO,23,FIC DE TIPO GENERAL,2024-01-01T00:00:00.000,2024-02-29T00:00:00.000,60,2024
105752,FCP MCL IV,21,FONDOS DE CAPITAL PRIVADO,2024-01-01T00:00:00.000,2024-12-31T00:00:00.000,1464,2024
71197,FONDO DE INVERSIÓN COLECTIVA ABIERTO FIC AVANZAR VISTA,62,FIC DE TIPO GENERAL,2024-01-01T00:00:00.000,2024-12-31T00:00:00.000,2928,2024
50439,COMPARTIMENTO ZONA FRANCA DEL FONDO DE CAPITAL PRIVADO INVERLINK ESTRUCTURAS INMOBILIARIAS,16,FONDOS DE CAPITAL PRIVADO,2024-01-01T00:00:00.000,2024-12-31T00:00:00.000,366,2024
113658,FONDO DE INVERSION COLECTIVA DIVERSIFICADO CONSERVADOR,26,FIC DE TIPO GENERAL,2024-01-01T00:00:00.000,2024-12-31T00:00:00.000,366,2024
58756,CREDICORP CAPITAL ALTA LIQUIDEZ,28,FIC DE TIPO GENERAL,2024-01-01T00:00:00.000,2024-12-31T00:00:00.000,1856,2024
50518,FONDO DE CO-INVERSIÓN CON EL FONDO DE INFRAESTRUCTURA ASHMORE I - FCP  COMPARTIMENTO 3 - CODAD S.A,16,FONDOS DE CAPITAL PRIVADO,2024-01-01T00:00:00.000,2024-12-31T00:00:00.000,366,2024
10659,FONDO DE INVERSION COLECTIVA ABIERTO FIDUGOB,22,FIC DE TIPO GENERAL,2024-01-01T00:00:00.000,2024-12-31T00:00:00.000,3294,2024
59738,FONDO DE INVERSION COLECTIVA ABIERTO RENTA VARIABLE COLOMBIA,22,FIC DE TIPO GENERAL,2024-01-01T00:00:00.000,2024-12-31T00:00:00.000,1098,2024
85697,FONDO DE INVERSIÓN COLECTIVA INMOBILIARIO SURA AM RENTAS INMOBILIARIAS,31,FIC INMOBILIARIAS,2024-01-01T00:00:00.000,2024-12-31T00:00:00.000,732,2024
110509,FONDO DE INVERSIÓN COLECTIVA CERRADO BBVA AM FUTURO 2.0,3,FIC DE TIPO GENERAL,2024-01-01T00:00:00.000,2024-03-08T00:00:00.000,68,2024
100095,BTG PACTUAL DINAMICO,14,FIC DE TIPO GENERAL,2024-01-01T00:00:00.000,2024-12-31T00:00:00.000,1830,2024
65733,FONDO DE CAPITAL PRIVADO TC LATAM - COMPARTIMENTO F TC LATAM,26,FONDOS DE CAPITAL PRIVADO,2024-01-01T00:00:00.000,2024-12-31T00:00:00.000,366,2024
90256,FONDO DE CAPITAL PRIVADO INMOBILIARIO SALUD COMPARTIMENTO 1,16,FONDOS DE CAPITAL PRIVADO,2024-01-01T00:00:00.000,2024-12-31T00:00:00.000,732,2024
67404,FONDO DE INVERSION COLECTIVA ABIERTO CON PACTO PERMANENCIA ALIANZA RENTA FIJA 90,16,FIC DE TIPO GENERAL,2024-01-01T00:00:00.000,2024-12-31T00:00:00.000,3413,2024
58703,FONDO DE CAPITAL PRIVADO CORREDORES CAPITAL I,26,FONDOS DE CAPITAL PRIVADO,2024-01-01T00:00:00.000,2024-12-31T00:00:00.000,366,2024
81171,FONDO DE INVERSIÓN COLECTIVA CERRADO INMOBILIARIO GRANDES SUPERFICIES,7,FIC INMOBILIARIAS,2024-01-01T00:00:00.000,2024-12-31T00:00:00.000,366,2024
82718,FONDO DE INVERSIÓN COLECTIVA ABIERTO CON PACTO DE PERMANENCIA RENTAPAIS,39,FIC DE TIPO GENERAL,2024-01-01T00:00:00.000,2024-12-31T00:00:00.000,366,2024
28405,FONDO DE CAPITAL PRIVADO OXO - PROPIEDADES SOSTENIBLES COMPARTIMENTO II. OXO - PROPIEDADES SOSTENIB,16,FONDOS DE CAPITAL PRIVADO,2024-01-01T00:00:00.000,2024-12-31T00:00:00.000,366,2024
29495,FONDO DE INVERSIÓN COLECTIVA ABIERTO CON PACTO DE PERMANENCIA ÓPTIMO,22,FIC DE TIPO GENERAL,2024-01-01T00:00:00.000,2024-12-31T00:00:00.000,366,2024
119494,FONDO DE INVERSION COLECTIVA CERRADO ALTERNATIVA PLAZO FIJO V,21,FIC DE TIPO GENERAL,2024-04-11T00:00:00.000,2024-12-31T00:00:00.000,265,2024
64114,FONDO ASHMORE ANDINO II - FCP COMPARTIMENTO A,16,FONDOS DE CAPITAL PRIVADO,2024-01-01T00:00:00.000,2024-12-31T00:00:00.000,1098,2024
58928,CREDICORP CAPITAL ESTRATEGICO,28,FIC DE TIPO GENERAL,2024-01-01T00:00:00.000,2024-12-19T00:00:00.000,355,2024
60348,FONDO DE INVERSIÓN COLECTIVA INMOBILIARIO VISUM RENTAS INMOBILIARIAS,14,FIC INMOBILIARIAS,2024-01-01T00:00:00.000,2024-12-31T00:00:00.000,366,2024
110574,CREDICORP CAPITAL INNOVACIÓN LATAM,28,FIC DE TIPO GENERAL,2024-01-01T00:00:00.000,2024-12-31T00:00:00.000,732,2024
115124,FIC ABIERTO ACCICUENTA CONSERVADOR,3,FIC DE TIPO GENERAL,2024-01-01T00:00:00.000,2024-12-31T00:00:00.000,366,2024
2971,FONDO DE INVERSION COLECTIVA ABIERTO CON PACTO DE PERMANENCIA FIDURENTA,31,FIC DE TIPO GENERAL,2024-01-01T00:00:00.000,2024-12-31T00:00:00.000,1830,2024
93197,CREDICORP CAPITAL VISTA,28,FIC DE TIPO GENERAL,2024-01-01T00:00:00.000,2024-12-31T00:00:00.000,1795,2024
72409,FONDO DE INVERSION COLECTIVA CERRADO ACCICOLF VANGUARDIA ACCIONES ORDINARIAS,21,FIC DE TIPO GENERAL,2024-01-01T00:00:00.000,2024-12-31T00:00:00.000,366,2024
119158,FONDO DE INVERSION COLECTIVA ABIERTO ITAU ACCIONES COLOMBIA,88,FIC DE TIPO GENERAL,2024-03-01T00:00:00.000,2024-12-31T00:00:00.000,306,2024
93253,CREDICORP CAPITAL REAL ESTATE 2011 - COMPARTIMENTO UNO EN LIQUIDACIÓN,28,FONDOS DE CAPITAL PRIVADO,2024-01-01T00:00:00.000,2024-12-31T00:00:00.000,366,2024
111884,FONDO CERRADO RENTA FIJA V,31,FIC DE TIPO GENERAL,2024-01-01T00:00:00.000,2024-04-15T00:00:00.000,106,2024
53954,F.I.C. VALOR PLUS I,20,FIC DE TIPO GENERAL,2024-01-01T00:00:00.000,2024-12-31T00:00:00.000,5124,2024
100523,FONDO DE CAPITAL PRIVADO MFX CAPITAL,68,FONDOS DE CAPITAL PRIVADO,2024-01-01T00:00:00.000,2024-09-06T00:00:00.000,250,2024
121932,FCP. NEXT UTILITY VENTURES COMP. 2,20,FONDOS DE CAPITAL PRIVADO,2024-10-11T00:00:00.000,2024-12-31T00:00:00.000,82,2024
53970,FONDO DE INVERSION COLECTIVA CERRADO SURA CREDITO PRIVADO COLOMBIA,58,FIC DE TIPO GENERAL,2024-01-01T00:00:00.000,2024-12-31T00:00:00.000,1464,2024
32814,FONDO DE INVERSION COLECTIVA CCA RENTALIQUIDA FIDUCAFE,42,FIC DE TIPO GENERAL,2024-01-01T00:00:00.000,2024-12-31T00:00:00.000,1410,2024
99377,FONDO DE CAPITAL PRIVADO PLENTIA INVERSIONES COMPARTIMENTO IV ARGO,97,FONDOS DE CAPITAL PRIVADO,2024-01-01T00:00:00.000,2024-12-31T00:00:00.000,366,2024
115726,FONDO DE INVERSIÓN COLECTIVA ABIERTO CON PACTO DE PERMANENCIA SCOTIA PORTAFOLIO GLOBAL MÁS CONSERVA,25,FIC DE TIPO GENERAL,2024-01-01T00:00:00.000,2024-12-31T00:00:00.000,1098,2024
111307,F.C.P. VID COMPARTIMENTO II JIDUSH,20,FONDOS DE CAPITAL PRIVADO,2024-01-01T00:00:00.000,2024-12-31T00:00:00.000,1464,2024
119695,FIC ABIERTO SIN PACTO DE PERMANENCIA ETF 500 US,3,FIC DE TIPO GENERAL,2024-10-04T00:00:00.000,2024-12-31T00:00:00.000,89,2024
72899,FONDO DE CAPITAL PRIVADO INMOBILIARIO GRUPO PEGASUS COLOMBIA FONDO I COMPARTIMENTO 1 PEGASUS VIVIEN,26,FONDOS DE CAPITAL PRIVADO,2024-01-01T00:00:00.000,2024-12-31T00:00:00.000,732,2024
109884,FONDO CERRADO RENTA FIJA IV,31,FIC DE TIPO GENERAL,2024-01-01T00:00:00.000,2024-02-07T00:00:00.000,38,2024
119160,FONDO DE INVERSION COLECTIVA ITAÚ DOLAR RENTA FIJA,88,FIC DE TIPO GENERAL,2024-03-01T00:00:00.000,2024-12-31T00:00:00.000,306,2024
50304,FONDO DE CAPITAL PRIVADO VALORAR FUTURO,16,FONDOS DE CAPITAL PRIVADO,2024-01-01T00:00:00.000,2024-12-31T00:00:00.000,366,2024
59105,CREDICORP CAPITAL ACCIONES COLOMBIA,28,FIC DE TIPO GENERAL,2024-01-01T00:00:00.000,2024-12-31T00:00:00.000,1016,2024
34644,FONDO DE INFRAESTRUCTURA BROOKFIELD COLOMBIA - SUBCOMPARTIMENTO GP,16,FONDOS DE CAPITAL PRIVADO,2024-01-01T00:00:00.000,2024-12-31T00:00:00.000,366,2024
107027,FONDO DE INVERSIÓN COLECTIVA CERRADO ACCIVAL RENTA FIJA 24M,3,FIC DE TIPO GENERAL,2024-01-01T00:00:00.000,2024-06-17T00:00:00.000,169,2024
121928,FCP. CAPITAL PRIVADO NEXT UTILITY VENTURES COMPARTIMENTO I.,20,FONDOS DE CAPITAL PRIVADO,2024-09-27T00:00:00.000,2024-12-31T00:00:00.000,480,2024
38802,FONDO DE CAPITAL PRIVADO OXO - PROPIEDADES SOSTENIBLES COMPARTIMENTO III. BARRANQUILLA. OXO - PROPI,16,FONDOS DE CAPITAL PRIVADO,2024-01-01T00:00:00.000,2024-12-31T00:00:00.000,366,2024
11962,FONDO DE INVERSIÓN COLECTIVA ABIERTO BBVA PAÍS CON PARTICIPACIONES DIFERENCIALES,3,FIC DE TIPO GENERAL,2024-01-01T00:00:00.000,2024-12-31T00:00:00.000,1464,2024
113579,FONDO CERRADO ALIANZA ALTERNATIVOS LOCAL MEDIANO PLAZO,16,FIC DE TIPO GENERAL,2024-01-01T00:00:00.000,2024-12-31T00:00:00.000,2196,2024
102266,COMPARTIMENTO A - FCP DEUDA INFRAESTRUCTURA II SURA - CREDICORP CAPITAL,28,FONDOS DE CAPITAL PRIVADO,2024-01-01T00:00:00.000,2024-12-31T00:00:00.000,1098,2024
10025,FONDO DE INVERSION COLECTIVA CONSOLIDAR,42,FIC DE TIPO GENERAL,2024-01-01T00:00:00.000,2024-12-31T00:00:00.000,366,2024
67403,FONDO DE INVERSION COLECTIVA ABIERTO CON PACTO DE PERMANENCIA ALIANZA ACCIONES,16,FIC DE TIPO GENERAL,2024-01-01T00:00:00.000,2024-12-31T00:00:00.000,2205,2024
11286,FONDO DE INVERSIÓN COLECTIVA ABIERTO RENTAR,18,FIC DE TIPO GENERAL,2024-01-01T00:00:00.000,2024-12-31T00:00:00.000,2928,2024
96346,FONDO DE CAPITAL PRIVADO PLENTIA INVERSIONES - COMPARTIMENTO II - INVERLOJA,97,FONDOS DE CAPITAL PRIVADO,2024-01-01T00:00:00.000,2024-12-31T00:00:00.000,366,2024
60273,FONDO DE INVERSIÓN COLECTIVA CERRADO BTG PACTUAL CRÉDITO,14,FIC DE TIPO GENERAL,2024-01-01T00:00:00.000,2024-12-31T00:00:00.000,366,2024
11149,FONDO DE INVERSIÓN COLECTIVA FIDUCOLDEX,40,FIC DE TIPO GENERAL,2024-01-01T00:00:00.000,2024-12-31T00:00:00.000,3397,2024
59076,FIC RENTA FIJA MEDIANO PLAZO MULTIESCALA,26,FIC DE TIPO GENERAL,2024-01-01T00:00:00.000,2024-12-31T00:00:00.000,1098,2024
108638,BTG PACTUAL ALTA DURACION COLOMBIA,14,FIC DE TIPO GENERAL,2024-01-01T00:00:00.000,2024-12-31T00:00:00.000,1830,2024
121641,FONDO DE INVERSION COLECTIVA CERRADO RENTA CREDITO,9,FIC DE TIPO GENERAL,2024-09-07T00:00:00.000,2024-12-31T00:00:00.000,116,2024
121648,FONDO DE CAPITAL PRIVADO TAURUS CAPITAL COMPARTIMENTO UNO,9,FONDOS DE CAPITAL PRIVADO,2024-09-07T00:00:00.000,2024-12-31T00:00:00.000,116,2024
67066,CREDICORP CAPITAL DEUDA CORPORATIVA LATAM,28,FIC DE TIPO GENERAL,2024-01-01T00:00:00.000,2024-12-31T00:00:00.000,732,2024
118816,FONDO CERRADO ALIANZA SENTENCIAS NACIÓN NO 4,16,FIC DE TIPO GENERAL,2024-02-05T00:00:00.000,2024-12-31T00:00:00.000,990,2024
2713,FONDO DE CAPITAL PRIVADO FONDO INMOBILIARIO COLOMBIA,31,FONDOS DE CAPITAL PRIVADO,2024-01-01T00:00:00.000,2024-12-31T00:00:00.000,366,2024
72905,FONDO DE CAPITAL PRIVADO PALADIN REALTY COLOMBIA COMPARTIMENTO B,26,FONDOS DE CAPITAL PRIVADO,2024-01-01T00:00:00.000,2024-12-31T00:00:00.000,366,2024
119133,FONDO DE INVERSION COLECTIVA ABIERTO ITAU MONEY MARKET,88,FIC DE TIPO GENERAL,2024-03-01T00:00:00.000,2024-12-31T00:00:00.000,1836,2024
54576,FONDO DE INVERSION COLECTIVA ABIERTO CON PACTO DE PERMANENCIA ARCO IRIS TÍTULOS DEUDA PRIVADA,33,FIC DE TIPO GENERAL,2024-01-01T00:00:00.000,2024-12-31T00:00:00.000,366,2024
75995,"FONDO DE CO-INVERSIÓN CON EL FONDO DE INFRAESTRUCTURA ASHMORE I FCP, COMPARTIMENTO I",16,FONDOS DE CAPITAL PRIVADO,2024-01-01T00:00:00.000,2024-12-31T00:00:00.000,732,2024
103946,FCP MAS EQUITY FUND III COLOMBIA,21,FONDOS DE CAPITAL PRIVADO,2024-01-01T00:00:00.000,2024-12-31T00:00:00.000,366,2024
106812,FONDO DE CAPITAL PRIVADO PROGRESION INMOBILIARIO,9,FONDOS DE CAPITAL PRIVADO,2024-01-01T00:00:00.000,2024-12-31T00:00:00.000,366,2024
73591,FCP - VALOR FORESTAL - CAUCHO 10 (EN LIQUIDACIÓN),38,FONDOS DE CAPITAL PRIVADO,2024-01-01T00:00:00.000,2024-12-31T00:00:00.000,366,2024
105499,FONDO DE CAPITAL PRIVADO INMOBILIARIO PLUS COMPARTIMENTO I,20,FONDOS DE CAPITAL PRIVADO,2024-01-01T00:00:00.000,2024-12-31T00:00:00.000,1098,2024
110777,FONDO DE INVERSIÓN COLECTIVA RENTACOL,39,FIC DE TIPO GENERAL,2025-01-01T00:00:00.000,2025-05-13T00:00:00.000,133,2025
66289,FCP SURA ASSET MANAGEMENT ? DESARROLLO INMOBILIARIO COMPARTIMENTO GENERAL,16,FONDOS DE CAPITAL PRIVADO,2025-01-01T00:00:00.000,2025-12-31T00:00:00.000,365,2025
78888,FONDO DE INVERSIÓN COLECTIVA DIVERSIFICADO INTERNACIONAL,26,FIC DE TIPO GENERAL,2025-01-01T00:00:00.000,2025-12-31T00:00:00.000,365,2025
10936,FONDO ABIERTO ALIANZA,16,FIC DE TIPO GENERAL,2025-01-01T00:00:00.000,2025-12-31T00:00:00.000,4745,2025
58958,FONDO DE CAPITAL PRIVADO INVERSOR COMPARTIMENTO B,26,FONDOS DE CAPITAL PRIVADO,2025-01-01T00:00:00.000,2025-12-31T00:00:00.000,365,2025
54582,COMPARTIMENTO 6 DEL FONDO DE CO-INVERSIÓN CON EL FONDO DE INFRAESTRUCTURA ASHMORE I FCP,16,FONDOS DE CAPITAL PRIVADO,2025-01-01T00:00:00.000,2025-12-31T00:00:00.000,365,2025
28133,FONDO DE CAPITAL PRIVADO NEXUS INFRAESTRUCTURA I FCP - COMPARTIMENTO A EN LIQUIDACION,31,FONDOS DE CAPITAL PRIVADO,2025-01-01T00:00:00.000,2025-12-31T00:00:00.000,365,2025
86956,FONDO CAPITAL PRIVADO BANCOLDEX - CAPITAL PARA EMPRENDER,40,FONDOS DE CAPITAL PRIVADO,2025-01-01T00:00:00.000,2025-12-31T00:00:00.000,365,2025
76413,F.I.C. ABIERTA CON PACTO DE PERMANENCIA SOSTENIBLE GLOBAL,20,FIC DE TIPO GENERAL,2025-01-01T00:00:00.000,2025-12-31T00:00:00.000,365,2025
51953,FONDO DE INVERSIÓN COLECTIVA SKANDIA EFECTIVO,7,FIC DE TIPO GENERAL,2025-01-01T00:00:00.000,2025-12-31T00:00:00.000,3189,2025
59972,FCP VALOR INMOBILIARIO,21,FONDOS DE CAPITAL PRIVADO,2025-01-01T00:00:00.000,2025-11-28T00:00:00.000,332,2025
106818,FONDO DE CAPITAL PRIVADO PROGRESION PROFUTBOL,9,FONDOS DE CAPITAL PRIVADO,2025-01-01T00:00:00.000,2025-12-31T00:00:00.000,365,2025
10440,FONDO DE INVERSION ABIERTO CASH,34,FIC DE TIPO GENERAL,2025-01-01T00:00:00.000,2025-12-31T00:00:00.000,365,2025
71259,FONDO DE INVERSIÓN COLECTIVA ABIERTO CON PACTO DE PERMANENCIA BTG PACTUAL RENTA FIJA INTERNACIONAL,14,FIC DE TIPO GENERAL,2025-01-01T00:00:00.000,2025-12-31T00:00:00.000,1501,2025
80428,ACCIVAL RENTA FIJA 180,3,FIC DE TIPO GENERAL,2025-01-01T00:00:00.000,2025-12-31T00:00:00.000,365,2025
126291,CREDICORP CAPITAL ESTRUCTURADO XI,28,FIC DE TIPO GENERAL,2025-08-05T00:00:00.000,2025-12-31T00:00:00.000,149,2025
123763,FONDO DE INVERSION COLECTIVA ACCIVAL USD,3,FIC DE TIPO GENERAL,2025-02-04T00:00:00.000,2025-12-31T00:00:00.000,331,2025
73587,FCP - VALOR FORESTAL - CAUCHO 06(EN LIQUIDACIÓN),38,FONDOS DE CAPITAL PRIVADO,2025-01-01T00:00:00.000,2025-12-31T00:00:00.000,365,2025
93198,CREDICORP CAPITAL DOLAR EFECTIVO,28,FIC DE TIPO GENERAL,2025-01-01T00:00:00.000,2025-12-31T00:00:00.000,581,2025
113221,COMPARTIMENTO B - FCP DEUDA INFRAESTRUCTURA II SURA - CREDICORP CAPITAL,28,FONDOS DE CAPITAL PRIVADO,2025-01-01T00:00:00.000,2025-12-31T00:00:00.000,365,2025
58699,FONDO DE INVERSIÓN COLECTIVA ABIERTO CON PACTO DE PERMANENCIA BTG PACTUAL ACCIONES COLOMBIA,14,FIC DE TIPO GENERAL,2025-01-01T00:00:00.000,2025-12-31T00:00:00.000,1805,2025
106809,FONDO DE INVERSION COLECTIVA CERRADO PROGRESION RENTAMAS,9,FIC DE TIPO GENERAL,2025-01-01T00:00:00.000,2025-12-31T00:00:00.000,1460,2025
9448,FONDO DE INVERSIÓN COLECTIVA ABIERTO SIN PACTO DE PERMANENCIA AVANZA RENTA FIJA,21,FIC DE TIPO GENERAL,2025-01-01T00:00:00.000,2025-12-31T00:00:00.000,365,2025
9792,FONDO DE INVERSION COLECTIVA DAVIPLUS RENTA FIJA PESOS,42,FIC DE TIPO GENERAL,2025-01-01T00:00:00.000,2025-12-31T00:00:00.000,365,2025
58695,FONDO DE INVERSION COLECTIVA ACCIVAL VISTA,3,FIC DE TIPO GENERAL,2025-01-01T00:00:00.000,2025-12-31T00:00:00.000,730,2025
67539,FONDO DE CAPITAL PRIVADO PACTIA INMOBILIARIO,31,FONDOS DE CAPITAL PRIVADO,2025-01-01T00:00:00.000,2025-12-31T00:00:00.000,365,2025
114822,"FONDO DE CAPITAL PRIVADO SMBC - LARRAINVIAL DEUDA - INFRAESTRUCTURA Y ENERGIA, COMPARTIMENTO I",97,FONDOS DE CAPITAL PRIVADO,2025-01-01T00:00:00.000,2025-12-31T00:00:00.000,1460,2025
127881,FONDO DE INVERSIÓN COLECTIVA CERRADO BBVA AM FUTURO 3.0,3,FIC DE TIPO GENERAL,2025-11-27T00:00:00.000,2025-12-31T00:00:00.000,35,2025
123329,FONDO DE CAPITAL PRIVADO PLENTIA INVERSIONES COMPARTIMENTO VII BONDO,97,FONDOS DE CAPITAL PRIVADO,2025-01-01T00:00:00.000,2025-12-31T00:00:00.000,365,2025
89435,FONDO DE CAPITAL PRIVADO INMOBILIARIO YELLOWSTONE REAL ESTATE OPPORTUNITY FUND II,16,FONDOS DE CAPITAL PRIVADO,2025-01-01T00:00:00.000,2025-12-31T00:00:00.000,3285,2025
43502,FONDO BURSÁTIL GLOBAL X COLOMBIA SELECT DE S&P,22,FIC BURSATILES,2025-01-01T00:00:00.000,2025-12-31T00:00:00.000,365,2025
123702,FONDO DE CAPITAL PRIVADO AQUA COMPARTIMENTO OCHO AQUA VIII,63,FONDOS DE CAPITAL PRIVADO,2025-01-30T00:00:00.000,2025-12-31T00:00:00.000,336,2025
72904,FONDO DE CAPITAL PRIVADO PALADIN REALTY COLOMBIA COMPARTIMENTO A,26,FONDOS DE CAPITAL PRIVADO,2025-01-01T00:00:00.000,2025-12-31T00:00:00.000,365,2025
117185,FCP MCI COMPARTIMENTO A,25,FONDOS DE CAPITAL PRIVADO,2025-01-01T00:00:00.000,2025-09-30T00:00:00.000,273,2025
81087,FCP NEXUS COMP INMUEBLES BANCO POPULAR,21,FONDOS DE CAPITAL PRIVADO,2025-01-01T00:00:00.000,2025-12-31T00:00:00.000,365,2025
99187,FONDO DE CAPITAL PRIVADO PLENTIA INVERSIONES - COMPARTIMENTO III RAIZ,97,FONDOS DE CAPITAL PRIVADO,2025-01-01T00:00:00.000,2025-12-31T00:00:00.000,365,2025
87268,FONDO DE CAPITAL PRIVADO BTG PACTUAL ACTIVOS ALTERNATIVOS COMPARTIMENTO ACTIVOS CREDITICIOS I,14,FONDOS DE CAPITAL PRIVADO,2025-01-01T00:00:00.000,2025-12-31T00:00:00.000,365,2025
127470,FCP SKANDIA ALTERNATIVO-COMPARTIMENTO CREDITO IMPULSO,7,FONDOS DE CAPITAL PRIVADO,2025-10-23T00:00:00.000,2025-12-31T00:00:00.000,122,2025
127166,FCP POR COMPARTIMENTOS GESTIÓN INMOBILIARIA - COMPARTIMENTO 2 DESARROLLO URBANO,9,FONDOS DE CAPITAL PRIVADO,2025-09-30T00:00:00.000,2025-12-31T00:00:00.000,93,2025
85000,FONDO DE CAPITAL PRIVADO BTG PACTUAL ACTIVOS ALTERNATIVOS COMPARTIMENTO SMPI,14,FONDOS DE CAPITAL PRIVADO,2025-01-01T00:00:00.000,2025-12-31T00:00:00.000,365,2025
127485,FCP DEUDA PRIVADA INTERNACIONAL COMPARTIMIENTO 1,3,FONDOS DE CAPITAL PRIVADO,2025-10-20T00:00:00.000,2025-12-31T00:00:00.000,146,2025
126453,FIC CERRADO CON CAPITAL PROTEGIDO OPORTUNIDAD+ ACCIONES GLOBALES,3,FIC DE TIPO GENERAL,2025-08-20T00:00:00.000,2025-12-31T00:00:00.000,134,2025
120541,FONDO ALIANZA FACTORING 6 MESES,16,FIC DE TIPO GENERAL,2025-01-01T00:00:00.000,2025-12-31T00:00:00.000,2424,2025
62633,FIDUCOLDEX CAPITAL INTELIGENTE FONDO DE INVERSION COLECTIVA,40,FIC DE TIPO GENERAL,2025-01-01T00:00:00.000,2025-12-31T00:00:00.000,962,2025
96710,FCP NEXUS COMP NEXUS DESARROLLOS INMOBILIARIOS II,21,FONDOS DE CAPITAL PRIVADO,2025-01-01T00:00:00.000,2025-12-31T00:00:00.000,730,2025
11714,FONDO ABIERTO FIDUCIARIA CENTRAL,38,FIC DE TIPO GENERAL,2025-01-01T00:00:00.000,2025-12-31T00:00:00.000,2555,2025
115723,FONDO CERRADO ALIANZA SENTENCIAS NACIÓN NO 3,16,FIC DE TIPO GENERAL,2025-01-01T00:00:00.000,2025-12-31T00:00:00.000,1095,2025
83314,CREDICORP CAPITAL DERECHOS ECONOMICOS 2026,28,FIC DE TIPO GENERAL,2025-01-01T00:00:00.000,2025-12-31T00:00:00.000,365,2025
105751,FCP MCL III,21,FONDOS DE CAPITAL PRIVADO,2025-01-01T00:00:00.000,2025-12-31T00:00:00.000,365,2025
58564,FONDO DE INVERSIÓN COLECTIVA ABIERTO BTG PACTUAL LIQUIDEZ,14,FIC DE TIPO GENERAL,2025-01-01T00:00:00.000,2025-12-31T00:00:00.000,2190,2025
127399,FONDO DE INVERSION COLECTIVA ABIERTO ESTRATEGIA GLOBAL,3,FIC DE TIPO GENERAL,2025-10-14T00:00:00.000,2025-12-31T00:00:00.000,79,2025
113190,FONDO DE CAPITAL PRIVADO YELLOWSTONE CAPITAL FUND I COMPARTIMENTO  A  IV MONTANEL,16,FONDOS DE CAPITAL PRIVADO,2025-01-01T00:00:00.000,2025-12-31T00:00:00.000,365,2025
108402,FONDO DE CAPITAL PRIVADO VALOR INMOBILIARIO COMPLEJO LOGISTICO DEL CARIBE,9,FONDOS DE CAPITAL PRIVADO,2025-01-01T00:00:00.000,2025-12-31T00:00:00.000,365,2025
76410,F.I.C. ESTRATEGIA MODERADA,20,FIC DE TIPO GENERAL,2025-01-01T00:00:00.000,2025-12-31T00:00:00.000,365,2025
76412,F.I.C. DEUDA CORPORATIVA,20,FIC DE TIPO GENERAL,2025-01-01T00:00:00.000,2025-12-31T00:00:00.000,365,2025
105973,FIC CERRADO RENTA FIJA II,31,FIC DE TIPO GENERAL,2025-01-01T00:00:00.000,2025-12-31T00:00:00.000,365,2025
124208,FCP ALTERNATIVOS PLUS - COMP. EVOLUCION,20,FONDOS DE CAPITAL PRIVADO,2025-04-02T00:00:00.000,2025-12-31T00:00:00.000,274,2025
126370,FONDO DE INVERSION COLECTIVA CERRADO EVOLUCION NOTA EUROPA 2027,26,FIC DE TIPO GENERAL,2025-09-04T00:00:00.000,2025-12-31T00:00:00.000,238,2025
115735,FONDO DE INVERSIÓN COLECTIVA ABIERTO CON PACTO DE PERMANENCIA SCOTIA PORTAFOLIO GLOBAL CONSERVADOR,25,FIC DE TIPO GENERAL,2025-01-01T00:00:00.000,2025-12-31T00:00:00.000,1095,2025
73588,FCP VALOR FORESTAL CAUCHO 7 (EN LIQUIDACIÓN),38,FONDOS DE CAPITAL PRIVADO,2025-01-01T00:00:00.000,2025-12-31T00:00:00.000,365,2025
108387,FONDO CERRADO ALIANZA ALTERNATIVOS LOCAL LARGO PLAZO,16,FIC DE TIPO GENERAL,2025-01-01T00:00:00.000,2025-12-31T00:00:00.000,1873,2025
121649,FONDO DE CAPITAL PRIVADO TAURUS CAPITAL COMPARTIMENTO DOS,9,FONDOS DE CAPITAL PRIVADO,2025-01-01T00:00:00.000,2025-12-31T00:00:00.000,365,2025
50277,FONDO DE CAPITAL PRIVADO RUTA DEL SOL COMPARTIMENTO A2,16,FONDOS DE CAPITAL PRIVADO,2025-01-01T00:00:00.000,2025-12-31T00:00:00.000,365,2025
34163,FONDO CERRADO INMOBILIARIO ALIANZA,16,FIC INMOBILIARIAS,2025-01-01T00:00:00.000,2025-12-31T00:00:00.000,365,2025
93223,CREDICORP CAPITAL BALANCEADO COLOMBIA,28,FIC DE TIPO GENERAL,2025-01-01T00:00:00.000,2025-12-31T00:00:00.000,582,2025
126297,FONDO CERRADO ALIANZA SENTENCIAS NACIÓN NO 6,16,FIC DE TIPO GENERAL,2025-09-02T00:00:00.000,2025-12-31T00:00:00.000,351,2025
50280,FONDO DE CAPITAL PRIVADO RUTA DEL SOL COMPARTIMENTO B2,16,FONDOS DE CAPITAL PRIVADO,2025-01-01T00:00:00.000,2025-12-31T00:00:00.000,365,2025
65869,FONDO DE CAPITAL PRIVADO YELLOWSTONE CAPITAL FUND I- COMPARTIMENTO AI,16,FONDOS DE CAPITAL PRIVADO,2025-01-01T00:00:00.000,2025-12-31T00:00:00.000,365,2025
11403,CARTERA COLECTIVA ABIERTA CON PACTO DE PERMANENCIA EFECTIVO A PLAZOS - CARTERA CON COMPARTIMENTOS,12,FIC DE TIPO GENERAL,2025-01-01T00:00:00.000,2025-12-31T00:00:00.000,1825,2025
66652,FONDO DE CAPITAL TERRANUM COMPARTIMENTO,16,FONDOS DE CAPITAL PRIVADO,2025-01-01T00:00:00.000,2025-12-31T00:00:00.000,365,2025
59002,FONDO DE CAPITAL PRIVADO ALTRA FCP II,26,FONDOS DE CAPITAL PRIVADO,2025-01-01T00:00:00.000,2025-12-31T00:00:00.000,365,2025
51220,COMPARTIMENTO DIVERSIFICADO DE DESARROLLOS INMOBILIARIOS,21,FONDOS DE CAPITAL PRIVADO,2025-01-01T00:00:00.000,2025-12-28T00:00:00.000,362,2025
115741,FONDO DE INVERSIÓN COLECTIVA ABIERTO CON PACTO DE PERMANENCIA SCOTIA PORTAFOLIO GLOBAL MÁS CRECIMIE,25,FIC DE TIPO GENERAL,2025-01-01T00:00:00.000,2025-12-31T00:00:00.000,1095,2025
121647,CARTERA COLECTIVA ESCALONADA INTERBOLSA FACTORING,9,FIC DE TIPO GENERAL,2025-01-01T00:00:00.000,2025-12-31T00:00:00.000,365,2025
93231,CREDICORP CAPITAL AGRONEGOCIOS - CACAO AGROFORESTAL,28,FONDOS DE CAPITAL PRIVADO,2025-01-01T00:00:00.000,2025-12-31T00:00:00.000,365,2025
73493,FONDO DE CAPITAL PRIVADO YELLOWSTONE CAPITAL FUND I -COMPARTIMENTO PROSCENIO AII,16,FONDOS DE CAPITAL PRIVADO,2025-01-01T00:00:00.000,2025-12-31T00:00:00.000,365,2025
125491,COMPARTIMENTO PANAMÁ DEL FONDO DE CAPITAL PRIVADO INMOBILIARIO SERVIVALORES GNB SUDAMERIS,91,FONDOS DE CAPITAL PRIVADO,2025-06-12T00:00:00.000,2025-12-31T00:00:00.000,203,2025
90025,FONDO DE CAPITAL PRIVADO SUMATORIA DEUDA GLOBAL,26,FONDOS DE CAPITAL PRIVADO,2025-01-01T00:00:00.000,2025-12-31T00:00:00.000,730,2025
95589,FONDO DE INVERSION COLECTIVA CERRADO ASHMORE ACCIONES COLOMBIA + LATAM,97,FIC DE TIPO GENERAL,2025-01-01T00:00:00.000,2025-12-31T00:00:00.000,2190,2025
51325,FONDO NAZCA INVESTMENT,21,FONDOS DE CAPITAL PRIVADO,2025-01-01T00:00:00.000,2025-12-31T00:00:00.000,365,2025
99106,CREDICORP CAPITAL ACCIONES LATAM,28,FIC DE TIPO GENERAL,2025-01-01T00:00:00.000,2025-12-31T00:00:00.000,560,2025
127936,COMPARTIMENTO INVERLINK ALTERNATIVOS FINESA,21,FONDOS DE CAPITAL PRIVADO,2025-12-22T00:00:00.000,2025-12-31T00:00:00.000,17,2025
54573,FONDO DE INVERSIÓN COLECTIVA ABIERTO SIN PACTO DE PERMANENCIA ARCO IRIS CONSERVADOR,33,FIC DE TIPO GENERAL,2025-01-01T00:00:00.000,2025-12-31T00:00:00.000,365,2025
110153,COMPARTIMENTO FONDO INVERSA - FONDO DE CAPITAL PRIVADO LA MONTERA,16,FONDOS DE CAPITAL PRIVADO,2025-01-01T00:00:00.000,2025-12-31T00:00:00.000,365,2025
115127,FIC ABIERTO ACCICUENTA MODERADO,3,FIC DE TIPO GENERAL,2025-01-01T00:00:00.000,2025-12-31T00:00:00.000,365,2025
123373,FONDO DE CAPITAL PRIVADO BONUS - COMPARTIMENTO INFRAESTRUCTURA II,16,FONDOS DE CAPITAL PRIVADO,2025-04-10T00:00:00.000,2025-12-31T00:00:00.000,532,2025
127711,FCP POR COMPARTIMENTOS GESTIÓN INMOBILIARIA - COMPARTIMENTO 4 PROYECCION ESTRATEGICA,9,FONDOS DE CAPITAL PRIVADO,2025-10-31T00:00:00.000,2025-12-31T00:00:00.000,62,2025
105375,FONDO DE INVERSIÓN COLECTIVA ABIERTO CON PACTO DE PERMANENCIA ALTERNATIVOS 180 PLUS,20,FIC DE TIPO GENERAL,2025-01-01T00:00:00.000,2025-12-31T00:00:00.000,730,2025
117568,FONDO DE CAPITAL PRIVADO BONUS COMPARTIMIENTO INFRAESTRUCTURA I,16,FONDOS DE CAPITAL PRIVADO,2025-01-01T00:00:00.000,2025-12-31T00:00:00.000,1396,2025
60200,FONDO DE INVERSIÓN COLECTIVA CERRADO BTG PACTUAL CREDIVALORES I,14,FIC DE TIPO GENERAL,2025-01-01T00:00:00.000,2025-12-31T00:00:00.000,700,2025
22969,FONDO DE INVERSION COLECTIVA ABIERTO SUMAR,22,FIC DE TIPO GENERAL,2025-01-01T00:00:00.000,2025-12-31T00:00:00.000,4015,2025
121416,FONDO CERRADO ALIANZA ALTERNATIVOS & EQUITY COLOMBIA 2 AÑOS,16,FIC DE TIPO GENERAL,2025-01-01T00:00:00.000,2025-12-31T00:00:00.000,730,2025
126597,FCP PLENTIA INVERSIONES COMPARTIMIENTO INFRAESTRUCTURA COLPATRIA,97,FONDOS DE CAPITAL PRIVADO,2025-08-29T00:00:00.000,2025-12-31T00:00:00.000,125,2025
105750,FCP MCL II,21,FONDOS DE CAPITAL PRIVADO,2025-01-01T00:00:00.000,2025-12-31T00:00:00.000,365,2025
107024,BTG PACTUAL LIQUIDEZ DOLARES,14,FIC DE TIPO GENERAL,2025-01-01T00:00:00.000,2025-12-31T00:00:00.000,801,2025
106814,FCP POR COMPARTIMENTOS GESTIÓN INMOBILIARIA  - COMPARTIMENTO RENTAR 2015,9,FONDOS DE CAPITAL PRIVADO,2025-12-23T00:00:00.000,2025-12-31T00:00:00.000,9,2025
114155,FONDO DE CAPITAL PRIVADO AVISILVER COMPARTIMENTO 1,16,FONDOS DE CAPITAL PRIVADO,2025-01-01T00:00:00.000,2025-09-24T00:00:00.000,267,2025
122582,FONDO DE INVERSIÓN COLECTIVA CERRADO NOTA ESTRUCTURADA ORO CON CAPITAL PROTEGIDO,26,FIC DE TIPO GENERAL,2025-01-01T00:00:00.000,2025-12-31T00:00:00.000,730,2025
119918,FONDO DE CAPITAL PRIVADO ACTIVA COLOMBIA 1 - COMPARTIMENTO UNO,97,FONDOS DE CAPITAL PRIVADO,2025-01-01T00:00:00.000,2025-12-31T00:00:00.000,365,2025
101366,FONDO DE INVERSIÓN COLECTIVA ABIERTO CON PACTO DE PERMANENCIA RENOVABLE BALANCEADO MODERADO ALIANZ,16,FIC DE TIPO GENERAL,2025-01-01T00:00:00.000,2025-12-31T00:00:00.000,1859,2025
105786,FIC MULTIESTRATEGIA ESTABLE,3,FIC DE TIPO GENERAL,2025-01-01T00:00:00.000,2025-12-31T00:00:00.000,365,2025
58957,FONDO DE CAPITAL PRIVADO INVERSOR COMPARTIMENTO A,26,FONDOS DE CAPITAL PRIVADO,2025-01-01T00:00:00.000,2025-12-31T00:00:00.000,365,2025
95249,FONDO DE INVERSIÓN COLECTIVA ABIERTO BBVA PÁRAMO,3,FIC DE TIPO GENERAL,2025-01-01T00:00:00.000,2025-12-31T00:00:00.000,365,2025
119143,FONDO DE INVERSION COLECTIVA ABIERTO ITAU MEDIANO PLAZO,88,FIC DE TIPO GENERAL,2025-01-01T00:00:00.000,2025-12-31T00:00:00.000,365,2025
122138,COMPARTIMENTO INVERLINK ALTERNATIVOS I,21,FONDOS DE CAPITAL PRIVADO,2025-05-27T00:00:00.000,2025-12-31T00:00:00.000,219,2025
8686,FONDO DE INVERSIÓN COLECTIVA ABIERTO CON PACTO DE PERMANENCIA Y  PARTICIPACIONES DIFERENCIALES BBVA,3,FIC DE TIPO GENERAL,2025-01-01T00:00:00.000,2025-12-31T00:00:00.000,516,2025
127244,FONDO DE INVERSION COLECTIVA ESTRUCTURADO ACCIONES BRASIL,3,FIC DE TIPO GENERAL,2025-10-06T00:00:00.000,2025-12-31T00:00:00.000,87,2025
121639,FONDO DE INVERSION COLECTIVA CERRADO CREDIT OPPORTUNITIES FUND FACTURAS,9,FIC DE TIPO GENERAL,2025-01-01T00:00:00.000,2025-12-31T00:00:00.000,365,2025
121645,FONDO DE CAPITAL PRIVADO TECH-O COMPARTIMENTO UNO,9,FONDOS DE CAPITAL PRIVADO,2025-01-01T00:00:00.000,2025-07-29T00:00:00.000,210,2025
124374,FIC CERRADO SKANDIA NOTA ESTRUCTRUADA CON CAPITAL PROTEGIDO I,7,FIC DE TIPO GENERAL,2025-04-02T00:00:00.000,2025-12-31T00:00:00.000,553,2025
58921,CREDICORP CAPITAL RENTA FIJA GLOBAL,28,FIC DE TIPO GENERAL,2025-01-01T00:00:00.000,2025-12-31T00:00:00.000,730,2025
115738,FONDO DE INVERSIÓN COLECTIVA ABIERTO CON PACTO DE PERMANENCIA SCOTIA PORTAFOLIO GLOBAL CRECIMIENTO,25,FIC DE TIPO GENERAL,2025-01-01T00:00:00.000,2025-12-31T00:00:00.000,1095,2025
8734,FONDO DE INVERSIÓN COLECTIVA ABIERTO BBVA EFECTIVO CON PARTICIPACIONES DIFERENCIALES,3,FIC DE TIPO GENERAL,2025-01-01T00:00:00.000,2025-12-31T00:00:00.000,3307,2025
115736,FONDO DE INVERSIÓN COLECTIVA ABIERTO CON PACTO DE PERMANENCIA SCOTIA PORTAFOLIO GLOBAL MODERADO,25,FIC DE TIPO GENERAL,2025-01-01T00:00:00.000,2025-12-31T00:00:00.000,1095,2025
94490,FCP SURA . DEUDA PRIVADA - COMPARTIMENTO DEUDA,16,FONDOS DE CAPITAL PRIVADO,2025-01-01T00:00:00.000,2025-12-31T00:00:00.000,2555,2025
17653,FONDO DE INVERSION COLECTIVA ABIERTO 1525,25,FIC DE MERCADO MONETARIO,2025-01-01T00:00:00.000,2025-12-31T00:00:00.000,365,2025
58946,FONDO DE CAPITAL PRIVADO ENERGETICO - COMPARTIMENTO A,26,FONDOS DE CAPITAL PRIVADO,2025-01-01T00:00:00.000,2025-12-31T00:00:00.000,365,2025
108529,FIC SURA ULTRACASH COLOMBIA,58,FIC DE TIPO GENERAL,2025-01-01T00:00:00.000,2025-12-31T00:00:00.000,1279,2025
29497,FONDO DE INVERSIÓN COLECTIVA ABIERTO CON PACTO DE PERMANENCIA CUBRIR BALANCEADO INTERNACIONAL,22,FIC DE TIPO GENERAL,2025-01-01T00:00:00.000,2025-12-31T00:00:00.000,730,2025
124187,FONDO CERRADO ALIANZA RENTA FIJA HIGH YIELD,16,FIC DE TIPO GENERAL,2025-04-23T00:00:00.000,2025-12-31T00:00:00.000,736,2025
105784,FIC MULTIESTRATEGIA EQUILIBRIO,3,FIC DE TIPO GENERAL,2025-01-01T00:00:00.000,2025-12-31T00:00:00.000,365,2025
125427,FONDO DE INVERSIÓN COLECTIVA CERRADO CAPITAL PRIVADO INTERNACIONAL,26,FIC DE TIPO GENERAL,2025-08-14T00:00:00.000,2025-12-31T00:00:00.000,280,2025
54077,FONDO DE INVERSIÓN COLECTIVA ABIERTO CON PACTO DE PERMANENCIA ES+,22,FIC DE TIPO GENERAL,2025-01-01T00:00:00.000,2025-12-31T00:00:00.000,1095,2025
10779,RENTAFACIL FONDO DE INVERSION COLECTIVA ABIERTO,6,FIC DE TIPO GENERAL,2025-01-01T00:00:00.000,2025-12-31T00:00:00.000,2555,2025
121380,FONDO DE INVERSION COLECTIVA CREDITO PRIVADO IV,58,FIC DE TIPO GENERAL,2025-01-01T00:00:00.000,2025-12-31T00:00:00.000,365,2025
133558,FCP POR COMPARTIMENTOS GESTIÓN INMOBILIARIA - COMPARTIMENTO 7 CAPITAL INMOBILIARIO,9,FONDOS DE CAPITAL PRIVADO,2025-12-23T00:00:00.000,2025-12-31T00:00:00.000,9,2025
127889,FONDO DE INVERSIÓN COLECTIVA CERRADO IMPULSO IA CAPITAL PROTEGIDO,26,FIC DE TIPO GENERAL,2025-12-24T00:00:00.000,2025-12-31T00:00:00.000,16,2025
125045,FONDO CERRADO ALIANZA ALTERNATIVOS LOCAL MEDIANO PLAZO NO 2,16,FIC DE TIPO GENERAL,2025-06-05T00:00:00.000,2025-12-31T00:00:00.000,780,2025
58897,CREDICORP CAPITAL RENTA FIJA COLOMBIA,28,FIC DE TIPO GENERAL,2025-01-01T00:00:00.000,2025-12-31T00:00:00.000,730,2025
121573,FONDO DE INVERSIÓN COLECTIVA SIN PACTO DE PERMANENCIA INVERTIR+,21,FIC DE TIPO GENERAL,2025-01-01T00:00:00.000,2025-12-31T00:00:00.000,1095,2025
110618,FCP EWA II - COMPARTIMENTO ESPECIAL,21,FONDOS DE CAPITAL PRIVADO,2025-01-01T00:00:00.000,2025-12-31T00:00:00.000,365,2025
124442,FONDO DE CAPITAL PRIVADO AQUA COMPARTIMENTO NUEVE AQUA IX,63,FONDOS DE CAPITAL PRIVADO,2025-03-28T00:00:00.000,2025-12-31T00:00:00.000,279,2025
80574,FONDO DE CAPITAL PRIVADO ELIMARC CAPITAL - COMPARTIMENTO SAN PABLO,59,FONDOS DE CAPITAL PRIVADO,2025-01-01T00:00:00.000,2025-12-31T00:00:00.000,365,2025
121646,CARTERA COLECTIVA ESCALONADA INTERBOLSA CREDIT,9,FIC DE TIPO GENERAL,2025-01-01T00:00:00.000,2025-12-31T00:00:00.000,365,2025
109445,FONDO DE CAPITAL PRIVADO YELLOWSTONE CAPITAL FUND I - COMPARTIMENTO PROSCENIO AIII,16,FONDOS DE CAPITAL PRIVADO,2025-01-01T00:00:00.000,2025-12-31T00:00:00.000,730,2025
36570,FONDO ABIERTO 1525 FIDUCENTRAL,38,FIC DE TIPO GENERAL,2025-01-01T00:00:00.000,2025-12-31T00:00:00.000,2658,2025
3895,FONDO DE INVERSIÓN COLECTIVA ABIERTA SIN PACTO DE PERMANENCIA FIDUEXCEDENTES,31,FIC DE TIPO GENERAL,2025-01-01T00:00:00.000,2025-12-31T00:00:00.000,365,2025
59144,FONDO DE CAPITAL PRIVADO TEKA COLOMBIA I COMPARTIMENTO LP,26,FONDOS DE CAPITAL PRIVADO,2025-01-01T00:00:00.000,2025-12-31T00:00:00.000,365,2025
51615,COMPARTIMENTO A FCP AVENIDA COLOMBIA PEF,20,FONDOS DE CAPITAL PRIVADO,2025-01-01T00:00:00.000,2025-12-31T00:00:00.000,365,2025
120381,FONDO DE CAPITAL PRIVADO AQUA COMPARTIMENTO SIETE AQUA VII,63,FONDOS DE CAPITAL PRIVADO,2025-01-01T00:00:00.000,2025-12-31T00:00:00.000,365,2025
28403,FONDO DE CAPITAL PRIVADO OXO - PROPIEDADES SOSTENIBLES COMPARTIMENTO I. CARTAGENA. OXO - PROPIEDADE,16,FONDOS DE CAPITAL PRIVADO,2025-01-01T00:00:00.000,2025-12-31T00:00:00.000,365,2025
87342,FONDO DE INVERSIÓN COLECTIVA ABIERTO BBVA DIGITAL CON PARTICIPACIONES DIFERENCIALES,3,FIC DE TIPO GENERAL,2025-01-01T00:00:00.000,2025-12-31T00:00:00.000,730,2025
69536,FONDO DE INVERSION COLECTIVA ABIERTO CONFIRENTA,39,FIC DE TIPO GENERAL,2025-01-01T00:00:00.000,2025-12-31T00:00:00.000,1460,2025
106785,FIC SURA ESTRATEGIA LIBRANZAS COLOMBIA,58,FIC DE TIPO GENERAL,2025-01-01T00:00:00.000,2025-05-26T00:00:00.000,146,2025
51968,FONDO DE INVERSIÓN COLECTIVA INMOBILIARIO CERRADO SKANDIA COMPRAR PARA ARRENDAR-I,7,FIC INMOBILIARIAS,2025-01-01T00:00:00.000,2025-12-31T00:00:00.000,730,2025
102088,FONDO DE CAPITAL PRIVADO BIOAVANTE COMPARTIMENTO VACUNAS I,16,FONDOS DE CAPITAL PRIVADO,2025-01-01T00:00:00.000,2025-12-31T00:00:00.000,365,2025
11627,FONDO DE INVERSION COLECTIVA ABIERTO RENDIR,25,FIC DE TIPO GENERAL,2025-01-01T00:00:00.000,2025-12-31T00:00:00.000,365,2025
10824,FONDO ABIERTO CON PACTO DE PERMANENCIA CXC,16,FIC DE TIPO GENERAL,2025-01-01T00:00:00.000,2025-12-31T00:00:00.000,2555,2025
73579,FCP - VALOR FORESTAL - CAUCHO 01 (EN LIQUIDACIÓN),38,FONDOS DE CAPITAL PRIVADO,2025-01-01T00:00:00.000,2025-12-31T00:00:00.000,365,2025
95234,FONDO DE INVERSION COLECTIVA INMOBILIARIO RENTA MAS,21,FIC INMOBILIARIAS,2025-01-01T00:00:00.000,2025-12-31T00:00:00.000,730,2025
122552,FCP BANCOLDEX CAPITAL FDF II COMPARTIMENTO MICRO VC,40,FONDOS DE CAPITAL PRIVADO,2025-01-01T00:00:00.000,2025-12-31T00:00:00.000,730,2025
59143,FONDO DE CAPITAL PRIVADO TEKA COLOMBIA I COMPARTIMENTO GP,26,FONDOS DE CAPITAL PRIVADO,2025-01-01T00:00:00.000,2025-12-31T00:00:00.000,365,2025
59741,FONDO DE INVERSION COLECTIVA ABIERTO RENTA FIJA PLUS,22,FIC DE TIPO GENERAL,2025-01-01T00:00:00.000,2025-12-31T00:00:00.000,730,2025
51218,COMPARTIMENTO INMOBILIARIO TRIPLE A,21,FONDOS DE CAPITAL PRIVADO,2025-01-01T00:00:00.000,2025-12-31T00:00:00.000,365,2025
127709,FCP POR COMPARTIMENTOS GESTIÓN INMOBILIARIA - COMPARTIMENTO 3 DESARROLLO INMOBILIARIO,9,FONDOS DE CAPITAL PRIVADO,2025-10-31T00:00:00.000,2025-12-31T00:00:00.000,62,2025
123532,FONDO DE INVERSION COLECTIVA ACCIONES USA VOO,3,FIC DE TIPO GENERAL,2025-01-16T00:00:00.000,2025-12-31T00:00:00.000,350,2025
76989,FONDO DE INVERSION COLECTIVA ABIERTO CON PACTO DE PERMANENCIA AVANZAR 30 DIAS,62,FIC DE TIPO GENERAL,2025-01-01T00:00:00.000,2025-12-31T00:00:00.000,1460,2025
72413,FONDO DE CAPITAL PRIVADO FONDO PLENTIA INVERSIONES,97,FONDOS DE CAPITAL PRIVADO,2025-01-01T00:00:00.000,2025-12-31T00:00:00.000,365,2025
102634,FONDO DE CAPITAL PRIVADO AQUA COMPARTIMENTO SEIS AQUA VI,63,FONDOS DE CAPITAL PRIVADO,2025-01-01T00:00:00.000,2025-12-31T00:00:00.000,365,2025
69940,FCP DEUDA INFRAESTRUCTURA COLOMBIA,31,FONDOS DE CAPITAL PRIVADO,2025-01-01T00:00:00.000,2025-12-31T00:00:00.000,365,2025
59078,FONDO DE INVERSIÓN COLECTIVA DIVERSIFICADO MODERADO,26,FIC DE TIPO GENERAL,2025-01-01T00:00:00.000,2025-12-31T00:00:00.000,730,2025
80042,FONDO DE CAPITAL NEXUS INMOBILIARIO - COMPARTIMENTO INMUEBLES BANCO DE BOGOTÁ,21,FONDOS DE CAPITAL PRIVADO,2025-01-01T00:00:00.000,2025-12-31T00:00:00.000,365,2025
128072,FONDO DE CAPITAL PRIVADO GRUPO PEGASUS COLOMBIA FONDO II -COMPARTIMENTO DESARROLLO URBANO PEGASUS,26,FONDOS DE CAPITAL PRIVADO,2025-11-26T00:00:00.000,2025-12-31T00:00:00.000,72,2025
70843,FONDO DE INVERSIÓN COLECTIVA ABIERTO CON PACTO DE PERMANENCIA ALTARENTA,22,FIC DE TIPO GENERAL,2025-01-01T00:00:00.000,2025-12-31T00:00:00.000,730,2025
92656,FONDO DE CAPITAL PRIVADO CARTAMA - COMPARTIMENTO II INVERPALTAS EN LIQUIDACION,31,FONDOS DE CAPITAL PRIVADO,2025-01-01T00:00:00.000,2025-12-31T00:00:00.000,365,2025
123256,FONDO DE CAPITAL PRIVADO VISUM DESARROLLO LOGÍSTICO COLOMBIA COMPARTIMENTO VISUM DESARROLLO INMOBIL,14,FONDOS DE CAPITAL PRIVADO,2025-01-15T00:00:00.000,2025-12-31T00:00:00.000,722,2025
112716,FCP CREDICORP CAPITAL DEUDA PRIVADA I,28,FONDOS DE CAPITAL PRIVADO,2025-01-01T00:00:00.000,2025-12-31T00:00:00.000,730,2025
100352,COMPARTIMENTO BANCOLDEX CAPITAL,40,FONDOS DE CAPITAL PRIVADO,2025-01-01T00:00:00.000,2025-12-31T00:00:00.000,365,2025
103328,FONDO DE CAPITAL PRIVADO VID COMPARTIMENTO I MISHPAT,20,FONDOS DE CAPITAL PRIVADO,2025-01-01T00:00:00.000,2025-12-31T00:00:00.000,1032,2025
73585,FCP - VALOR FORESTAL - CAUCHO 04 (EN LIQUIDACIÓN),38,FONDOS DE CAPITAL PRIVADO,2025-01-01T00:00:00.000,2025-12-31T00:00:00.000,365,2025
110614,FCP EWA II - COMPARTIMENTO 1,21,FONDOS DE CAPITAL PRIVADO,2025-01-01T00:00:00.000,2025-12-31T00:00:00.000,365,2025
106817,FONDO DE INVERSION COLECTIVA CERRADO INMOBILIARIO PROGRESION RENTAR II,9,FIC INMOBILIARIAS,2025-01-01T00:00:00.000,2025-12-31T00:00:00.000,365,2025
64129,FONDO ASHMORE ANDINO II - FCP COMPARTIMENTO B,16,FONDOS DE CAPITAL PRIVADO,2025-01-01T00:00:00.000,2025-12-31T00:00:00.000,365,2025
102465,FCP STATUM COMPARTIMIENTO I,20,FONDOS DE CAPITAL PRIVADO,2025-01-01T00:00:00.000,2025-12-31T00:00:00.000,365,2025
99379,FONDO DE CAPITAL PRIVADO PLENTIA INVERSIONES COMPARTIMENTO V PP3,97,FONDOS DE CAPITAL PRIVADO,2025-01-01T00:00:00.000,2025-12-31T00:00:00.000,365,2025
95356,CERRADO FACTURAS 120,26,FIC DE TIPO GENERAL,2025-01-01T00:00:00.000,2025-12-31T00:00:00.000,730,2025
29133,FONDO DE INVERSIÓN COLECTIVA ABIERTO FIDUCREDICORP VISTA,59,FIC DE TIPO GENERAL,2025-01-01T00:00:00.000,2025-12-31T00:00:00.000,4721,2025
120941,FCP COLOMBIAN INFRASTRUCTURE EQUITY FUND B (CIEF B),21,FONDOS DE CAPITAL PRIVADO,2025-01-01T00:00:00.000,2025-12-31T00:00:00.000,365,2025
54577,FONDO DE INVERSION COLECTIVA ABIERTO CON PACTO DE PERMANENCIA ARCO IRIS DEUDA PRIVADA,33,FIC DE TIPO GENERAL,2025-01-01T00:00:00.000,2025-12-31T00:00:00.000,365,2025
127111,FONDO CAPITAL PRIVADO ACCIÓN MOMENTUM,33,FONDOS DE CAPITAL PRIVADO,2025-11-25T00:00:00.000,2025-12-31T00:00:00.000,37,2025
81931,FCP COLOMBIAN INFRASTRUCTURE EQUITY FUND - CIEF,21,FONDOS DE CAPITAL PRIVADO,2025-01-01T00:00:00.000,2025-12-31T00:00:00.000,365,2025
58735,FONDO DE INVERSION COLECTIVA  ABIERTO ACCIVAL ACCIONES DINAMICO,3,FIC DE TIPO GENERAL,2025-01-01T00:00:00.000,2025-12-31T00:00:00.000,548,2025
116555,FONDO DE CAPITAL PRIVADO PLENTIA INVERSIONES COMPARTIMENTO VI PROARCO,97,FONDOS DE CAPITAL PRIVADO,2025-01-01T00:00:00.000,2025-12-31T00:00:00.000,365,2025
31508,FONDO DE INVERSION COLECTIVA ABIERTO RENTAR 30,18,FIC DE TIPO GENERAL,2025-01-01T00:00:00.000,2025-12-31T00:00:00.000,365,2025
105788,FIC MULTIESTRATEGIA CRECIMIENTO,3,FIC DE TIPO GENERAL,2025-01-01T00:00:00.000,2025-12-31T00:00:00.000,365,2025
89854,FONDO DE CAPITAL PRIVADO YELLOWSTONE  FUND I - COMPARTIMENTO BI,16,FONDOS DE CAPITAL PRIVADO,2025-01-01T00:00:00.000,2025-12-31T00:00:00.000,1095,2025
121579,FCP. STATUM - COMPARTIMENTO IV - BPAC,20,FONDOS DE CAPITAL PRIVADO,2025-01-01T00:00:00.000,2025-12-31T00:00:00.000,365,2025
93761,FONDO DE INVERSION COLECTIVA ABIERTO SIN PACTO DE PERMANENCIA RENTA FIJA RECURRENTE,21,FIC DE TIPO GENERAL,2025-01-01T00:00:00.000,2025-12-31T00:00:00.000,730,2025
121164,FIC RENTA DIGITAL CONSERVADOR,22,FIC DE TIPO GENERAL,2025-01-01T00:00:00.000,2025-12-31T00:00:00.000,365,2025
124437,FONDO DE INVERSION COLECTIVA CERRADO DENOMINADO SURA CREDITO PRIVADO V,58,FIC DE TIPO GENERAL,2025-05-02T00:00:00.000,2025-12-31T00:00:00.000,463,2025
106310,FCP POR COMPARTIMENTOS ODINSA INFRAESTRUCTURA COMPARTIMENTO A,31,FONDOS DE CAPITAL PRIVADO,2025-01-01T00:00:00.000,2025-12-31T00:00:00.000,365,2025
106315,FCP POR COMPARTIMENTOS ODINSA INFRAESTRUCTURA COMPARTIMENTO C,31,FONDOS DE CAPITAL PRIVADO,2025-01-01T00:00:00.000,2025-12-31T00:00:00.000,365,2025
59008,FONDO DE CAPITAL PRIVADO TC LATAM - COMPARTIMENTO A,26,FONDOS DE CAPITAL PRIVADO,2025-01-01T00:00:00.000,2025-12-31T00:00:00.000,365,2025
9438,FONDO DE INVERSIÓN COLECTIVA ABIERTO SIN PACTO DE PERMANENCIA OCCIRENTA,21,FIC DE TIPO GENERAL,2025-01-01T00:00:00.000,2025-12-31T00:00:00.000,4693,2025
123018,COMPARTIMENTO MADEIRA - FONDO DE CAPITAL PRIVADO LA MONTERA,16,FONDOS DE CAPITAL PRIVADO,2025-01-01T00:00:00.000,2025-12-31T00:00:00.000,365,2025
50287,FONDO DE CAPITAL PRIVADO RUTA DEL SOL COMPARTIMENTO B1,16,FONDOS DE CAPITAL PRIVADO,2025-01-01T00:00:00.000,2025-12-31T00:00:00.000,365,2025
117755,FONDO DE CAPITAL PRIVADO ATLAS RENEWABLE ENERGY COLOMBIA COMP I,16,FONDOS DE CAPITAL PRIVADO,2025-01-01T00:00:00.000,2025-12-31T00:00:00.000,730,2025
115981,FCP VALIU - COMPARTIMENTO LOGISTICA,20,FONDOS DE CAPITAL PRIVADO,2025-01-01T00:00:00.000,2025-12-31T00:00:00.000,730,2025
121739,FONDO DE CAPITAL PRIVADO DISTRESSED ASSENT INVESMENT  FCP DAI,9,FONDOS DE CAPITAL PRIVADO,2025-01-01T00:00:00.000,2025-12-31T00:00:00.000,730,2025
115474,COMPART. EDUCAPITAL 1 DEL FCP ALTERNATIVOS PLUS,20,FONDOS DE CAPITAL PRIVADO,2025-01-01T00:00:00.000,2025-12-31T00:00:00.000,730,2025
72906,FONDO DE CAPITAL PRIVADO PALADIN REALTY COLOMBIA COMPARTIMENTO C,26,FONDOS DE CAPITAL PRIVADO,2025-01-01T00:00:00.000,2025-12-31T00:00:00.000,365,2025
90300,FONDO DE INVERSION COLECTIVA ABIERTO CON PACTO DE PERMANENCIA META PLANEADA,21,FIC DE TIPO GENERAL,2025-01-01T00:00:00.000,2025-12-31T00:00:00.000,365,2025
73589,FCP VALOR FORESTAL CAUCHO 8 (EN LIQUIDACIÓN),38,FONDOS DE CAPITAL PRIVADO,2025-01-01T00:00:00.000,2025-12-31T00:00:00.000,365,2025
59014,FONDO DE CAPITAL PRIVADO TC LATAM - COMPARTIMENTO D,26,FONDOS DE CAPITAL PRIVADO,2025-01-01T00:00:00.000,2025-12-31T00:00:00.000,365,2025
75122,COMPARTIMENTO A,25,FONDOS DE CAPITAL PRIVADO,2025-01-01T00:00:00.000,2025-12-31T00:00:00.000,365,2025
102362,FONDO ASHMORE ANDINO III - FCP COMPARTIMENTO A,16,FONDOS DE CAPITAL PRIVADO,2025-01-01T00:00:00.000,2025-12-31T00:00:00.000,730,2025
53962,FONDO DE INVERSION COLECTA ABIERTO CON PACTO DE PERMANENCIA SURA MULTIESTRATEGIA CREDITO COLOMBIA,58,FIC DE TIPO GENERAL,2025-01-01T00:00:00.000,2025-12-31T00:00:00.000,1095,2025
121415,COMPARTIMENTO II ATLAS RENEWABLE ENERGY COLOMBIA - FCP,16,FONDOS DE CAPITAL PRIVADO,2025-07-29T00:00:00.000,2025-12-31T00:00:00.000,312,2025
105749,FCP MCL I,21,FONDOS DE CAPITAL PRIVADO,2025-01-01T00:00:00.000,2025-12-31T00:00:00.000,365,2025
99740,FONDO DE INVERSIÓN COLECTIVA ABIERTO SIN PACTO DE PERMANENCIA ACCION 1525,33,FIC DE TIPO GENERAL,2025-01-01T00:00:00.000,2025-12-31T00:00:00.000,365,2025
50278,FIC COMPARTIMENTO B SECCIÓN I ASHMORE DEL FONDO DE INFRAESTRUCTURA COLOMBIA ASHMORE - FCP,16,FONDOS DE CAPITAL PRIVADO,2025-01-01T00:00:00.000,2025-12-31T00:00:00.000,365,2025
66532,COMPARTIMENTO INMUEBLES I,21,FONDOS DE CAPITAL PRIVADO,2025-01-01T00:00:00.000,2025-12-31T00:00:00.000,365,2025
32436,FONDO DE CAPITAL PRIVADO AMERIGO VENTURES PACIFICO,31,FONDOS DE CAPITAL PRIVADO,2025-01-01T00:00:00.000,2025-12-31T00:00:00.000,365,2025
121414,FONDO DE DEUDA SENIOR PARA INFRAESTRUCTURA CAF-AM ASHMORE II COMP I,16,FONDOS DE CAPITAL PRIVADO,2025-01-01T00:00:00.000,2025-12-31T00:00:00.000,1726,2025
91394,FONDO ABIERTO ALIANZA CON PACTO DE PERMANENCIA MÍNIMA DIVERSIFICACIÓN INMOBILIARIA COLOMBIA,16,FIC DE TIPO GENERAL,2025-01-01T00:00:00.000,2025-12-31T00:00:00.000,1460,2025
106232,FONDO DE CAPITAL PRIVADO CREDITO LIBRANZAS,16,FONDOS DE CAPITAL PRIVADO,2025-01-01T00:00:00.000,2025-12-31T00:00:00.000,365,2025
106816,FONDO DE CAPITAL PRIVADO RENTA INMOBILIARIA,9,FONDOS DE CAPITAL PRIVADO,2025-01-01T00:00:00.000,2025-12-31T00:00:00.000,365,2025
104377,FIC CERRADO RENTA ALTERNATIVO GLOBAL,31,FIC DE TIPO GENERAL,2025-01-01T00:00:00.000,2025-12-31T00:00:00.000,730,2025
80665,FONDO DE CAPITAL PRIVADO INMOBILIARIO POR COMPARTIMIENTOS AZUR - COMPARTIMIENTO NUEVA VISTA,97,FONDOS DE CAPITAL PRIVADO,2025-01-01T00:00:00.000,2025-12-31T00:00:00.000,365,2025
119170,ITAÚ LATIN AMERICAN CORPORATE CREDIT,88,FIC DE TIPO GENERAL,2025-01-01T00:00:00.000,2025-12-31T00:00:00.000,730,2025
118693,FONDO RENTA DIGITAL CRECIMIENTO,22,FIC DE TIPO GENERAL,2025-01-01T00:00:00.000,2025-12-31T00:00:00.000,365,2025
75716,FONDO DE CAPITAL PRIVADO ARMILLA CAPITAL - COMPARTIMENTO INMOBILIARIO COMERCIAL,16,FONDOS DE CAPITAL PRIVADO,2025-01-01T00:00:00.000,2025-12-31T00:00:00.000,365,2025
21080,"F.C.P. KANDEO FUND I (COLOMBIA), FCP (KFIC)",20,FONDOS DE CAPITAL PRIVADO,2025-01-01T00:00:00.000,2025-12-31T00:00:00.000,365,2025
119329,FCP. STATUM COMPARTIMENTO II,20,FONDOS DE CAPITAL PRIVADO,2025-01-01T00:00:00.000,2025-12-31T00:00:00.000,365,2025
116425,FCP MCI COMPARTIMENTO B,25,FONDOS DE CAPITAL PRIVADO,2025-01-01T00:00:00.000,2025-09-30T00:00:00.000,273,2025
102495,FONDO DE CAPITAL PRIVADO TC LATAM ESTRUCTURAS INMOBILIARIAS COMPARTIMENTO I,26,FONDOS DE CAPITAL PRIVADO,2025-01-01T00:00:00.000,2025-12-31T00:00:00.000,1095,2025
120833,CORTO PLAZO FONDO DE INVERSIÓN COLECTIVA ABIERTO CON PACTO DE PERMANENCIA,6,FIC DE TIPO GENERAL,2025-01-01T00:00:00.000,2025-12-31T00:00:00.000,365,2025
9452,FONDO DE INVERSIÓN COLECTIVA ABIERTO CON PACTO DE PERMANENCIA META CRECIMIENTO,21,FIC DE TIPO GENERAL,2025-01-01T00:00:00.000,2025-12-31T00:00:00.000,365,2025
58954,ALTRA - FONDO DE CAPITAL PRIVADO ALTRA FCP 1 EN LIQUIDACION,26,FONDOS DE CAPITAL PRIVADO,2025-01-01T00:00:00.000,2025-07-17T00:00:00.000,198,2025
53970,FONDO DE INVERSION COLECTIVA CERRADO SURA CREDITO PRIVADO COLOMBIA,58,FIC DE MERCADO MONETARIO,2025-01-24T00:00:00.000,2025-01-24T00:00:00.000,2,2025
88966,FONDO DE CAPITAL PRIVADO INMOBILIARIO SERVITRUST GNB SUDAMERIS,34,FONDOS DE CAPITAL PRIVADO,2025-01-01T00:00:00.000,2025-12-31T00:00:00.000,365,2025
66857,FONDO DE CAPITAL PRIVADO LA MONTERA COMPARTIMENTO ALEJANDRIA,16,FONDOS DE CAPITAL PRIVADO,2025-01-01T00:00:00.000,2025-12-31T00:00:00.000,365,2025
128275,FONDO DE CAPITAL PRIVADO ECRAS COMPARTIMENTO ECRAS I,16,FONDOS DE CAPITAL PRIVADO,2025-12-29T00:00:00.000,2025-12-31T00:00:00.000,3,2025
127865,CREDICORP CAPITAL ESTRATEGIA ALTERNATIVOS CRÉDITO I,28,FIC DE TIPO GENERAL,2025-11-12T00:00:00.000,2025-12-31T00:00:00.000,90,2025
67673,COMPARTIMENTO C DEL FCP AVENIDA COLOMBIA PEF,20,FONDOS DE CAPITAL PRIVADO,2025-01-01T00:00:00.000,2025-12-31T00:00:00.000,365,2025
99575,FONDO MERCADO DE REDUCCIÓN DE EMISIONES - FORE,3,FONDOS DE CAPITAL PRIVADO,2025-01-01T00:00:00.000,2025-12-31T00:00:00.000,730,2025
95663,FONDO DE CAPITAL PRIVADO INMOBILIARIO PENNY LANE CAPITAL COMPARTIMENTO I,16,FONDOS DE CAPITAL PRIVADO,2025-01-01T00:00:00.000,2025-12-31T00:00:00.000,730,2025
71191,COMPARTIMENTO SQF- FCP INVERLINK EST INMOBILIARIAS,16,FONDOS DE CAPITAL PRIVADO,2025-01-01T00:00:00.000,2025-04-21T00:00:00.000,111,2025
126362,FCP NEXUS - COMPORTAMIENTO INMUEBLES ESTELAR,21,FONDOS DE CAPITAL PRIVADO,2025-10-29T00:00:00.000,2025-12-31T00:00:00.000,64,2025
59740,FONDO DE INVERSION COLECTIVA ABIERTO RENTA SOSTENIBLE GLOBAL,22,FIC DE TIPO GENERAL,2025-01-01T00:00:00.000,2025-12-31T00:00:00.000,1095,2025
50410,FONDO DE CAPITAL PRIVADO TRIBECA NATURAL RESOURCES FUND COMP. A TRIBECA NATURAL RESOURCES,16,FONDOS DE CAPITAL PRIVADO,2025-01-01T00:00:00.000,2025-12-31T00:00:00.000,365,2025
124170,COMPARTIMENTO INVERLINK ALTERNATIVOS IV,21,FONDOS DE CAPITAL PRIVADO,2025-10-02T00:00:00.000,2025-12-31T00:00:00.000,91,2025
127287,COMPARTIMENTO INFRAESTRUCTURA DE FONDO DE CAPITAL PRIVADO PATRIA COLOMBIA,31,FONDOS DE CAPITAL PRIVADO,2025-10-07T00:00:00.000,2025-12-31T00:00:00.000,1032,2025
106866,COMPART. LIBRANZAS DEL FCP PRIVADO ALTERNATIVOS PLUS,20,FONDOS DE CAPITAL PRIVADO,2025-01-01T00:00:00.000,2025-12-31T00:00:00.000,730,2025
11407,CARTERA COLECTIVA ABIERTA DE ALTA LIQUIDEZ,12,FIC DE MERCADO MONETARIO,2025-01-01T00:00:00.000,2025-12-31T00:00:00.000,1678,2025
103927,F.I.C. A. LIQUIDEZ 1525 PLUS,20,FIC DE MERCADO MONETARIO,2025-01-01T00:00:00.000,2025-12-31T00:00:00.000,974,2025
58877,FONDO DE INVERSION COLECTIVA ABIERTO CON PACTO DE PERMANENCIA BTG PACTUAL RENTA FIJA COLOMBIA,14,FIC DE TIPO GENERAL,2025-01-01T00:00:00.000,2025-12-31T00:00:00.000,1825,2025
106313,FCP POR COMPARTIMENTOS ODINSA INFRAESTRUCTURA COMPARTIMENTO B,31,FONDOS DE CAPITAL PRIVADO,2025-01-01T00:00:00.000,2025-12-31T00:00:00.000,365,2025
88922,F.C.P CATTLEYA  - COMPARTIMENTO 2,20,FONDOS DE CAPITAL PRIVADO,2025-01-01T00:00:00.000,2025-02-02T00:00:00.000,165,2025
73583,FCP - VALOR FORESTAL - CAUCHO 03(EN LIQUIDACIÓN),38,FONDOS DE CAPITAL PRIVADO,2025-01-01T00:00:00.000,2025-12-31T00:00:00.000,365,2025
58927,CREDICORP CAPITAL BALANCEADO III,28,FIC DE TIPO GENERAL,2025-01-01T00:00:00.000,2025-12-31T00:00:00.000,365,2025
97466,FONDO ABIERTO CON PACTO DE PERMANENCIA RENOVABLE ALTERNATIVOS ALIANZA,16,FIC DE TIPO GENERAL,2025-01-01T00:00:00.000,2025-12-31T00:00:00.000,2555,2025
106810,FONDO DE INVERSIÓN COLECTIVA CERRADO PROGRESIÓN RENTAPLÚS,9,FIC DE TIPO GENERAL,2025-01-01T00:00:00.000,2025-12-31T00:00:00.000,365,2025
72485,FONDO DE INVERSION COLECTIVA RENTA 4 GLOBAL VISTA,63,FIC DE TIPO GENERAL,2025-01-01T00:00:00.000,2025-12-31T00:00:00.000,2190,2025
90278,FONDO DE INVERSIÓN COLECTIVA INMOBILIARIO SIRENTA,3,FIC INMOBILIARIAS,2025-01-01T00:00:00.000,2025-12-31T00:00:00.000,365,2025
85172,FONDO DE CAPITAL PRIVADO AQUA COMPARTIMENTO TRES AQUA III,63,FONDOS DE CAPITAL PRIVADO,2025-01-01T00:00:00.000,2025-12-31T00:00:00.000,730,2025
73963,FONDO DE INVERSION COLECTIVA ABIERTO CON PACTO DE PERMANENCIA RENTA FIJA DINAMICA,21,FIC DE TIPO GENERAL,2025-01-01T00:00:00.000,2025-12-31T00:00:00.000,365,2025
102610,FONDO CERRADO SENTENCIAS NACIÓN II ALIANZA,16,FIC DE TIPO GENERAL,2025-01-01T00:00:00.000,2025-12-31T00:00:00.000,1095,2025
127164,FCP PATRIA CRÉDITO COP,31,FONDOS DE CAPITAL PRIVADO,2025-10-14T00:00:00.000,2025-12-31T00:00:00.000,316,2025
50261,FONDO DE CAPITAL PRIVADO INVERLINK ESTRUCTURAS INMOBILIARIAS COMPARTIMENTO UNO TIPO DE UNIDAD A,16,FONDOS DE CAPITAL PRIVADO,2025-01-01T00:00:00.000,2025-12-31T00:00:00.000,365,2025
76414,F.I.C. ACCIONES PLUS,20,FIC DE TIPO GENERAL,2025-01-01T00:00:00.000,2025-12-31T00:00:00.000,365,2025
117569,FONDO CERRADO ALIANZA ALTERNATIVOS LOCAL LARGO PLAZO 7 AÑOS,16,FIC DE TIPO GENERAL,2025-01-01T00:00:00.000,2025-12-31T00:00:00.000,1095,2025
69368,FONDO DE INVERSIÓN COLECTIVA ABIERTO CON PACTO DE PERMANENCIA BBVA AM ESTRATEGIA BALANCEADO GLOBAL,3,FIC DE TIPO GENERAL,2025-01-01T00:00:00.000,2025-12-31T00:00:00.000,365,2025
77640,FCP - VALOR INMOBILIARIO - TERMINALES LOGÍSTICOS DE COLOMBIA - BOGOTA,38,FONDOS DE CAPITAL PRIVADO,2025-01-01T00:00:00.000,2025-12-31T00:00:00.000,1095,2025
122754,FCP DEUDA INFRAESTRUCTURA III CREDICORP CAPITAL SURA,28,FONDOS DE CAPITAL PRIVADO,2025-01-01T00:00:00.000,2025-12-31T00:00:00.000,730,2025
124209,FIDUCOLDEX OBJETIVO FONDO DE INVERSIÓN COLECTIVA,40,FIC DE TIPO GENERAL,2025-03-18T00:00:00.000,2025-12-31T00:00:00.000,768,2025
114910,FONDO DE CAPITAL PRIVADO DAVIVIENDA CORREDORES - DEUDA COMPARTIMENTO DEUDA COLOMBIA I,26,FONDOS DE CAPITAL PRIVADO,2025-01-01T00:00:00.000,2025-12-31T00:00:00.000,730,2025
93229,CREDICORP CAPITAL FACTORING,28,FIC DE TIPO GENERAL,2025-01-01T00:00:00.000,2025-12-31T00:00:00.000,1095,2025
114017,FCP POR COMPARTIMENTOS ODINSA INFRAESTRUCTURA - COMPARTIMENTO D,31,FONDOS DE CAPITAL PRIVADO,2025-01-01T00:00:00.000,2025-12-31T00:00:00.000,365,2025
108266,FONDO DE INVERSION COLECTIVA ABIERTO LIQUIDEZ DOLAR,26,FIC DE TIPO GENERAL,2025-01-01T00:00:00.000,2025-12-31T00:00:00.000,365,2025
61583,UNIVERSITAS  FONDO DE INVERSION  COLECTIVA ABIERTO CON  PACTO DE  PERMANENCIA,6,FIC DE TIPO GENERAL,2025-01-01T00:00:00.000,2025-12-31T00:00:00.000,365,2025
126766,FONDO DE CAPITAL PRIVADO BPAC COMPARTIMENTO BPAC AEC,14,FONDOS DE CAPITAL PRIVADO,2025-09-08T00:00:00.000,2025-12-31T00:00:00.000,115,2025
121580,FIC BTG PACTUAL MGC EFICIENTE USD,14,FIC DE TIPO GENERAL,2025-01-01T00:00:00.000,2025-12-31T00:00:00.000,1825,2025
59012,FONDO DE CAPITAL PRIVADO TC LATAM - COMPARTIMENTO C,26,FONDOS DE CAPITAL PRIVADO,2025-01-01T00:00:00.000,2025-12-31T00:00:00.000,365,2025
59304,FONDO DE INVERSION COLECTIVA ABIERTO RENTA LIQUIDEZ,22,FIC DE TIPO GENERAL,2025-01-01T00:00:00.000,2025-12-31T00:00:00.000,2087,2025
118898,FONDO BURSÁTIL GLOBAL X TES COLOMBIA COP GBI EM ID ETF,22,FIC BURSATILES,2025-01-01T00:00:00.000,2025-12-31T00:00:00.000,365,2025
95409,FONDO DE INVERSIÓN COLECTIVA CERRADO SURA LIBRANZAS I,58,FIC DE TIPO GENERAL,2025-01-01T00:00:00.000,2025-11-25T00:00:00.000,987,2025
122687,FONDO DE CAPITAL PRIVADO GRUPO PEGASUS COLOMBIA FONDO II -COMPARTIMENTO IRIS,26,FONDOS DE CAPITAL PRIVADO,2025-01-01T00:00:00.000,2025-12-31T00:00:00.000,730,2025
127290,FCP FDO COLOMBIA COMPARTIMENTO CAPITAL PRIVADO,31,FONDOS DE CAPITAL PRIVADO,2025-10-07T00:00:00.000,2025-12-31T00:00:00.000,1032,2025
103702,FONDO BLACKROCK DEUDA INFRAESTRUCTURA COLOMBIA II,31,FONDOS DE CAPITAL PRIVADO,2025-01-01T00:00:00.000,2025-12-31T00:00:00.000,365,2025
78886,FONDO DE INVERSIÓN COLECTIVA RENTA FIJA LARGO PLAZO,26,FIC DE TIPO GENERAL,2025-01-01T00:00:00.000,2025-12-31T00:00:00.000,730,2025
73581,FCP VALOR FORESTAL CAUCHO 2 (EN LIQUIDACIÓN),38,FONDOS DE CAPITAL PRIVADO,2025-01-01T00:00:00.000,2025-12-31T00:00:00.000,365,2025
98414,FCP. CATTLEYA COMPATIMENTO 4,20,FONDOS DE CAPITAL PRIVADO,2025-01-01T00:00:00.000,2025-12-31T00:00:00.000,1095,2025
73593,FCP VALOR FORESTAL CACAO 01 (EN LIQUIDACIÓN),38,FONDOS DE CAPITAL PRIVADO,2025-01-01T00:00:00.000,2025-12-31T00:00:00.000,365,2025
61653,RENDIR FONDO DE INVERSION COLECTIVA ABIERTO,6,FIC DE TIPO GENERAL,2025-01-01T00:00:00.000,2025-12-31T00:00:00.000,365,2025
63301,FONDO DE INVERSION COLECTIVA ABIERTO RENTA ALTA CONVICCION,22,FIC DE TIPO GENERAL,2025-01-01T00:00:00.000,2025-12-31T00:00:00.000,1095,2025
121643,FONDO DE INVERSION COLECTIVA ABIERTO CON PACTO DE PERMANENCIA  ACCIONES,9,FIC DE TIPO GENERAL,2025-01-01T00:00:00.000,2025-12-31T00:00:00.000,365,2025
66082,FONDO DE INVERSIÓN COLECTIVA INMOBILIARIO DE RENTA DAVIVIENDA CORREDORES,26,FIC INMOBILIARIAS,2025-01-01T00:00:00.000,2025-12-31T00:00:00.000,365,2025
125575,FONDO DE INVERSIÓN COLECTIVA ABIERTO IMPULSO ALTA LIQUIDEZ,22,FIC DE TIPO GENERAL,2025-07-30T00:00:00.000,2025-12-31T00:00:00.000,267,2025
71258,FONDO DE INVERSION COLECTIVA ABIERTO CON PACTO DE PERMANENCIA BTG PACTUAL ACCIONES INTERNACIONALES,14,FIC DE TIPO GENERAL,2025-01-01T00:00:00.000,2025-12-31T00:00:00.000,1538,2025
98186,FIC BBVA VALORES MONEY MARKET,27,FIC DE MERCADO MONETARIO,2025-01-01T00:00:00.000,2025-12-31T00:00:00.000,730,2025
109469,FONDO DE CAPITAL PRIVADO IMPACTA,21,FONDOS DE CAPITAL PRIVADO,2025-01-01T00:00:00.000,2025-12-31T00:00:00.000,365,2025
133669,FCP POR COMPARTIMENTOS GESTION INMOBILIARIA - COMPARTIMENTO 6 CRECIMIENTO URBANO,9,FONDOS DE CAPITAL PRIVADO,2025-12-29T00:00:00.000,2025-12-31T00:00:00.000,3,2025
51959,FONDO DE INVERSIÓN COLECTIVA SKANDIA MULTIPLAZO,7,FIC DE TIPO GENERAL,2025-01-01T00:00:00.000,2025-12-31T00:00:00.000,4439,2025
123917,FONDO DE INVERSION COLECTIVO CERRADO ALTERNATIVA PLAZO FIJO - FIC APF VII,21,FIC DE TIPO GENERAL,2025-04-11T00:00:00.000,2025-10-14T00:00:00.000,187,2025
115734,FONDO DE INVERSIÓN COLECTIVA ABIERTO CON PACTO DE PERMANENCIA SCOTIA DEUDA PÚBLICA COLOMBIA,25,FIC DE TIPO GENERAL,2025-01-01T00:00:00.000,2025-12-31T00:00:00.000,2190,2025
71323,FCP FUTURO INMOBILIARIO COMPARTIMENTO II - VIVIENDA,16,FONDOS DE CAPITAL PRIVADO,2025-01-01T00:00:00.000,2025-12-31T00:00:00.000,730,2025
106811,FONDO DE CAPITAL PRIVADO MEDICAL,9,FONDOS DE CAPITAL PRIVADO,2025-01-01T00:00:00.000,2025-12-31T00:00:00.000,365,2025
76407,FONDO DE CAPITAL PRIVADO MALLPLAZA - COMPARTIMENTO UNO,26,FONDOS DE CAPITAL PRIVADO,2025-01-01T00:00:00.000,2025-12-31T00:00:00.000,365,2025
99250,COMPARTIMENTO NANTES INVERSIONES - FONDO DE CAPITAL PRIVADO LA MONTERA,16,FONDOS DE CAPITAL PRIVADO,2025-01-01T00:00:00.000,2025-12-31T00:00:00.000,365,2025
121149,FIC RENTA DIGITAL MODERADO,22,FIC DE TIPO GENERAL,2025-01-01T00:00:00.000,2025-12-31T00:00:00.000,365,2025
115128,FIC ABIERTO ACCICUENTA MAYOR RIESGO,3,FIC DE TIPO GENERAL,2025-01-01T00:00:00.000,2025-12-31T00:00:00.000,365,2025
58134,FONDO DE INVERSION COLECTIVA FONDO GNB ABIERTO,34,FIC DE TIPO GENERAL,2025-01-01T00:00:00.000,2025-12-31T00:00:00.000,2986,2025
104027,FONDO DE CAPITAL PRIVADO LIBRANZAS COLOMBIA,16,FONDOS DE CAPITAL PRIVADO,2025-01-01T00:00:00.000,2025-12-31T00:00:00.000,365,2025
118007,FCP STATUM COMPARTIMENTO III ? BPAC,20,FONDOS DE CAPITAL PRIVADO,2025-01-01T00:00:00.000,2025-12-31T00:00:00.000,365,2025
114986,FONDO DE INVERSIÓN COLECTIVA ABIERTO FIDUCUENTA DÓLARES,22,FIC DE TIPO GENERAL,2025-01-01T00:00:00.000,2025-12-31T00:00:00.000,365,2025
106814,FONDO DE INVERSION COLECTIVA CERRADO INMOBILIARIO PROGRESIÓN RENTAR 2015,9,FIC INMOBILIARIAS,2025-01-01T00:00:00.000,2025-12-22T00:00:00.000,356,2025
126595,FCP PLENTIA INVERSIONES - COMPARTIMENTO INTERNACIONAL COLPATRIA,97,FONDOS DE CAPITAL PRIVADO,2025-08-29T00:00:00.000,2025-12-31T00:00:00.000,125,2025
11427,CARTERA COLECTIVA ABIERTA EFECTIVO A LA VISTA,12,FIC DE TIPO GENERAL,2025-01-01T00:00:00.000,2025-12-31T00:00:00.000,2190,2025
73590,FCP - VALOR FORESTAL - CAUCHO 09 (EN LIQUIDACIÓN),38,FONDOS DE CAPITAL PRIVADO,2025-01-01T00:00:00.000,2025-12-31T00:00:00.000,365,2025
101471,FIC SURA RENTA FIJA COLOMBIA,58,FIC DE TIPO GENERAL,2025-01-01T00:00:00.000,2025-12-31T00:00:00.000,730,2025
50276,FIC COMPARTIMENTO A SECCIÓN I ASHMORE DEL FONDO DE INFRAESTRUCTURA COLOMBIA ASHMORE - FCP,16,FONDOS DE CAPITAL PRIVADO,2025-01-01T00:00:00.000,2025-12-31T00:00:00.000,365,2025
106820,FONDO DE CAPITAL PRIVADO RED HOSPITALARIA COLOMBIA,9,FONDOS DE CAPITAL PRIVADO,2025-01-01T00:00:00.000,2025-12-31T00:00:00.000,365,2025
34630,FONDO DE INFRAESTRUCTURA BROOKFIELD COLOMBIA - SUBCOMPARTIMENTO LP,16,FONDOS DE CAPITAL PRIVADO,2025-01-01T00:00:00.000,2025-12-31T00:00:00.000,365,2025
121642,FONDO DE INVERSION COLECTIVA ABIERTO GLOBAL VISTA,9,FIC DE TIPO GENERAL,2025-01-01T00:00:00.000,2025-12-31T00:00:00.000,365,2025
69537,FONDO DE INVERSION COLECTIVA ABIERTO FIC 600,39,FIC DE TIPO GENERAL,2025-01-01T00:00:00.000,2025-12-31T00:00:00.000,4725,2025
117765,FIC SURA CREDITO PRIVADO II,58,FIC DE TIPO GENERAL,2025-01-01T00:00:00.000,2025-12-31T00:00:00.000,365,2025
73586,FCP - VALOR FORESTAL - CAUCHO 05(EN LIQUIDACIÓN),38,FONDOS DE CAPITAL PRIVADO,2025-01-01T00:00:00.000,2025-12-31T00:00:00.000,365,2025
50411,FONDO DE CAPITAL PRIVADO TRIBECA NATURAL RESOURCES FUND COMP. B TRIBECA NATURAL RESOURCES,16,FONDOS DE CAPITAL PRIVADO,2025-01-01T00:00:00.000,2025-12-31T00:00:00.000,365,2025
81088,FCP NEXUS COMP INMUEBLES ALPOPULAR,21,FONDOS DE CAPITAL PRIVADO,2025-01-01T00:00:00.000,2025-12-31T00:00:00.000,365,2025
27283,FONDO DE INFRAESTRUCTURA BROOKFIELD COLOMBIA - COMPARTIMENTO II,16,FONDOS DE CAPITAL PRIVADO,2025-01-01T00:00:00.000,2025-12-31T00:00:00.000,365,2025
59079,FIC ACCIONES GLOBALES,26,FIC DE TIPO GENERAL,2025-01-01T00:00:00.000,2025-12-31T00:00:00.000,1095,2025
59950,CPVAL TERMICO - EN LIQUIDACIÓN,28,FONDOS DE CAPITAL PRIVADO,2025-01-01T00:00:00.000,2025-12-26T00:00:00.000,360,2025
10026,FONDO DE INVERSION COLECTIVA SUPERIOR,42,FIC DE TIPO GENERAL,2025-01-01T00:00:00.000,2025-12-31T00:00:00.000,2495,2025
116353,FONDO DE INVERSIÓN COLECTIVA CERRADO INTELIGENCIA ARTIFICIAL CON CAPITAL PROTEGIDO,26,FIC DE TIPO GENERAL,2025-01-01T00:00:00.000,2025-12-15T00:00:00.000,698,2025
122574,FONDO DE INVERSIÓN COLECTIVA ABIERTO RENTA DIGITAL ALTO CRECIMIENTO,22,FIC DE TIPO GENERAL,2025-01-01T00:00:00.000,2025-12-31T00:00:00.000,365,2025
2852,FONDO DE INVERSIÓN COLECTIVA ABIERTO FIDUCUENTA,31,FIC DE TIPO GENERAL,2025-01-01T00:00:00.000,2025-12-31T00:00:00.000,365,2025
28080,FONDO DE CAPITAL PRIVADO NEXUS INFRAESTRUCTURA I FCP - COMPARTIMENTO B EN LIQUIDACION,31,FONDOS DE CAPITAL PRIVADO,2025-01-01T00:00:00.000,2025-12-31T00:00:00.000,365,2025
60275,FONDO DE INVERSION COLECTIVA ABIERTO RENTAVAL,91,FIC DE TIPO GENERAL,2025-01-01T00:00:00.000,2025-12-31T00:00:00.000,365,2025
58247,FONDO DE DEUDA SENIOR PARA INFRAESTRUCTURA EN COLOMBIA CAF ASHMORE I,16,FONDOS DE CAPITAL PRIVADO,2025-01-01T00:00:00.000,2025-12-31T00:00:00.000,365,2025
74094,"FONDO DE CAPITAL PRIVADO INMOBILIARIO POR COMPARTIMENTOS AZUR, COMPARTIMENTO BLOCPORT",97,FONDOS DE CAPITAL PRIVADO,2025-01-01T00:00:00.000,2025-12-31T00:00:00.000,365,2025
3644,FONDO DE INVERSIÓN COLECTIVA ABIERTO RENTA ACCIONES LATAM,31,FIC DE TIPO GENERAL,2025-01-01T00:00:00.000,2025-12-31T00:00:00.000,1095,2025
102364,FONDO ASHMORE ANDINO III - FCP COMPARTIMENTO C,16,FONDOS DE CAPITAL PRIVADO,2025-01-01T00:00:00.000,2025-12-31T00:00:00.000,730,2025
99251,COMPARTIMENTO ASIS INVEST - FONDO DE CAPITAL PRIVADO LA MONTERA,16,FONDOS DE CAPITAL PRIVADO,2025-01-01T00:00:00.000,2025-12-31T00:00:00.000,365,2025
79146,COMPARTIMENTO SENIOR LIVING I FCP SURA AM INMOBILIARIO,31,FONDOS DE CAPITAL PRIVADO,2025-01-01T00:00:00.000,2025-12-31T00:00:00.000,365,2025
11014,FONDO DE INVERSIÓN COLECTIVA ABIERTO SIN PACTO DE PERMANENCIA ACCION UNO,33,FIC DE TIPO GENERAL,2025-01-01T00:00:00.000,2025-12-31T00:00:00.000,365,2025
116926,FONDO CERRADO ALIANZA ALTERNATIVOS LOCAL MEDIANO PLAZO 5 AÑOS,16,FIC DE TIPO GENERAL,2025-01-01T00:00:00.000,2025-12-31T00:00:00.000,2806,2025
58750,FONDO DE INVERSION COLECTIVA CERRADA OCCIDECOL,21,FIC DE TIPO GENERAL,2025-01-01T00:00:00.000,2025-12-31T00:00:00.000,365,2025
77050,FONDO DE CAPITAL PRIVADO MALLPLAZA - COMPARTIMENTO FARO INMOBILIARIO,26,FONDOS DE CAPITAL PRIVADO,2025-01-01T00:00:00.000,2025-12-31T00:00:00.000,365,2025
97588,FONDO DE INVERSIÓN COLECTIVA CERRADO SENTENCIAS NACIÓN ALIANZA,16,FIC DE TIPO GENERAL,2025-01-01T00:00:00.000,2025-12-31T00:00:00.000,1460,2025
128628,FONDO DE INVERSIÓN COLECTIVA SINERGIA,39,FIC DE TIPO GENERAL,2025-12-23T00:00:00.000,2025-12-31T00:00:00.000,10,2025
59501,INMOVAL FONDO INMOBILIARIO,28,FIC INMOBILIARIAS,2025-01-01T00:00:00.000,2025-12-31T00:00:00.000,365,2025
74174,COMPARTIMENTO B FCP AVENIDA COLOMBIA PEF II,20,FONDOS DE CAPITAL PRIVADO,2025-01-01T00:00:00.000,2025-12-31T00:00:00.000,1825,2025
58883,CREDICORP CAPITAL DEUDA CORPORATIVA,28,FIC DE TIPO GENERAL,2025-01-01T00:00:00.000,2025-12-31T00:00:00.000,1095,2025
90303,FONDO DE INVERSION COLECTIVA ABIERTO CON PACTO DE PERMANENCIA META DECIDIDA,21,FIC DE TIPO GENERAL,2025-01-01T00:00:00.000,2025-12-31T00:00:00.000,365,2025
66528,COMPARTIMENTO ALIMENTOS VALUARY,21,FONDOS DE CAPITAL PRIVADO,2025-01-01T00:00:00.000,2025-12-29T00:00:00.000,363,2025
3049,FONDO DE INVERSION COLECTIVA ABIERTO CON PACTO DE PERMANENCIA PLAN SEMILLA,31,FIC DE TIPO GENERAL,2025-01-01T00:00:00.000,2025-12-31T00:00:00.000,365,2025
93625,FONDO DE INVERSION COLECTIVA ABIERTO RENTA FUTURO,22,FIC DE TIPO GENERAL,2025-01-01T00:00:00.000,2025-12-31T00:00:00.000,840,2025
122444,FONDO DE INVERSIÓN COLECTIVA FINCA RAÍZ INTERNACIONAL,26,FIC DE TIPO GENERAL,2025-01-01T00:00:00.000,2025-12-31T00:00:00.000,660,2025
11356,FONDO DE INVERSIÓN COLECTIVA ABIERTO FIDULIQUIDEZ,18,FIC DE TIPO GENERAL,2025-01-01T00:00:00.000,2025-12-31T00:00:00.000,2190,2025
96938,FONDO DE CAPITAL PRIVADO CATTLEYA COMPATIMENTO 3,20,FONDOS DE CAPITAL PRIVADO,2025-01-01T00:00:00.000,2025-12-30T00:00:00.000,728,2025
115478,FONDO DE CAPITAL PRIVADO  YELLOWSTONE FLAGSHIP OPPORTUNITY FUND IV,16,FONDOS DE CAPITAL PRIVADO,2025-01-01T00:00:00.000,2025-12-31T00:00:00.000,1825,2025
60678,FONDO BURSÁTIL ISHARES  MSCI COLCAP,73,FIC BURSATILES,2025-01-01T00:00:00.000,2025-12-31T00:00:00.000,365,2025
59009,FONDO DE CAPITAL PRIVADO TC LATAM - COMPARTIMENTO B,26,FONDOS DE CAPITAL PRIVADO,2025-01-01T00:00:00.000,2025-12-31T00:00:00.000,365,2025
58347,FIC INTERÉS,26,FIC DE TIPO GENERAL,2025-01-01T00:00:00.000,2025-12-31T00:00:00.000,2920,2025
126374,FONDO DE INVERSIÓN COLECTIVA CERRADO SKANDIA ESTRUCTURADO EURO STOXX600 CON CAPITAL PROTEGIDO,7,FIC DE TIPO GENERAL,2025-08-12T00:00:00.000,2025-12-31T00:00:00.000,276,2025
128395,FONDO DE CAPITAL PRIVADO UNIVERSA - COMPARTIMENTO I UNIVERSA,97,FONDOS DE CAPITAL PRIVADO,2025-12-10T00:00:00.000,2025-12-31T00:00:00.000,22,2025
65734,FONDO DE CAPITAL PRIVADO TC LATAM - COMPARTIMENTO G TC LATAM,26,FONDOS DE CAPITAL PRIVADO,2025-01-01T00:00:00.000,2025-12-31T00:00:00.000,365,2025
3814,FONDO DE INVERSIÓN COLECTIVA ABIERTO RENTA FIJA PLAZO,31,FIC DE TIPO GENERAL,2025-01-01T00:00:00.000,2025-12-31T00:00:00.000,730,2025
58948,FONDO DE CAPITAL PRIVADO ENERGETICO - COMPARTIMENTO C,26,FONDOS DE CAPITAL PRIVADO,2025-01-01T00:00:00.000,2025-12-31T00:00:00.000,365,2025
9453,FONDO DE INVERSIÓN COLECTIVA ABIERTO SIN PACTO DE PERMANENCIA OCCITESOROS,21,FIC DE TIPO GENERAL,2025-01-01T00:00:00.000,2025-12-31T00:00:00.000,3537,2025
128110,FCP POR COMPARTIMENTOS GESTIÓN INMOBILIARIA - COMPARTIMENTO  VITALIA CAPITAL,9,FONDOS DE CAPITAL PRIVADO,2025-12-09T00:00:00.000,2025-12-31T00:00:00.000,23,2025
77049,FONDO DE CAPITAL PRIVADO MALLPLAZA - COMPARTIMENTO AS,26,FONDOS DE CAPITAL PRIVADO,2025-01-01T00:00:00.000,2025-12-31T00:00:00.000,365,2025
121640,FONDO DE INVERSION COLECTIVA CERRADO CREDIT OPPORTUNITIES FUND TITULOS VALORES,9,FIC DE TIPO GENERAL,2025-01-01T00:00:00.000,2025-12-31T00:00:00.000,365,2025
71846,FCP 4G CREDICORP CAPITAL - SURA AM COMP LIQUIDEZ I,28,FONDOS DE CAPITAL PRIVADO,2025-01-01T00:00:00.000,2025-12-31T00:00:00.000,1122,2025
50272,FONDO DE CAPITAL PRIVADO RUTA DEL SOL COMPARTIMENTO A1,16,FONDOS DE CAPITAL PRIVADO,2025-01-01T00:00:00.000,2025-12-31T00:00:00.000,365,2025
109806,FCP NEXUS - COMPARTIMENTO INMUEBLES AV VILLAS - CORFICOLOMBIANA,21,FONDOS DE CAPITAL PRIVADO,2025-01-01T00:00:00.000,2025-12-31T00:00:00.000,365,2025
102363,FONDO ASHMORE ANDINO III - FCP COMPARTIMENTO B,16,FONDOS DE CAPITAL PRIVADO,2025-01-01T00:00:00.000,2025-12-31T00:00:00.000,1095,2025
125474,FONDO AXIOS,38,FIC DE TIPO GENERAL,2025-06-11T00:00:00.000,2025-12-31T00:00:00.000,313,2025
13174,F.I.C. A. MERCADO MONETARIO CONFIANZA PLUS,20,FIC DE MERCADO MONETARIO,2025-01-01T00:00:00.000,2025-12-31T00:00:00.000,2076,2025
112099,FONDO DE CAPITAL PRIVADO POR COMPARTIMENTOS AVANTI,9,FONDOS DE CAPITAL PRIVADO,2025-01-01T00:00:00.000,2025-12-31T00:00:00.000,365,2025
124699,FCP POR COMPARTIMENTOS NEGOCIOS DIGITALES - COMPARTIMENTO TRAVEL TECH VENTURES,9,FONDOS DE CAPITAL PRIVADO,2025-04-15T00:00:00.000,2025-04-20T00:00:00.000,5,2025
120187,FONDO CERRADO ALIANZA SENTENCIAS NACIÓN NO 5,16,FIC DE TIPO GENERAL,2025-01-01T00:00:00.000,2025-12-31T00:00:00.000,1460,2025
124259,FCP BANCOLDEX CAPITAL FDF II COMPARTIMENTO IMPULSO TERRITORIAL,40,FONDOS DE CAPITAL PRIVADO,2025-03-28T00:00:00.000,2025-12-31T00:00:00.000,558,2025
65875,FIC FONDO DE SEGURIDAD BOLIVAR,42,FIC DE TIPO GENERAL,2025-01-01T00:00:00.000,2025-12-31T00:00:00.000,365,2025
58918,CREDICORP CAPITAL ACCIONES GLOBALES,28,FIC DE TIPO GENERAL,2025-01-01T00:00:00.000,2025-12-31T00:00:00.000,846,2025
73592,FCP VALOR FORESTAL CAUCHO 11 (EN LIQUIDACIÓN),38,FONDOS DE CAPITAL PRIVADO,2025-01-01T00:00:00.000,2025-12-31T00:00:00.000,365,2025
106813,FONDO DE INVERSIÓN COLECTIVA RENTA FIJA ABIERTO CON PACTO DE PERMANENCIA MEDIANO PLAZO,9,FIC DE TIPO GENERAL,2025-01-01T00:00:00.000,2025-12-31T00:00:00.000,365,2025
113006,FCP. CATTLEYA COMPATIMENTO 5,20,FONDOS DE CAPITAL PRIVADO,2025-01-01T00:00:00.000,2025-12-31T00:00:00.000,1061,2025
106749,FIC SURA CREDITO PRIVADO III,58,FIC DE TIPO GENERAL,2025-01-01T00:00:00.000,2025-12-31T00:00:00.000,730,2025
9645,F.I.C. CON PACTO DE PERMANENCIA CAPITAL PLUS,20,FIC DE TIPO GENERAL,2025-01-01T00:00:00.000,2025-12-31T00:00:00.000,365,2025
8742,FIC ABIERTO BBVA FAM CON PARTICIPACIONES DIFERENCIALES,3,FIC DE TIPO GENERAL,2025-01-01T00:00:00.000,2025-12-31T00:00:00.000,2555,2025
3078,FONDO DE INVERSIÓN COLECTIVA ABIERTO RENTA BALANCEADO,31,FIC DE TIPO GENERAL,2025-01-01T00:00:00.000,2025-12-31T00:00:00.000,365,2025
123120,FONDO DE INVERSIÓN COLECTIVA EVOLUCIÓN 1525,39,FIC DE TIPO GENERAL,2025-01-01T00:00:00.000,2025-12-31T00:00:00.000,1096,2025
120909,RETIRO FONDO DE INVERSIÓN COLECTIVA ABIERTO CON PACTO DE PERMANENCIA,6,FIC DE TIPO GENERAL,2025-01-01T00:00:00.000,2025-12-31T00:00:00.000,365,2025
82379,FIC ABIERTO CON PACTO DE PERMANENCIA AVANZAR 90 DIAS,62,FIC DE TIPO GENERAL,2025-01-01T00:00:00.000,2025-12-31T00:00:00.000,2030,2025
125072,FONDO DE CAPITAL PRIVADO BPAC COMPARTIMENTO BPAC S-I,14,FONDOS DE CAPITAL PRIVADO,2025-05-20T00:00:00.000,2025-12-31T00:00:00.000,226,2025
96092,FONDO DE CAPITAL PRIVADO COLPATRIA INTERNACIONAL,59,FONDOS DE CAPITAL PRIVADO,2025-01-01T00:00:00.000,2025-09-30T00:00:00.000,273,2025
73723,FONDO DE INVERSIÓN COLECTIVA ABIERTO CON PACTO DE PERMANENCIA ALIANZA RENTA FIJA MERCADOS EMERGENTE,16,FIC DE TIPO GENERAL,2025-01-01T00:00:00.000,2025-12-22T00:00:00.000,1068,2025
86055,FCP CATTLEYA - COMPARTIMENTO 1,20,FONDOS DE CAPITAL PRIVADO,2025-01-01T00:00:00.000,2025-12-30T00:00:00.000,1092,2025
121644,FONDO DE CAPITAL PRIVADO POR COMPARTIMENTOS PLATAFORM - COMPARTIMENTO UNO  PLATAFORM EQUITY,9,FONDOS DE CAPITAL PRIVADO,2025-01-01T00:00:00.000,2025-12-31T00:00:00.000,365,2025
65731,FONDO DE CAPITAL PRIVADO TC LATAM - COMPARTIMENTO E TC LATAM,26,FONDOS DE CAPITAL PRIVADO,2025-01-01T00:00:00.000,2025-12-31T00:00:00.000,365,2025
93624,BTG PACTUAL ACCIONES MERCADOS EMERGENTES,14,FIC DE TIPO GENERAL,2025-01-01T00:00:00.000,2025-12-31T00:00:00.000,1397,2025
91000,FCP NEXUS COMP INMUEBLES OCCIDENTE,21,FONDOS DE CAPITAL PRIVADO,2025-01-01T00:00:00.000,2025-12-31T00:00:00.000,365,2025
18462,FONDO CASH CONSERVADOR ALIANZA 1525,16,FIC DE TIPO GENERAL,2025-01-01T00:00:00.000,2025-12-31T00:00:00.000,5249,2025
122272,FONDO DE INVERSIÓN COLECTIVA FIDUPREVISORA SOSTENIBLE,12,FIC DE TIPO GENERAL,2025-02-26T00:00:00.000,2025-12-31T00:00:00.000,1253,2025
73317,FONDO DE CAPITAL PRIVADO ARMILLA CAPITAL-COMPARTIMENTO ALPES,16,FONDOS DE CAPITAL PRIVADO,2025-01-01T00:00:00.000,2025-12-31T00:00:00.000,365,2025
117825,FONDO DE INVERSIÓN COLECTIVA RENTA 100,39,FIC DE TIPO GENERAL,2025-01-01T00:00:00.000,2025-05-13T00:00:00.000,289,2025
119144,FONDO DE INVERSION COLECTIVA ABIERTO ITAU CORTO PLAZO,88,FIC DE TIPO GENERAL,2025-01-01T00:00:00.000,2025-12-31T00:00:00.000,2190,2025
61112,COMPARTIMENTO DEUDA PRIVADA INFRAESTRUCTURA I,28,FONDOS DE CAPITAL PRIVADO,2025-01-01T00:00:00.000,2025-12-31T00:00:00.000,1095,2025
109571,FONDO DE CAPITAL PRIVADO SKANDIA ALTERNATIVO - COMPARTIMENTO IMPACTO,7,FONDOS DE CAPITAL PRIVADO,2025-01-01T00:00:00.000,2025-12-31T00:00:00.000,1095,2025
77191,FONDO DE CAPITAL PRIVADO INMOBILIARIO SERVIVALORES GNB SUDAMERIS,91,FONDOS DE CAPITAL PRIVADO,2025-01-01T00:00:00.000,2025-12-31T00:00:00.000,365,2025
110489,FCP NEXUS - COMPARTIMENTO INMUEBLES ALMAVIVA,21,FONDOS DE CAPITAL PRIVADO,2025-01-01T00:00:00.000,2025-12-31T00:00:00.000,365,2025
50283,FONDO DE CAPITAL PRIVADO TRG FCP LA I,16,FONDOS DE CAPITAL PRIVADO,2025-01-01T00:00:00.000,2025-12-31T00:00:00.000,365,2025
67598,FONDO DE CAPITAL AGROEMPRESAS COLOMBIA DE SEAF,21,FONDOS DE CAPITAL PRIVADO,2025-01-01T00:00:00.000,2025-12-31T00:00:00.000,365,2025
95754,FCP CARTAMA - COMPARTIMENTO GLOBAL,31,FONDOS DE CAPITAL PRIVADO,2025-01-01T00:00:00.000,2025-12-31T00:00:00.000,365,2025
105752,FCP MCL IV,21,FONDOS DE CAPITAL PRIVADO,2025-01-01T00:00:00.000,2025-12-31T00:00:00.000,1460,2025
71197,FONDO DE INVERSIÓN COLECTIVA ABIERTO FIC AVANZAR VISTA,62,FIC DE TIPO GENERAL,2025-01-01T00:00:00.000,2025-12-31T00:00:00.000,2920,2025
124693,FONDO DE CAPITAL PRIVADO POR COMPARTIMENTOS NEGOCIOS DIGITALES,9,FONDOS DE CAPITAL PRIVADO,2025-04-21T00:00:00.000,2025-12-31T00:00:00.000,255,2025
50439,COMPARTIMENTO ZONA FRANCA DEL FONDO DE CAPITAL PRIVADO INVERLINK ESTRUCTURAS INMOBILIARIAS,16,FONDOS DE CAPITAL PRIVADO,2025-01-01T00:00:00.000,2025-12-31T00:00:00.000,365,2025
113658,FONDO DE INVERSION COLECTIVA DIVERSIFICADO CONSERVADOR,26,FIC DE TIPO GENERAL,2025-01-01T00:00:00.000,2025-12-31T00:00:00.000,365,2025
58756,CREDICORP CAPITAL ALTA LIQUIDEZ,28,FIC DE TIPO GENERAL,2025-01-01T00:00:00.000,2025-12-31T00:00:00.000,2190,2025
50518,FONDO DE CO-INVERSIÓN CON EL FONDO DE INFRAESTRUCTURA ASHMORE I - FCP  COMPARTIMENTO 3 - CODAD S.A,16,FONDOS DE CAPITAL PRIVADO,2025-01-01T00:00:00.000,2025-12-31T00:00:00.000,365,2025
10659,FONDO DE INVERSION COLECTIVA ABIERTO FIDUGOB,22,FIC DE TIPO GENERAL,2025-01-01T00:00:00.000,2025-12-31T00:00:00.000,3285,2025
59738,FONDO DE INVERSION COLECTIVA ABIERTO RENTA VARIABLE COLOMBIA,22,FIC DE TIPO GENERAL,2025-01-01T00:00:00.000,2025-12-31T00:00:00.000,1095,2025
85697,FONDO DE INVERSIÓN COLECTIVA INMOBILIARIO SURA AM RENTAS INMOBILIARIAS,31,FIC INMOBILIARIAS,2025-01-01T00:00:00.000,2025-12-31T00:00:00.000,730,2025
100095,BTG PACTUAL DINAMICO,14,FIC DE TIPO GENERAL,2025-01-01T00:00:00.000,2025-12-31T00:00:00.000,1825,2025
65733,FONDO DE CAPITAL PRIVADO TC LATAM - COMPARTIMENTO F TC LATAM,26,FONDOS DE CAPITAL PRIVADO,2025-01-01T00:00:00.000,2025-12-31T00:00:00.000,365,2025
90256,FONDO DE CAPITAL PRIVADO INMOBILIARIO SALUD COMPARTIMENTO 1,16,FONDOS DE CAPITAL PRIVADO,2025-01-01T00:00:00.000,2025-12-31T00:00:00.000,730,2025
126650,FONDO DE CAPITAL PRIVADO ABACUS III COMPARTIMENTO I IRIS,97,FONDOS DE CAPITAL PRIVADO,2025-08-29T00:00:00.000,2025-12-31T00:00:00.000,125,2025
67404,FONDO DE INVERSION COLECTIVA ABIERTO CON PACTO PERMANENCIA ALIANZA RENTA FIJA 90,16,FIC DE TIPO GENERAL,2025-01-01T00:00:00.000,2025-12-31T00:00:00.000,3017,2025
58703,FONDO DE CAPITAL PRIVADO CORREDORES CAPITAL I,26,FONDOS DE CAPITAL PRIVADO,2025-01-01T00:00:00.000,2025-12-31T00:00:00.000,365,2025
81171,FONDO DE INVERSIÓN COLECTIVA CERRADO INMOBILIARIO GRANDES SUPERFICIES,7,FIC INMOBILIARIAS,2025-01-01T00:00:00.000,2025-12-31T00:00:00.000,365,2025
82718,FONDO DE INVERSIÓN COLECTIVA ABIERTO CON PACTO DE PERMANENCIA RENTAPAIS,39,FIC DE TIPO GENERAL,2025-01-01T00:00:00.000,2025-12-31T00:00:00.000,365,2025
28405,FONDO DE CAPITAL PRIVADO OXO - PROPIEDADES SOSTENIBLES COMPARTIMENTO II. OXO - PROPIEDADES SOSTENIB,16,FONDOS DE CAPITAL PRIVADO,2025-01-01T00:00:00.000,2025-12-31T00:00:00.000,365,2025
29495,FONDO DE INVERSIÓN COLECTIVA ABIERTO CON PACTO DE PERMANENCIA ÓPTIMO,22,FIC DE TIPO GENERAL,2025-01-01T00:00:00.000,2025-12-31T00:00:00.000,365,2025
119494,FONDO DE INVERSION COLECTIVA CERRADO ALTERNATIVA PLAZO FIJO V,21,FIC DE TIPO GENERAL,2025-01-01T00:00:00.000,2025-04-10T00:00:00.000,100,2025
64114,FONDO ASHMORE ANDINO II - FCP COMPARTIMENTO A,16,FONDOS DE CAPITAL PRIVADO,2025-01-01T00:00:00.000,2025-12-31T00:00:00.000,1095,2025
60348,FONDO DE INVERSIÓN COLECTIVA INMOBILIARIO VISUM RENTAS INMOBILIARIAS,14,FIC INMOBILIARIAS,2025-01-01T00:00:00.000,2025-12-31T00:00:00.000,365,2025
110574,CREDICORP CAPITAL INNOVACIÓN LATAM,28,FIC DE TIPO GENERAL,2025-01-01T00:00:00.000,2025-12-31T00:00:00.000,730,2025
115124,FIC ABIERTO ACCICUENTA CONSERVADOR,3,FIC DE TIPO GENERAL,2025-01-01T00:00:00.000,2025-12-31T00:00:00.000,365,2025
2971,FONDO DE INVERSION COLECTIVA ABIERTO CON PACTO DE PERMANENCIA FIDURENTA,31,FIC DE TIPO GENERAL,2025-01-01T00:00:00.000,2025-12-31T00:00:00.000,1825,2025
126932,FONDO DE INVERSIÓN COLECTIVA ABIERTO BTG PACTUAL SOLIDEZ,14,FIC DE TIPO GENERAL,2025-09-16T00:00:00.000,2025-12-31T00:00:00.000,183,2025
93197,CREDICORP CAPITAL VISTA,28,FIC DE TIPO GENERAL,2025-01-01T00:00:00.000,2025-12-31T00:00:00.000,1772,2025
72409,FONDO DE INVERSION COLECTIVA CERRADO ACCICOLF VANGUARDIA ACCIONES ORDINARIAS,21,FIC DE TIPO GENERAL,2025-01-01T00:00:00.000,2025-12-31T00:00:00.000,365,2025
119158,FONDO DE INVERSION COLECTIVA ABIERTO ITAU ACCIONES COLOMBIA,88,FIC DE TIPO GENERAL,2025-01-01T00:00:00.000,2025-12-31T00:00:00.000,365,2025
93253,CREDICORP CAPITAL REAL ESTATE 2011 - COMPARTIMENTO UNO EN LIQUIDACIÓN,28,FONDOS DE CAPITAL PRIVADO,2025-01-01T00:00:00.000,2025-12-31T00:00:00.000,365,2025
53954,F.I.C. VALOR PLUS I,20,FIC DE TIPO GENERAL,2025-01-01T00:00:00.000,2025-12-31T00:00:00.000,4724,2025
121932,FCP. NEXT UTILITY VENTURES COMP. 2,20,FONDOS DE CAPITAL PRIVADO,2025-01-01T00:00:00.000,2025-12-31T00:00:00.000,365,2025
53970,FONDO DE INVERSION COLECTIVA CERRADO SURA CREDITO PRIVADO COLOMBIA,58,FIC DE TIPO GENERAL,2025-01-01T00:00:00.000,2025-12-31T00:00:00.000,1456,2025
32814,FONDO DE INVERSION COLECTIVA CCA RENTALIQUIDA FIDUCAFE,42,FIC DE TIPO GENERAL,2025-01-01T00:00:00.000,2025-12-31T00:00:00.000,1405,2025
99377,FONDO DE CAPITAL PRIVADO PLENTIA INVERSIONES COMPARTIMENTO IV ARGO,97,FONDOS DE CAPITAL PRIVADO,2025-01-01T00:00:00.000,2025-12-31T00:00:00.000,365,2025
115726,FONDO DE INVERSIÓN COLECTIVA ABIERTO CON PACTO DE PERMANENCIA SCOTIA PORTAFOLIO GLOBAL MÁS CONSERVA,25,FIC DE TIPO GENERAL,2025-01-01T00:00:00.000,2025-12-31T00:00:00.000,1095,2025
111307,F.C.P. VID COMPARTIMENTO II JIDUSH,20,FONDOS DE CAPITAL PRIVADO,2025-01-01T00:00:00.000,2025-12-31T00:00:00.000,1246,2025
119695,FIC ABIERTO SIN PACTO DE PERMANENCIA ETF 500 US,3,FIC DE TIPO GENERAL,2025-01-01T00:00:00.000,2025-12-31T00:00:00.000,365,2025
72899,FONDO DE CAPITAL PRIVADO INMOBILIARIO GRUPO PEGASUS COLOMBIA FONDO I COMPARTIMENTO 1 PEGASUS VIVIEN,26,FONDOS DE CAPITAL PRIVADO,2025-01-01T00:00:00.000,2025-12-31T00:00:00.000,730,2025
119160,FONDO DE INVERSION COLECTIVA ITAÚ DOLAR RENTA FIJA,88,FIC DE TIPO GENERAL,2025-01-01T00:00:00.000,2025-12-31T00:00:00.000,365,2025
50304,FONDO DE CAPITAL PRIVADO VALORAR FUTURO,16,FONDOS DE CAPITAL PRIVADO,2025-01-01T00:00:00.000,2025-12-31T00:00:00.000,365,2025
59105,CREDICORP CAPITAL ACCIONES COLOMBIA,28,FIC DE TIPO GENERAL,2025-01-01T00:00:00.000,2025-12-31T00:00:00.000,1132,2025
126160,FONDO DE CAPITAL PRIVADO AZUR COMPARTIMENTO M116,97,FONDOS DE CAPITAL PRIVADO,2025-07-29T00:00:00.000,2025-12-31T00:00:00.000,156,2025
34644,FONDO DE INFRAESTRUCTURA BROOKFIELD COLOMBIA - SUBCOMPARTIMENTO GP,16,FONDOS DE CAPITAL PRIVADO,2025-01-01T00:00:00.000,2025-12-31T00:00:00.000,365,2025
121928,FCP. CAPITAL PRIVADO NEXT UTILITY VENTURES COMPARTIMENTO I.,20,FONDOS DE CAPITAL PRIVADO,2025-01-01T00:00:00.000,2025-12-31T00:00:00.000,1509,2025
38802,FONDO DE CAPITAL PRIVADO OXO - PROPIEDADES SOSTENIBLES COMPARTIMENTO III. BARRANQUILLA. OXO - PROPI,16,FONDOS DE CAPITAL PRIVADO,2025-01-01T00:00:00.000,2025-12-31T00:00:00.000,365,2025
11962,FONDO DE INVERSIÓN COLECTIVA ABIERTO BBVA PAÍS CON PARTICIPACIONES DIFERENCIALES,3,FIC DE TIPO GENERAL,2025-01-01T00:00:00.000,2025-12-31T00:00:00.000,1460,2025
113579,FONDO CERRADO ALIANZA ALTERNATIVOS LOCAL MEDIANO PLAZO,16,FIC DE TIPO GENERAL,2025-01-01T00:00:00.000,2025-12-31T00:00:00.000,2190,2025
102266,COMPARTIMENTO A - FCP DEUDA INFRAESTRUCTURA II SURA - CREDICORP CAPITAL,28,FONDOS DE CAPITAL PRIVADO,2025-01-01T00:00:00.000,2025-12-31T00:00:00.000,1095,2025
10025,FONDO DE INVERSION COLECTIVA CONSOLIDAR,42,FIC DE TIPO GENERAL,2025-01-01T00:00:00.000,2025-12-31T00:00:00.000,365,2025
67403,FONDO DE INVERSION COLECTIVA ABIERTO CON PACTO DE PERMANENCIA ALIANZA ACCIONES,16,FIC DE TIPO GENERAL,2025-01-01T00:00:00.000,2025-12-31T00:00:00.000,2522,2025
11286,FONDO DE INVERSIÓN COLECTIVA ABIERTO RENTAR,18,FIC DE TIPO GENERAL,2025-01-01T00:00:00.000,2025-12-31T00:00:00.000,2920,2025
96346,FONDO DE CAPITAL PRIVADO PLENTIA INVERSIONES - COMPARTIMENTO II - INVERLOJA,97,FONDOS DE CAPITAL PRIVADO,2025-01-01T00:00:00.000,2025-12-31T00:00:00.000,365,2025
60273,FONDO DE INVERSIÓN COLECTIVA CERRADO BTG PACTUAL CRÉDITO,14,FIC DE TIPO GENERAL,2025-01-01T00:00:00.000,2025-12-31T00:00:00.000,631,2025
11149,FONDO DE INVERSIÓN COLECTIVA FIDUCOLDEX,40,FIC DE TIPO GENERAL,2025-01-01T00:00:00.000,2025-12-31T00:00:00.000,3946,2025
59076,FIC RENTA FIJA MEDIANO PLAZO MULTIESCALA,26,FIC DE TIPO GENERAL,2025-01-01T00:00:00.000,2025-12-31T00:00:00.000,1095,2025
108638,BTG PACTUAL ALTA DURACION COLOMBIA,14,FIC DE TIPO GENERAL,2025-01-01T00:00:00.000,2025-12-31T00:00:00.000,1825,2025
121641,FONDO DE INVERSION COLECTIVA CERRADO RENTA CREDITO,9,FIC DE TIPO GENERAL,2025-01-01T00:00:00.000,2025-12-31T00:00:00.000,365,2025
121648,FONDO DE CAPITAL PRIVADO TAURUS CAPITAL COMPARTIMENTO UNO,9,FONDOS DE CAPITAL PRIVADO,2025-01-01T00:00:00.000,2025-12-31T00:00:00.000,365,2025
67066,CREDICORP CAPITAL DEUDA CORPORATIVA LATAM,28,FIC DE TIPO GENERAL,2025-01-01T00:00:00.000,2025-12-31T00:00:00.000,730,2025
118816,FONDO CERRADO ALIANZA SENTENCIAS NACIÓN NO 4,16,FIC DE TIPO GENERAL,2025-01-01T00:00:00.000,2025-12-31T00:00:00.000,1095,2025
2713,FONDO DE CAPITAL PRIVADO FONDO INMOBILIARIO COLOMBIA,31,FONDOS DE CAPITAL PRIVADO,2025-01-01T00:00:00.000,2025-12-31T00:00:00.000,365,2025
72905,FONDO DE CAPITAL PRIVADO PALADIN REALTY COLOMBIA COMPARTIMENTO B,26,FONDOS DE CAPITAL PRIVADO,2025-01-01T00:00:00.000,2025-12-31T00:00:00.000,365,2025
119133,FONDO DE INVERSION COLECTIVA ABIERTO ITAU MONEY MARKET,88,FIC DE TIPO GENERAL,2025-01-01T00:00:00.000,2025-12-31T00:00:00.000,2190,2025
54576,FONDO DE INVERSION COLECTIVA ABIERTO CON PACTO DE PERMANENCIA ARCO IRIS TÍTULOS DEUDA PRIVADA,33,FIC DE TIPO GENERAL,2025-01-01T00:00:00.000,2025-12-31T00:00:00.000,365,2025
75995,"FONDO DE CO-INVERSIÓN CON EL FONDO DE INFRAESTRUCTURA ASHMORE I FCP, COMPARTIMENTO I",16,FONDOS DE CAPITAL PRIVADO,2025-01-01T00:00:00.000,2025-12-31T00:00:00.000,730,2025
103946,FCP MAS EQUITY FUND III COLOMBIA,21,FONDOS DE CAPITAL PRIVADO,2025-01-01T00:00:00.000,2025-12-31T00:00:00.000,365,2025
106812,FONDO DE CAPITAL PRIVADO PROGRESION INMOBILIARIO,9,FONDOS DE CAPITAL PRIVADO,2025-01-01T00:00:00.000,2025-12-31T00:00:00.000,365,2025
73591,FCP - VALOR FORESTAL - CAUCHO 10 (EN LIQUIDACIÓN),38,FONDOS DE CAPITAL PRIVADO,2025-01-01T00:00:00.000,2025-12-31T00:00:00.000,365,2025
105499,FONDO DE CAPITAL PRIVADO INMOBILIARIO PLUS COMPARTIMENTO I,20,FONDOS DE CAPITAL PRIVADO,2025-01-01T00:00:00.000,2025-12-31T00:00:00.000,881,2025
128956,FONDO DE INVERSIÓN COLECTIVA ABIERTO SIN PACTO DE PERMANENCIA OCCITESOROS,20,FIC DE TIPO GENERAL,2026-01-01T00:00:00.000,2026-09-08T00:00:00.000,2474,2026
136362,COMPARTIMENTO ASEGURAMIENTO - SALUD DEL FONDO DE CAPITAL PRIVADO PATRIA COLOMBIA,31,FONDOS DE CAPITAL PRIVADO,2026-06-22T00:00:00.000,2026-09-08T00:00:00.000,395,2026
66289,FCP SURA ASSET MANAGEMENT ? DESARROLLO INMOBILIARIO COMPARTIMENTO GENERAL,16,FONDOS DE CAPITAL PRIVADO,2026-01-01T00:00:00.000,2026-09-08T00:00:00.000,251,2026
78888,FONDO DE INVERSIÓN COLECTIVA DIVERSIFICADO INTERNACIONAL,26,FIC DE TIPO GENERAL,2026-01-01T00:00:00.000,2026-09-08T00:00:00.000,251,2026
10936,FONDO ABIERTO ALIANZA,16,FIC DE TIPO GENERAL,2026-01-01T00:00:00.000,2026-09-08T00:00:00.000,3263,2026
58958,FONDO DE CAPITAL PRIVADO INVERSOR COMPARTIMENTO B,26,FONDOS DE CAPITAL PRIVADO,2026-01-01T00:00:00.000,2026-09-08T00:00:00.000,251,2026
54582,COMPARTIMENTO 6 DEL FONDO DE CO-INVERSIÓN CON EL FONDO DE INFRAESTRUCTURA ASHMORE I FCP,16,FONDOS DE CAPITAL PRIVADO,2026-01-01T00:00:00.000,2026-09-08T00:00:00.000,251,2026
134161,FONDO DE INVERSIÓN COLECTIVA SKANDIA CERRADO CAT XXVIII,7,FIC DE TIPO GENERAL,2026-02-02T00:00:00.000,2026-09-08T00:00:00.000,841,2026
28133,FONDO DE CAPITAL PRIVADO NEXUS INFRAESTRUCTURA I FCP - COMPARTIMENTO A EN LIQUIDACION,31,FONDOS DE CAPITAL PRIVADO,2026-01-01T00:00:00.000,2026-09-08T00:00:00.000,251,2026
86956,FONDO CAPITAL PRIVADO BANCOLDEX - CAPITAL PARA EMPRENDER,40,FONDOS DE CAPITAL PRIVADO,2026-01-01T00:00:00.000,2026-09-08T00:00:00.000,251,2026
76413,F.I.C. ABIERTA CON PACTO DE PERMANENCIA SOSTENIBLE GLOBAL,20,FIC DE TIPO GENERAL,2026-01-01T00:00:00.000,2026-08-13T00:00:00.000,225,2026
128009,FONDO DE CAPITAL PRIVADO ALTERNATIVOS PLUS - COMPARTIMENTO INTEGRA PLUS,20,FONDOS DE CAPITAL PRIVADO,2026-02-24T00:00:00.000,2026-09-08T00:00:00.000,394,2026
134619,COMPARTIMENTO 10 VIVIENDA URBANÍSTICA ESPECIALIZADA,9,FONDOS DE CAPITAL PRIVADO,2026-02-26T00:00:00.000,2026-09-08T00:00:00.000,195,2026
51953,FONDO DE INVERSIÓN COLECTIVA SKANDIA EFECTIVO,7,FIC DE TIPO GENERAL,2026-01-01T00:00:00.000,2026-09-08T00:00:00.000,2242,2026
106818,FONDO DE CAPITAL PRIVADO PROGRESION PROFUTBOL,9,FONDOS DE CAPITAL PRIVADO,2026-01-01T00:00:00.000,2026-05-29T00:00:00.000,149,2026
10440,FONDO DE INVERSION ABIERTO CASH,34,FIC DE TIPO GENERAL,2026-01-01T00:00:00.000,2026-09-08T00:00:00.000,251,2026
71259,FONDO DE INVERSIÓN COLECTIVA ABIERTO CON PACTO DE PERMANENCIA BTG PACTUAL RENTA FIJA INTERNACIONAL,14,FIC DE TIPO GENERAL,2026-01-01T00:00:00.000,2026-08-11T00:00:00.000,892,2026
80428,ACCIVAL RENTA FIJA 180,3,FIC DE TIPO GENERAL,2026-01-01T00:00:00.000,2026-09-08T00:00:00.000,251,2026
126291,CREDICORP CAPITAL ESTRUCTURADO XI,28,FIC DE TIPO GENERAL,2026-01-01T00:00:00.000,2026-09-08T00:00:00.000,251,2026
123763,FONDO DE INVERSION COLECTIVA ACCIVAL USD,3,FIC DE TIPO GENERAL,2026-01-01T00:00:00.000,2026-09-08T00:00:00.000,251,2026
73587,FCP - VALOR FORESTAL - CAUCHO 06(EN LIQUIDACIÓN),38,FONDOS DE CAPITAL PRIVADO,2026-01-01T00:00:00.000,2026-09-08T00:00:00.000,251,2026
93198,CREDICORP CAPITAL DOLAR EFECTIVO,28,FIC DE TIPO GENERAL,2026-01-01T00:00:00.000,2026-09-08T00:00:00.000,502,2026
113221,COMPARTIMENTO B - FCP DEUDA INFRAESTRUCTURA II SURA - CREDICORP CAPITAL,28,FONDOS DE CAPITAL PRIVADO,2026-01-01T00:00:00.000,2026-09-08T00:00:00.000,251,2026
133530,FCP NEXUS COMP INMUEBLES OCCIDENTE,20,FONDOS DE CAPITAL PRIVADO,2026-01-01T00:00:00.000,2026-09-08T00:00:00.000,251,2026
58699,FONDO DE INVERSIÓN COLECTIVA ABIERTO CON PACTO DE PERMANENCIA BTG PACTUAL ACCIONES COLOMBIA,14,FIC DE TIPO GENERAL,2026-01-01T00:00:00.000,2026-08-11T00:00:00.000,1115,2026
136551,COMPARTIMENTO INVERLINK ALTERNATIVOS V,20,FONDOS DE CAPITAL PRIVADO,2026-08-18T00:00:00.000,2026-09-08T00:00:00.000,44,2026
106809,FONDO DE INVERSION COLECTIVA CERRADO PROGRESION RENTAMAS,9,FIC DE TIPO GENERAL,2026-01-01T00:00:00.000,2026-09-08T00:00:00.000,1004,2026
9792,FONDO DE INVERSION COLECTIVA DAVIPLUS RENTA FIJA PESOS,42,FIC DE TIPO GENERAL,2026-01-01T00:00:00.000,2026-09-08T00:00:00.000,251,2026
58695,FONDO DE INVERSION COLECTIVA ACCIVAL VISTA,3,FIC DE TIPO GENERAL,2026-01-01T00:00:00.000,2026-09-08T00:00:00.000,502,2026
67539,FONDO DE CAPITAL PRIVADO PACTIA INMOBILIARIO,31,FONDOS DE CAPITAL PRIVADO,2026-01-01T00:00:00.000,2026-03-31T00:00:00.000,90,2026
114822,"FONDO DE CAPITAL PRIVADO SMBC - LARRAINVIAL DEUDA - INFRAESTRUCTURA Y ENERGIA, COMPARTIMENTO I",97,FONDOS DE CAPITAL PRIVADO,2026-01-01T00:00:00.000,2026-09-08T00:00:00.000,1004,2026
137005,FONDO CERRADO ALIANZA ESTRUCTURADO ALTERNATIVOS EQUITY MEDIANO PLAZO,16,FIC DE TIPO GENERAL,2026-09-08T00:00:00.000,2026-09-08T00:00:00.000,2,2026
127881,FONDO DE INVERSIÓN COLECTIVA CERRADO BBVA AM FUTURO 3.0,3,FIC DE TIPO GENERAL,2026-01-01T00:00:00.000,2026-09-08T00:00:00.000,251,2026
123329,FONDO DE CAPITAL PRIVADO PLENTIA INVERSIONES COMPARTIMENTO VII BONDO,97,FONDOS DE CAPITAL PRIVADO,2026-01-01T00:00:00.000,2026-09-08T00:00:00.000,251,2026
89435,FONDO DE CAPITAL PRIVADO INMOBILIARIO YELLOWSTONE REAL ESTATE OPPORTUNITY FUND II,16,FONDOS DE CAPITAL PRIVADO,2026-01-01T00:00:00.000,2026-09-08T00:00:00.000,2259,2026
123702,FONDO DE CAPITAL PRIVADO AQUA COMPARTIMENTO OCHO AQUA VIII,63,FONDOS DE CAPITAL PRIVADO,2026-01-01T00:00:00.000,2026-01-15T00:00:00.000,15,2026
134840,FONDO DE CAPITAL PRIVADO POR COMPARTIMENTOS PACTIA INMOBILIARIO - COMPARTIMENTO PACTIA INMOBILIARIO,31,FONDOS DE CAPITAL PRIVADO,2026-04-01T00:00:00.000,2026-09-08T00:00:00.000,161,2026
72904,FONDO DE CAPITAL PRIVADO PALADIN REALTY COLOMBIA COMPARTIMENTO A,26,FONDOS DE CAPITAL PRIVADO,2026-01-01T00:00:00.000,2026-09-08T00:00:00.000,251,2026
99187,FONDO DE CAPITAL PRIVADO PLENTIA INVERSIONES - COMPARTIMENTO III RAIZ,97,FONDOS DE CAPITAL PRIVADO,2026-01-01T00:00:00.000,2026-09-08T00:00:00.000,251,2026
135658,FONDO CERRADO ALIANZA RENTA FIJA ESTRUCTURADO MEDIANO PLAZO,16,FIC DE TIPO GENERAL,2026-07-16T00:00:00.000,2026-09-08T00:00:00.000,218,2026
87268,FONDO DE CAPITAL PRIVADO BTG PACTUAL ACTIVOS ALTERNATIVOS COMPARTIMENTO ACTIVOS CREDITICIOS I,14,FONDOS DE CAPITAL PRIVADO,2026-01-01T00:00:00.000,2026-08-11T00:00:00.000,223,2026
127470,FCP SKANDIA ALTERNATIVO-COMPARTIMENTO CREDITO IMPULSO,7,FONDOS DE CAPITAL PRIVADO,2026-01-01T00:00:00.000,2026-09-08T00:00:00.000,502,2026
127166,FCP POR COMPARTIMENTOS GESTIÓN INMOBILIARIA - COMPARTIMENTO 2 DESARROLLO URBANO,9,FONDOS DE CAPITAL PRIVADO,2026-01-01T00:00:00.000,2026-09-08T00:00:00.000,251,2026
85000,FONDO DE CAPITAL PRIVADO BTG PACTUAL ACTIVOS ALTERNATIVOS COMPARTIMENTO SMPI,14,FONDOS DE CAPITAL PRIVADO,2026-01-01T00:00:00.000,2026-08-11T00:00:00.000,223,2026
127485,FCP DEUDA PRIVADA INTERNACIONAL COMPARTIMIENTO 1,3,FONDOS DE CAPITAL PRIVADO,2026-01-01T00:00:00.000,2026-09-08T00:00:00.000,502,2026
129120,FONDO DE INVERSION COLECTIVA ABIERTO SUMAR,20,FIC DE TIPO GENERAL,2026-01-01T00:00:00.000,2026-09-08T00:00:00.000,2761,2026
126453,FIC CERRADO CON CAPITAL PROTEGIDO OPORTUNIDAD+ ACCIONES GLOBALES,3,FIC DE TIPO GENERAL,2026-01-01T00:00:00.000,2026-09-08T00:00:00.000,251,2026
120541,FONDO ALIANZA FACTORING 6 MESES,16,FIC DE TIPO GENERAL,2026-01-01T00:00:00.000,2026-09-08T00:00:00.000,1757,2026
133532,FCP NEXUS - COMPARTIMENTO INMUEBLES AV VILLAS - CORFICOLOMBIANA,20,FONDOS DE CAPITAL PRIVADO,2026-01-01T00:00:00.000,2026-09-08T00:00:00.000,251,2026
62633,FIDUCOLDEX CAPITAL INTELIGENTE FONDO DE INVERSION COLECTIVA,40,FIC DE TIPO GENERAL,2026-01-01T00:00:00.000,2026-09-08T00:00:00.000,1004,2026
11714,FONDO ABIERTO FIDUCIARIA CENTRAL,38,FIC DE TIPO GENERAL,2026-01-01T00:00:00.000,2026-09-08T00:00:00.000,1757,2026
115723,FONDO CERRADO ALIANZA SENTENCIAS NACIÓN NO 3,16,FIC DE TIPO GENERAL,2026-01-01T00:00:00.000,2026-09-08T00:00:00.000,753,2026
83314,CREDICORP CAPITAL DERECHOS ECONOMICOS 2026,28,FIC DE TIPO GENERAL,2026-01-01T00:00:00.000,2026-09-08T00:00:00.000,251,2026
133528,FCP NEXUS COMP INMUEBLES BANCO POPULAR,20,FONDOS DE CAPITAL PRIVADO,2026-01-01T00:00:00.000,2026-09-08T00:00:00.000,251,2026
58564,FONDO DE INVERSIÓN COLECTIVA ABIERTO BTG PACTUAL LIQUIDEZ,14,FIC DE TIPO GENERAL,2026-01-01T00:00:00.000,2026-08-11T00:00:00.000,1338,2026
127399,FONDO DE INVERSION COLECTIVA ABIERTO ESTRATEGIA GLOBAL,3,FIC DE TIPO GENERAL,2026-01-01T00:00:00.000,2026-09-08T00:00:00.000,251,2026
128989,FONDO DE INVERSIÓN COLECTIVA ABIERTO FIDULIQUIDEZ,20,FIC DE TIPO GENERAL,2026-01-01T00:00:00.000,2026-09-08T00:00:00.000,1506,2026
113190,FONDO DE CAPITAL PRIVADO YELLOWSTONE CAPITAL FUND I COMPARTIMENTO  A  IV MONTANEL,16,FONDOS DE CAPITAL PRIVADO,2026-01-01T00:00:00.000,2026-09-08T00:00:00.000,251,2026
108402,FONDO DE CAPITAL PRIVADO VALOR INMOBILIARIO COMPLEJO LOGISTICO DEL CARIBE,9,FONDOS DE CAPITAL PRIVADO,2026-01-01T00:00:00.000,2026-09-08T00:00:00.000,251,2026
76410,F.I.C. ESTRATEGIA MODERADA,20,FIC DE TIPO GENERAL,2026-01-01T00:00:00.000,2026-09-08T00:00:00.000,251,2026
76412,F.I.C. DEUDA CORPORATIVA,20,FIC DE TIPO GENERAL,2026-01-01T00:00:00.000,2026-09-08T00:00:00.000,251,2026
105973,FIC CERRADO RENTA FIJA II,31,FIC DE TIPO GENERAL,2026-01-01T00:00:00.000,2026-05-26T00:00:00.000,146,2026
124208,FCP ALTERNATIVOS PLUS - COMP. EVOLUCION,20,FONDOS DE CAPITAL PRIVADO,2026-01-01T00:00:00.000,2026-09-08T00:00:00.000,251,2026
126370,FONDO DE INVERSION COLECTIVA CERRADO EVOLUCION NOTA EUROPA 2027,26,FIC DE TIPO GENERAL,2026-01-01T00:00:00.000,2026-09-08T00:00:00.000,502,2026
115735,FONDO DE INVERSIÓN COLECTIVA ABIERTO CON PACTO DE PERMANENCIA SCOTIA PORTAFOLIO GLOBAL CONSERVADOR,25,FIC DE TIPO GENERAL,2026-01-01T00:00:00.000,2026-09-08T00:00:00.000,753,2026
135048,FONDO DE INVERSION COLECTIVA CERRADO (FIC) SURA RENTA FIJA LOCAL,58,FIC DE TIPO GENERAL,2026-05-22T00:00:00.000,2026-09-08T00:00:00.000,284,2026
73588,FCP VALOR FORESTAL CAUCHO 7 (EN LIQUIDACIÓN),38,FONDOS DE CAPITAL PRIVADO,2026-01-01T00:00:00.000,2026-09-08T00:00:00.000,251,2026
108387,FONDO CERRADO ALIANZA ALTERNATIVOS LOCAL LARGO PLAZO,16,FIC DE TIPO GENERAL,2026-01-01T00:00:00.000,2026-09-08T00:00:00.000,1255,2026
121649,FONDO DE CAPITAL PRIVADO TAURUS CAPITAL COMPARTIMENTO DOS,9,FONDOS DE CAPITAL PRIVADO,2026-01-01T00:00:00.000,2026-09-08T00:00:00.000,251,2026
50277,FONDO DE CAPITAL PRIVADO RUTA DEL SOL COMPARTIMENTO A2,16,FONDOS DE CAPITAL PRIVADO,2026-01-01T00:00:00.000,2026-09-08T00:00:00.000,251,2026
34163,FONDO CERRADO INMOBILIARIO ALIANZA,16,FIC INMOBILIARIAS,2026-01-01T00:00:00.000,2026-09-08T00:00:00.000,251,2026
93223,CREDICORP CAPITAL BALANCEADO COLOMBIA,28,FIC DE TIPO GENERAL,2026-01-01T00:00:00.000,2026-09-08T00:00:00.000,502,2026
126297,FONDO CERRADO ALIANZA SENTENCIAS NACIÓN NO 6,16,FIC DE TIPO GENERAL,2026-01-01T00:00:00.000,2026-09-08T00:00:00.000,753,2026
50280,FONDO DE CAPITAL PRIVADO RUTA DEL SOL COMPARTIMENTO B2,16,FONDOS DE CAPITAL PRIVADO,2026-01-01T00:00:00.000,2026-09-08T00:00:00.000,251,2026
65869,FONDO DE CAPITAL PRIVADO YELLOWSTONE CAPITAL FUND I- COMPARTIMENTO AI,16,FONDOS DE CAPITAL PRIVADO,2026-01-01T00:00:00.000,2026-09-08T00:00:00.000,251,2026
11403,CARTERA COLECTIVA ABIERTA CON PACTO DE PERMANENCIA EFECTIVO A PLAZOS - CARTERA CON COMPARTIMENTOS,12,FIC DE TIPO GENERAL,2026-01-01T00:00:00.000,2026-09-08T00:00:00.000,1255,2026
66652,FONDO DE CAPITAL TERRANUM COMPARTIMENTO,16,FONDOS DE CAPITAL PRIVADO,2026-01-01T00:00:00.000,2026-09-08T00:00:00.000,251,2026
59002,FONDO DE CAPITAL PRIVADO ALTRA FCP II,26,FONDOS DE CAPITAL PRIVADO,2026-01-01T00:00:00.000,2026-09-08T00:00:00.000,251,2026
115741,FONDO DE INVERSIÓN COLECTIVA ABIERTO CON PACTO DE PERMANENCIA SCOTIA PORTAFOLIO GLOBAL MÁS CRECIMIE,25,FIC DE TIPO GENERAL,2026-01-01T00:00:00.000,2026-09-08T00:00:00.000,753,2026
121647,CARTERA COLECTIVA ESCALONADA INTERBOLSA FACTORING,9,FIC DE TIPO GENERAL,2026-01-01T00:00:00.000,2026-09-08T00:00:00.000,251,2026
129979,FONDO DE INVERSION COLECTIVA ABIERTO CON PACTO DE PERMANENCIA RENTA FIJA DINAMICA,20,FIC DE TIPO GENERAL,2026-01-01T00:00:00.000,2026-09-08T00:00:00.000,251,2026
135865,FONDO DE CAPITAL PRIVADO AQUA COMPARTIMENTO DIEZ AQUA X,63,FONDOS DE CAPITAL PRIVADO,2026-05-21T00:00:00.000,2026-09-08T00:00:00.000,111,2026
93231,CREDICORP CAPITAL AGRONEGOCIOS - CACAO AGROFORESTAL,28,FONDOS DE CAPITAL PRIVADO,2026-01-01T00:00:00.000,2026-09-08T00:00:00.000,251,2026
73493,FONDO DE CAPITAL PRIVADO YELLOWSTONE CAPITAL FUND I -COMPARTIMENTO PROSCENIO AII,16,FONDOS DE CAPITAL PRIVADO,2026-01-01T00:00:00.000,2026-09-08T00:00:00.000,251,2026
125491,COMPARTIMENTO PANAMÁ DEL FONDO DE CAPITAL PRIVADO INMOBILIARIO SERVIVALORES GNB SUDAMERIS,91,FONDOS DE CAPITAL PRIVADO,2026-01-01T00:00:00.000,2026-09-08T00:00:00.000,251,2026
90025,FONDO DE CAPITAL PRIVADO SUMATORIA DEUDA GLOBAL,26,FONDOS DE CAPITAL PRIVADO,2026-01-01T00:00:00.000,2026-09-08T00:00:00.000,502,2026
130967,FCP MAS EQUITY FUND III COLOMBIA,20,FONDOS DE CAPITAL PRIVADO,2026-01-01T00:00:00.000,2026-09-08T00:00:00.000,251,2026
95589,FONDO DE INVERSION COLECTIVA CERRADO ASHMORE ACCIONES COLOMBIA + LATAM,97,FIC DE TIPO GENERAL,2026-01-01T00:00:00.000,2026-09-08T00:00:00.000,1506,2026
99106,CREDICORP CAPITAL ACCIONES LATAM,28,FIC DE TIPO GENERAL,2026-01-01T00:00:00.000,2026-09-08T00:00:00.000,502,2026
54573,FONDO DE INVERSIÓN COLECTIVA ABIERTO SIN PACTO DE PERMANENCIA ARCO IRIS CONSERVADOR,33,FIC DE TIPO GENERAL,2026-01-01T00:00:00.000,2026-09-08T00:00:00.000,251,2026
110153,COMPARTIMENTO FONDO INVERSA - FONDO DE CAPITAL PRIVADO LA MONTERA,16,FONDOS DE CAPITAL PRIVADO,2026-01-01T00:00:00.000,2026-09-08T00:00:00.000,251,2026
115127,FIC ABIERTO ACCICUENTA MODERADO,3,FIC DE TIPO GENERAL,2026-01-01T00:00:00.000,2026-09-08T00:00:00.000,251,2026
136935,FONDO DE CAPITAL PRIVADO PLENTIA INVERSIONES COMPARTIMENTO X SOMOLINOS,97,FONDOS DE CAPITAL PRIVADO,2026-07-30T00:00:00.000,2026-09-08T00:00:00.000,41,2026
123373,FONDO DE CAPITAL PRIVADO BONUS - COMPARTIMENTO INFRAESTRUCTURA II,16,FONDOS DE CAPITAL PRIVADO,2026-01-01T00:00:00.000,2026-09-08T00:00:00.000,502,2026
127711,FCP POR COMPARTIMENTOS GESTIÓN INMOBILIARIA - COMPARTIMENTO 4 PROYECCION ESTRATEGICA,9,FONDOS DE CAPITAL PRIVADO,2026-01-01T00:00:00.000,2026-09-08T00:00:00.000,251,2026
105375,FONDO DE INVERSIÓN COLECTIVA ABIERTO CON PACTO DE PERMANENCIA ALTERNATIVOS 180 PLUS,20,FIC DE TIPO GENERAL,2026-01-01T00:00:00.000,2026-09-08T00:00:00.000,502,2026
117568,FONDO DE CAPITAL PRIVADO BONUS COMPARTIMIENTO INFRAESTRUCTURA I,16,FONDOS DE CAPITAL PRIVADO,2026-01-01T00:00:00.000,2026-09-08T00:00:00.000,1004,2026
60200,FONDO DE INVERSIÓN COLECTIVA CERRADO BTG PACTUAL CREDIVALORES I,14,FIC DE TIPO GENERAL,2026-01-01T00:00:00.000,2026-03-16T00:00:00.000,75,2026
121416,FONDO CERRADO ALIANZA ALTERNATIVOS & EQUITY COLOMBIA 2 AÑOS,16,FIC DE TIPO GENERAL,2026-01-01T00:00:00.000,2026-09-04T00:00:00.000,491,2026
126597,FCP PLENTIA INVERSIONES COMPARTIMIENTO INFRAESTRUCTURA COLPATRIA,97,FONDOS DE CAPITAL PRIVADO,2026-01-01T00:00:00.000,2026-09-08T00:00:00.000,251,2026
107024,BTG PACTUAL LIQUIDEZ DOLARES,14,FIC DE TIPO GENERAL,2026-01-01T00:00:00.000,2026-08-11T00:00:00.000,543,2026
106814,FCP POR COMPARTIMENTOS GESTIÓN INMOBILIARIA  - COMPARTIMENTO RENTAR 2015,9,FONDOS DE CAPITAL PRIVADO,2026-01-01T00:00:00.000,2026-09-08T00:00:00.000,251,2026
122582,FONDO DE INVERSIÓN COLECTIVA CERRADO NOTA ESTRUCTURADA ORO CON CAPITAL PROTEGIDO,26,FIC DE TIPO GENERAL,2026-01-01T00:00:00.000,2026-09-08T00:00:00.000,502,2026
119918,FONDO DE CAPITAL PRIVADO ACTIVA COLOMBIA 1 - COMPARTIMENTO UNO,97,FONDOS DE CAPITAL PRIVADO,2026-01-01T00:00:00.000,2026-09-08T00:00:00.000,251,2026
101366,FONDO DE INVERSIÓN COLECTIVA ABIERTO CON PACTO DE PERMANENCIA RENOVABLE BALANCEADO MODERADO ALIANZ,16,FIC DE TIPO GENERAL,2026-01-01T00:00:00.000,2026-09-08T00:00:00.000,1506,2026
105786,FIC MULTIESTRATEGIA ESTABLE,3,FIC DE TIPO GENERAL,2026-01-01T00:00:00.000,2026-09-08T00:00:00.000,251,2026
58957,FONDO DE CAPITAL PRIVADO INVERSOR COMPARTIMENTO A,26,FONDOS DE CAPITAL PRIVADO,2026-01-01T00:00:00.000,2026-09-08T00:00:00.000,251,2026
95249,FONDO DE INVERSIÓN COLECTIVA ABIERTO BBVA PÁRAMO,3,FIC DE TIPO GENERAL,2026-01-01T00:00:00.000,2026-09-08T00:00:00.000,251,2026
119143,FONDO DE INVERSION COLECTIVA ABIERTO ITAU MEDIANO PLAZO,88,FIC DE TIPO GENERAL,2026-01-01T00:00:00.000,2026-09-08T00:00:00.000,251,2026
8686,FONDO DE INVERSIÓN COLECTIVA ABIERTO CON PACTO DE PERMANENCIA Y  PARTICIPACIONES DIFERENCIALES BBVA,3,FIC DE TIPO GENERAL,2026-01-01T00:00:00.000,2026-09-08T00:00:00.000,251,2026
127244,FONDO DE INVERSION COLECTIVA ESTRUCTURADO ACCIONES BRASIL,3,FIC DE TIPO GENERAL,2026-01-01T00:00:00.000,2026-09-08T00:00:00.000,251,2026
128988,FONDO DE INVERSIÓN COLECTIVA ABIERTO RENTAR,20,FIC DE TIPO GENERAL,2026-01-01T00:00:00.000,2026-09-08T00:00:00.000,2008,2026
129224,FONDO DE INVERSION COLECTIVA ABIERTO RENTAR 30,20,FIC DE TIPO GENERAL,2026-01-01T00:00:00.000,2026-09-08T00:00:00.000,251,2026
121639,FONDO DE INVERSION COLECTIVA CERRADO CREDIT OPPORTUNITIES FUND FACTURAS,9,FIC DE TIPO GENERAL,2026-01-01T00:00:00.000,2026-08-01T00:00:00.000,213,2026
130403,FONDO DE INVERSION COLECTIVA ABIERTO CON PACTO DE PERMANENCIA META DECIDIDA,20,FIC DE TIPO GENERAL,2026-01-01T00:00:00.000,2026-09-08T00:00:00.000,251,2026
124374,FIC CERRADO SKANDIA NOTA ESTRUCTRUADA CON CAPITAL PROTEGIDO I,7,FIC DE TIPO GENERAL,2026-01-01T00:00:00.000,2026-09-08T00:00:00.000,502,2026
58921,CREDICORP CAPITAL RENTA FIJA GLOBAL,28,FIC DE TIPO GENERAL,2026-01-01T00:00:00.000,2026-09-08T00:00:00.000,502,2026
115738,FONDO DE INVERSIÓN COLECTIVA ABIERTO CON PACTO DE PERMANENCIA SCOTIA PORTAFOLIO GLOBAL CRECIMIENTO,25,FIC DE TIPO GENERAL,2026-01-01T00:00:00.000,2026-09-08T00:00:00.000,753,2026
8734,FONDO DE INVERSIÓN COLECTIVA ABIERTO BBVA EFECTIVO CON PARTICIPACIONES DIFERENCIALES,3,FIC DE TIPO GENERAL,2026-01-01T00:00:00.000,2026-09-08T00:00:00.000,2471,2026
115736,FONDO DE INVERSIÓN COLECTIVA ABIERTO CON PACTO DE PERMANENCIA SCOTIA PORTAFOLIO GLOBAL MODERADO,25,FIC DE TIPO GENERAL,2026-01-01T00:00:00.000,2026-09-08T00:00:00.000,753,2026
94490,FCP SURA . DEUDA PRIVADA - COMPARTIMENTO DEUDA,16,FONDOS DE CAPITAL PRIVADO,2026-01-01T00:00:00.000,2026-09-08T00:00:00.000,1757,2026
133534,FONDO DE CAPITAL PRIVADO NEXUS INMOBILIARIO - COMPARTIMENTO ESTELAR,20,FONDOS DE CAPITAL PRIVADO,2026-01-01T00:00:00.000,2026-09-08T00:00:00.000,251,2026
17653,FONDO DE INVERSION COLECTIVA ABIERTO 1525,25,FIC DE MERCADO MONETARIO,2026-01-01T00:00:00.000,2026-09-08T00:00:00.000,251,2026
129937,FONDO DE INVERSION COLECTIVA CERRADO ACCICOLF VANGUARDIA ACCIONES ORDINARIAS,20,FIC DE TIPO GENERAL,2026-01-01T00:00:00.000,2026-09-08T00:00:00.000,251,2026
58946,FONDO DE CAPITAL PRIVADO ENERGETICO - COMPARTIMENTO A,26,FONDOS DE CAPITAL PRIVADO,2026-01-01T00:00:00.000,2026-02-11T00:00:00.000,42,2026
108529,FIC SURA ULTRACASH COLOMBIA,58,FIC DE TIPO GENERAL,2026-01-01T00:00:00.000,2026-09-08T00:00:00.000,815,2026
124187,FONDO CERRADO ALIANZA RENTA FIJA HIGH YIELD,16,FIC DE TIPO GENERAL,2026-01-01T00:00:00.000,2026-09-08T00:00:00.000,753,2026
105784,FIC MULTIESTRATEGIA EQUILIBRIO,3,FIC DE TIPO GENERAL,2026-01-01T00:00:00.000,2026-09-08T00:00:00.000,251,2026
125427,FONDO DE INVERSIÓN COLECTIVA CERRADO CAPITAL PRIVADO INTERNACIONAL,26,FIC DE TIPO GENERAL,2026-01-01T00:00:00.000,2026-09-08T00:00:00.000,502,2026
10779,RENTAFACIL FONDO DE INVERSION COLECTIVA ABIERTO,6,FIC DE TIPO GENERAL,2026-01-01T00:00:00.000,2026-09-08T00:00:00.000,1757,2026
136463,FONDO DE INVERSION COLECTIVA CERRADO SURA CRÉDITO PRIVADO VI,58,FIC DE TIPO GENERAL,2026-07-22T00:00:00.000,2026-09-08T00:00:00.000,49,2026
121380,FONDO DE INVERSION COLECTIVA CREDITO PRIVADO IV,58,FIC DE TIPO GENERAL,2026-01-01T00:00:00.000,2026-09-08T00:00:00.000,251,2026
133558,FCP POR COMPARTIMENTOS GESTIÓN INMOBILIARIA - COMPARTIMENTO 7 CAPITAL INMOBILIARIO,9,FONDOS DE CAPITAL PRIVADO,2026-01-01T00:00:00.000,2026-09-08T00:00:00.000,251,2026
133954,FONDO DE INVERSIÓN COLECTIVA ABIERTO CON PACTO DE PERMANENCIA BTG PACTUAL ORO,14,FIC DE TIPO GENERAL,2026-01-21T00:00:00.000,2026-08-11T00:00:00.000,608,2026
127889,FONDO DE INVERSIÓN COLECTIVA CERRADO IMPULSO IA CAPITAL PROTEGIDO,26,FIC DE TIPO GENERAL,2026-01-01T00:00:00.000,2026-09-08T00:00:00.000,502,2026
125045,FONDO CERRADO ALIANZA ALTERNATIVOS LOCAL MEDIANO PLAZO NO 2,16,FIC DE TIPO GENERAL,2026-01-01T00:00:00.000,2026-09-08T00:00:00.000,1004,2026
58897,CREDICORP CAPITAL RENTA FIJA COLOMBIA,28,FIC DE TIPO GENERAL,2026-01-01T00:00:00.000,2026-09-08T00:00:00.000,502,2026
130402,FONDO DE INVERSION COLECTIVA ABIERTO CON PACTO DE PERMANENCIA META PLANEADA,20,FIC DE TIPO GENERAL,2026-01-01T00:00:00.000,2026-09-08T00:00:00.000,251,2026
133545,COMPARTIMENTO INVERLINK ALTERNATIVOS FINESA,20,FONDOS DE CAPITAL PRIVADO,2026-01-01T00:00:00.000,2026-09-08T00:00:00.000,502,2026
124442,FONDO DE CAPITAL PRIVADO AQUA COMPARTIMENTO NUEVE AQUA IX,63,FONDOS DE CAPITAL PRIVADO,2026-01-01T00:00:00.000,2026-09-08T00:00:00.000,251,2026
80574,FONDO DE CAPITAL PRIVADO ELIMARC CAPITAL - COMPARTIMENTO SAN PABLO,59,FONDOS DE CAPITAL PRIVADO,2026-01-01T00:00:00.000,2026-09-08T00:00:00.000,251,2026
132820,FONDO DE INVERSIÓN COLECTIVA ABIERTO IMPULSO ALTA LIQUIDEZ,20,FIC DE TIPO GENERAL,2026-01-01T00:00:00.000,2026-09-08T00:00:00.000,731,2026
131893,FONDO BURSÁTIL GLOBAL X TES COLOMBIA COP GBI EM ID ETF,20,FIC BURSATILES,2026-01-01T00:00:00.000,2026-09-08T00:00:00.000,251,2026
121646,CARTERA COLECTIVA ESCALONADA INTERBOLSA CREDIT,9,FIC DE TIPO GENERAL,2026-01-01T00:00:00.000,2026-09-08T00:00:00.000,251,2026
109445,FONDO DE CAPITAL PRIVADO YELLOWSTONE CAPITAL FUND I - COMPARTIMENTO PROSCENIO AIII,16,FONDOS DE CAPITAL PRIVADO,2026-01-01T00:00:00.000,2026-09-08T00:00:00.000,502,2026
36570,FONDO ABIERTO 1525 FIDUCENTRAL,38,FIC DE TIPO GENERAL,2026-01-01T00:00:00.000,2026-09-08T00:00:00.000,1757,2026
3895,FONDO DE INVERSIÓN COLECTIVA ABIERTA SIN PACTO DE PERMANENCIA FIDUEXCEDENTES,31,FIC DE TIPO GENERAL,2026-01-01T00:00:00.000,2026-09-08T00:00:00.000,251,2026
59144,FONDO DE CAPITAL PRIVADO TEKA COLOMBIA I COMPARTIMENTO LP,26,FONDOS DE CAPITAL PRIVADO,2026-01-01T00:00:00.000,2026-09-08T00:00:00.000,251,2026
51615,COMPARTIMENTO A FCP AVENIDA COLOMBIA PEF,20,FONDOS DE CAPITAL PRIVADO,2026-01-01T00:00:00.000,2026-09-08T00:00:00.000,251,2026
120381,FONDO DE CAPITAL PRIVADO AQUA COMPARTIMENTO SIETE AQUA VII,63,FONDOS DE CAPITAL PRIVADO,2026-01-01T00:00:00.000,2026-09-08T00:00:00.000,251,2026
28403,FONDO DE CAPITAL PRIVADO OXO - PROPIEDADES SOSTENIBLES COMPARTIMENTO I. CARTAGENA. OXO - PROPIEDADE,16,FONDOS DE CAPITAL PRIVADO,2026-01-01T00:00:00.000,2026-09-08T00:00:00.000,251,2026
87342,FONDO DE INVERSIÓN COLECTIVA ABIERTO BBVA DIGITAL CON PARTICIPACIONES DIFERENCIALES,3,FIC DE TIPO GENERAL,2026-01-01T00:00:00.000,2026-09-08T00:00:00.000,502,2026
69536,FONDO DE INVERSION COLECTIVA ABIERTO CONFIRENTA,39,FIC DE TIPO GENERAL,2026-01-01T00:00:00.000,2026-09-08T00:00:00.000,1004,2026
51968,FONDO DE INVERSIÓN COLECTIVA INMOBILIARIO CERRADO SKANDIA COMPRAR PARA ARRENDAR-I,7,FIC INMOBILIARIAS,2026-01-01T00:00:00.000,2026-09-08T00:00:00.000,502,2026
102088,FONDO DE CAPITAL PRIVADO BIOAVANTE COMPARTIMENTO VACUNAS I,16,FONDOS DE CAPITAL PRIVADO,2026-01-01T00:00:00.000,2026-09-08T00:00:00.000,251,2026
11627,FONDO DE INVERSION COLECTIVA ABIERTO RENDIR,25,FIC DE TIPO GENERAL,2026-01-01T00:00:00.000,2026-09-08T00:00:00.000,251,2026
10824,FONDO ABIERTO CON PACTO DE PERMANENCIA CXC,16,FIC DE TIPO GENERAL,2026-01-01T00:00:00.000,2026-09-08T00:00:00.000,1757,2026
73579,FCP - VALOR FORESTAL - CAUCHO 01 (EN LIQUIDACIÓN),38,FONDOS DE CAPITAL PRIVADO,2026-01-01T00:00:00.000,2026-09-08T00:00:00.000,251,2026
133536,COMPARTIMENTO INMUEBLES I,20,FONDOS DE CAPITAL PRIVADO,2026-01-01T00:00:00.000,2026-09-08T00:00:00.000,251,2026
122552,FCP BANCOLDEX CAPITAL FDF II COMPARTIMENTO MICRO VC,40,FONDOS DE CAPITAL PRIVADO,2026-01-01T00:00:00.000,2026-09-08T00:00:00.000,502,2026
128979,FONDO DE INVERSION COLECTIVA ABIERTO FIDUGOB,20,FIC DE TIPO GENERAL,2026-01-01T00:00:00.000,2026-09-08T00:00:00.000,2259,2026
59143,FONDO DE CAPITAL PRIVADO TEKA COLOMBIA I COMPARTIMENTO GP,26,FONDOS DE CAPITAL PRIVADO,2026-01-01T00:00:00.000,2026-09-08T00:00:00.000,251,2026
59741,FONDO DE INVERSION COLECTIVA ABIERTO RENTA FIJA PLUS,22,FIC DE TIPO GENERAL,2026-01-01T00:00:00.000,2026-09-08T00:00:00.000,502,2026
127709,FCP POR COMPARTIMENTOS GESTIÓN INMOBILIARIA - COMPARTIMENTO 3 DESARROLLO INMOBILIARIO,9,FONDOS DE CAPITAL PRIVADO,2026-01-01T00:00:00.000,2026-09-08T00:00:00.000,251,2026
123532,FONDO DE INVERSION COLECTIVA ACCIONES USA VOO,3,FIC DE TIPO GENERAL,2026-01-01T00:00:00.000,2026-09-08T00:00:00.000,251,2026
134246,FONDO DE INVERSION COLECTIVA CERRADO VISION + DOLAR,3,FIC DE TIPO GENERAL,2026-03-03T00:00:00.000,2026-09-08T00:00:00.000,190,2026
76989,FONDO DE INVERSION COLECTIVA ABIERTO CON PACTO DE PERMANENCIA AVANZAR 30 DIAS,62,FIC DE TIPO GENERAL,2026-01-01T00:00:00.000,2026-09-08T00:00:00.000,1205,2026
72413,FONDO DE CAPITAL PRIVADO FONDO PLENTIA INVERSIONES,97,FONDOS DE CAPITAL PRIVADO,2026-01-01T00:00:00.000,2026-09-08T00:00:00.000,251,2026
102634,FONDO DE CAPITAL PRIVADO AQUA COMPARTIMENTO SEIS AQUA VI,63,FONDOS DE CAPITAL PRIVADO,2026-01-01T00:00:00.000,2026-09-08T00:00:00.000,251,2026
69940,FCP DEUDA INFRAESTRUCTURA COLOMBIA,31,FONDOS DE CAPITAL PRIVADO,2026-01-01T00:00:00.000,2026-09-08T00:00:00.000,251,2026
59078,FONDO DE INVERSIÓN COLECTIVA DIVERSIFICADO MODERADO,26,FIC DE TIPO GENERAL,2026-01-01T00:00:00.000,2026-09-08T00:00:00.000,502,2026
128072,FONDO DE CAPITAL PRIVADO GRUPO PEGASUS COLOMBIA FONDO II -COMPARTIMENTO DESARROLLO URBANO PEGASUS,26,FONDOS DE CAPITAL PRIVADO,2026-01-01T00:00:00.000,2026-09-08T00:00:00.000,502,2026
92656,FONDO DE CAPITAL PRIVADO CARTAMA - COMPARTIMENTO II INVERPALTAS EN LIQUIDACION,31,FONDOS DE CAPITAL PRIVADO,2026-01-01T00:00:00.000,2026-07-13T00:00:00.000,194,2026
123256,FONDO DE CAPITAL PRIVADO VISUM DESARROLLO LOGÍSTICO COLOMBIA COMPARTIMENTO VISUM DESARROLLO INMOBIL,14,FONDOS DE CAPITAL PRIVADO,2026-01-01T00:00:00.000,2026-08-11T00:00:00.000,669,2026
133529,FCP NEXUS COMP INMUEBLES ALPOPULAR,20,FONDOS DE CAPITAL PRIVADO,2026-01-01T00:00:00.000,2026-09-08T00:00:00.000,251,2026
112716,FCP CREDICORP CAPITAL DEUDA PRIVADA I,28,FONDOS DE CAPITAL PRIVADO,2026-01-01T00:00:00.000,2026-09-08T00:00:00.000,502,2026
100352,COMPARTIMENTO BANCOLDEX CAPITAL,40,FONDOS DE CAPITAL PRIVADO,2026-01-01T00:00:00.000,2026-09-08T00:00:00.000,251,2026
103328,FONDO DE CAPITAL PRIVADO VID COMPARTIMENTO I MISHPAT,20,FONDOS DE CAPITAL PRIVADO,2026-01-01T00:00:00.000,2026-09-08T00:00:00.000,502,2026
73585,FCP - VALOR FORESTAL - CAUCHO 04 (EN LIQUIDACIÓN),38,FONDOS DE CAPITAL PRIVADO,2026-01-01T00:00:00.000,2026-09-08T00:00:00.000,251,2026
106817,FONDO DE INVERSION COLECTIVA CERRADO INMOBILIARIO PROGRESION RENTAR II,9,FIC INMOBILIARIAS,2026-01-01T00:00:00.000,2026-09-08T00:00:00.000,251,2026
64129,FONDO ASHMORE ANDINO II - FCP COMPARTIMENTO B,16,FONDOS DE CAPITAL PRIVADO,2026-01-01T00:00:00.000,2026-09-08T00:00:00.000,251,2026
102465,FCP STATUM COMPARTIMIENTO I,20,FONDOS DE CAPITAL PRIVADO,2026-01-01T00:00:00.000,2026-09-08T00:00:00.000,251,2026
129545,FONDO NAZCA INVESTMENT,20,FONDOS DE CAPITAL PRIVADO,2026-01-01T00:00:00.000,2026-09-08T00:00:00.000,251,2026
129191,FONDO DE INVERSIÓN COLECTIVA ABIERTO CON PACTO DE PERMANENCIA CUBRIR BALANCEADO INTERNACIONAL,20,FIC DE TIPO GENERAL,2026-01-01T00:00:00.000,2026-09-08T00:00:00.000,502,2026
99379,FONDO DE CAPITAL PRIVADO PLENTIA INVERSIONES COMPARTIMENTO V PP3,97,FONDOS DE CAPITAL PRIVADO,2026-01-01T00:00:00.000,2026-09-08T00:00:00.000,251,2026
95356,CERRADO FACTURAS 120,26,FIC DE TIPO GENERAL,2026-01-01T00:00:00.000,2026-09-08T00:00:00.000,300,2026
29133,FONDO DE INVERSIÓN COLECTIVA ABIERTO FIDUCREDICORP VISTA,59,FIC DE TIPO GENERAL,2026-01-01T00:00:00.000,2026-09-08T00:00:00.000,2903,2026
129659,FONDO DE INVERSION COLECTIVA CERRADA OCCIDECOL,20,FIC DE TIPO GENERAL,2026-01-01T00:00:00.000,2026-09-08T00:00:00.000,251,2026
54577,FONDO DE INVERSION COLECTIVA ABIERTO CON PACTO DE PERMANENCIA ARCO IRIS DEUDA PRIVADA,33,FIC DE TIPO GENERAL,2026-01-01T00:00:00.000,2026-09-08T00:00:00.000,251,2026
127111,FONDO CAPITAL PRIVADO ACCIÓN MOMENTUM,33,FONDOS DE CAPITAL PRIVADO,2026-01-01T00:00:00.000,2026-09-08T00:00:00.000,251,2026
58735,FONDO DE INVERSION COLECTIVA  ABIERTO ACCIVAL ACCIONES DINAMICO,3,FIC DE TIPO GENERAL,2026-01-01T00:00:00.000,2026-09-08T00:00:00.000,502,2026
116555,FONDO DE CAPITAL PRIVADO PLENTIA INVERSIONES COMPARTIMENTO VI PROARCO,97,FONDOS DE CAPITAL PRIVADO,2026-01-01T00:00:00.000,2026-09-08T00:00:00.000,251,2026
135406,FONDO DE INVERSION COLECTIVA RENTA FIJA VIII,31,FIC DE TIPO GENERAL,2026-04-28T00:00:00.000,2026-09-08T00:00:00.000,134,2026
129895,FONDO DE INVERSIÓN COLECTIVA ABIERTO CON PACTO DE PERMANENCIA ALTARENTA,20,FIC DE TIPO GENERAL,2026-01-01T00:00:00.000,2026-09-08T00:00:00.000,502,2026
105788,FIC MULTIESTRATEGIA CRECIMIENTO,3,FIC DE TIPO GENERAL,2026-01-01T00:00:00.000,2026-09-08T00:00:00.000,251,2026
89854,FONDO DE CAPITAL PRIVADO YELLOWSTONE  FUND I - COMPARTIMENTO BI,16,FONDOS DE CAPITAL PRIVADO,2026-01-01T00:00:00.000,2026-09-08T00:00:00.000,753,2026
121579,FCP. STATUM - COMPARTIMENTO IV - BPAC,20,FONDOS DE CAPITAL PRIVADO,2026-01-01T00:00:00.000,2026-09-08T00:00:00.000,251,2026
121164,FIC RENTA DIGITAL CONSERVADOR,22,FIC DE TIPO GENERAL,2026-01-01T00:00:00.000,2026-09-08T00:00:00.000,251,2026
124437,FONDO DE INVERSION COLECTIVA CERRADO DENOMINADO SURA CREDITO PRIVADO V,58,FIC DE TIPO GENERAL,2026-01-01T00:00:00.000,2026-09-08T00:00:00.000,578,2026
106310,FCP POR COMPARTIMENTOS ODINSA INFRAESTRUCTURA COMPARTIMENTO A,31,FONDOS DE CAPITAL PRIVADO,2026-01-01T00:00:00.000,2026-09-08T00:00:00.000,251,2026
106315,FCP POR COMPARTIMENTOS ODINSA INFRAESTRUCTURA COMPARTIMENTO C,31,FONDOS DE CAPITAL PRIVADO,2026-01-01T00:00:00.000,2026-09-08T00:00:00.000,251,2026
59008,FONDO DE CAPITAL PRIVADO TC LATAM - COMPARTIMENTO A,26,FONDOS DE CAPITAL PRIVADO,2026-01-01T00:00:00.000,2026-09-08T00:00:00.000,251,2026
123018,COMPARTIMENTO MADEIRA - FONDO DE CAPITAL PRIVADO LA MONTERA,16,FONDOS DE CAPITAL PRIVADO,2026-01-01T00:00:00.000,2026-09-08T00:00:00.000,251,2026
133533,FCP NEXUS - COMPARTIMENTO INMUEBLES ALMAVIVA,20,FONDOS DE CAPITAL PRIVADO,2026-01-01T00:00:00.000,2026-09-08T00:00:00.000,251,2026
133525,COMPARTIMENTO INMOBILIARIO TRIPLE A,20,FONDOS DE CAPITAL PRIVADO,2026-01-01T00:00:00.000,2026-09-08T00:00:00.000,251,2026
50287,FONDO DE CAPITAL PRIVADO RUTA DEL SOL COMPARTIMENTO B1,16,FONDOS DE CAPITAL PRIVADO,2026-01-01T00:00:00.000,2026-09-08T00:00:00.000,251,2026
117755,FONDO DE CAPITAL PRIVADO ATLAS RENEWABLE ENERGY COLOMBIA COMP I,16,FONDOS DE CAPITAL PRIVADO,2026-01-01T00:00:00.000,2026-09-08T00:00:00.000,502,2026
115981,FCP VALIU - COMPARTIMENTO LOGISTICA,20,FONDOS DE CAPITAL PRIVADO,2026-01-01T00:00:00.000,2026-09-08T00:00:00.000,502,2026
121739,FONDO DE CAPITAL PRIVADO DISTRESSED ASSENT INVESMENT  FCP DAI,9,FONDOS DE CAPITAL PRIVADO,2026-01-01T00:00:00.000,2026-09-08T00:00:00.000,502,2026
128955,FONDO DE INVERSIÓN COLECTIVA ABIERTO CON PACTO DE PERMANENCIA META CRECIMIENTO,20,FIC DE TIPO GENERAL,2026-01-01T00:00:00.000,2026-09-08T00:00:00.000,251,2026
115474,COMPART. EDUCAPITAL 1 DEL FCP ALTERNATIVOS PLUS,20,FONDOS DE CAPITAL PRIVADO,2026-01-01T00:00:00.000,2026-09-08T00:00:00.000,502,2026
72906,FONDO DE CAPITAL PRIVADO PALADIN REALTY COLOMBIA COMPARTIMENTO C,26,FONDOS DE CAPITAL PRIVADO,2026-01-01T00:00:00.000,2026-09-08T00:00:00.000,251,2026
73589,FCP VALOR FORESTAL CAUCHO 8 (EN LIQUIDACIÓN),38,FONDOS DE CAPITAL PRIVADO,2026-01-01T00:00:00.000,2026-09-08T00:00:00.000,251,2026
59014,FONDO DE CAPITAL PRIVADO TC LATAM - COMPARTIMENTO D,26,FONDOS DE CAPITAL PRIVADO,2026-01-01T00:00:00.000,2026-09-08T00:00:00.000,251,2026
75122,COMPARTIMENTO A,25,FONDOS DE CAPITAL PRIVADO,2026-01-01T00:00:00.000,2026-09-08T00:00:00.000,251,2026
102362,FONDO ASHMORE ANDINO III - FCP COMPARTIMENTO A,16,FONDOS DE CAPITAL PRIVADO,2026-01-01T00:00:00.000,2026-09-08T00:00:00.000,502,2026
53962,FONDO DE INVERSION COLECTA ABIERTO CON PACTO DE PERMANENCIA SURA MULTIESTRATEGIA CREDITO COLOMBIA,58,FIC DE TIPO GENERAL,2026-01-01T00:00:00.000,2026-09-08T00:00:00.000,977,2026
121415,COMPARTIMENTO II ATLAS RENEWABLE ENERGY COLOMBIA - FCP,16,FONDOS DE CAPITAL PRIVADO,2026-01-01T00:00:00.000,2026-09-08T00:00:00.000,502,2026
99740,FONDO DE INVERSIÓN COLECTIVA ABIERTO SIN PACTO DE PERMANENCIA ACCION 1525,33,FIC DE TIPO GENERAL,2026-01-01T00:00:00.000,2026-09-08T00:00:00.000,251,2026
50278,FIC COMPARTIMENTO B SECCIÓN I ASHMORE DEL FONDO DE INFRAESTRUCTURA COLOMBIA ASHMORE - FCP,16,FONDOS DE CAPITAL PRIVADO,2026-01-01T00:00:00.000,2026-09-08T00:00:00.000,251,2026
32436,FONDO DE CAPITAL PRIVADO AMERIGO VENTURES PACIFICO,31,FONDOS DE CAPITAL PRIVADO,2026-01-01T00:00:00.000,2026-09-08T00:00:00.000,251,2026
121414,FONDO DE DEUDA SENIOR PARA INFRAESTRUCTURA CAF-AM ASHMORE II COMP I,16,FONDOS DE CAPITAL PRIVADO,2026-01-01T00:00:00.000,2026-09-08T00:00:00.000,1255,2026
91394,FONDO ABIERTO ALIANZA CON PACTO DE PERMANENCIA MÍNIMA DIVERSIFICACIÓN INMOBILIARIA COLOMBIA,16,FIC DE TIPO GENERAL,2026-01-01T00:00:00.000,2026-02-25T00:00:00.000,222,2026
106232,FONDO DE CAPITAL PRIVADO CREDITO LIBRANZAS,16,FONDOS DE CAPITAL PRIVADO,2026-01-01T00:00:00.000,2026-09-08T00:00:00.000,251,2026
106816,FONDO DE CAPITAL PRIVADO RENTA INMOBILIARIA,9,FONDOS DE CAPITAL PRIVADO,2026-01-01T00:00:00.000,2026-09-08T00:00:00.000,251,2026
104377,FIC CERRADO RENTA ALTERNATIVO GLOBAL,31,FIC DE TIPO GENERAL,2026-01-01T00:00:00.000,2026-09-08T00:00:00.000,502,2026
80665,FONDO DE CAPITAL PRIVADO INMOBILIARIO POR COMPARTIMIENTOS AZUR - COMPARTIMIENTO NUEVA VISTA,97,FONDOS DE CAPITAL PRIVADO,2026-01-01T00:00:00.000,2026-09-08T00:00:00.000,251,2026
119170,ITAÚ LATIN AMERICAN CORPORATE CREDIT,88,FIC DE TIPO GENERAL,2026-01-01T00:00:00.000,2026-09-08T00:00:00.000,502,2026
118693,FONDO RENTA DIGITAL CRECIMIENTO,22,FIC DE TIPO GENERAL,2026-01-01T00:00:00.000,2026-09-08T00:00:00.000,251,2026
75716,FONDO DE CAPITAL PRIVADO ARMILLA CAPITAL - COMPARTIMENTO INMOBILIARIO COMERCIAL,16,FONDOS DE CAPITAL PRIVADO,2026-01-01T00:00:00.000,2026-09-08T00:00:00.000,251,2026
21080,"F.C.P. KANDEO FUND I (COLOMBIA), FCP (KFIC)",20,FONDOS DE CAPITAL PRIVADO,2026-01-01T00:00:00.000,2026-09-08T00:00:00.000,251,2026
119329,FCP. STATUM COMPARTIMENTO II,20,FONDOS DE CAPITAL PRIVADO,2026-01-01T00:00:00.000,2026-09-08T00:00:00.000,251,2026
137413,FIC CRIPTO ESTRUCTURADO,3,FIC DE TIPO GENERAL,2026-09-02T00:00:00.000,2026-09-08T00:00:00.000,7,2026
102495,FONDO DE CAPITAL PRIVADO TC LATAM ESTRUCTURAS INMOBILIARIAS COMPARTIMENTO I,26,FONDOS DE CAPITAL PRIVADO,2026-01-01T00:00:00.000,2026-09-08T00:00:00.000,753,2026
120833,CORTO PLAZO FONDO DE INVERSIÓN COLECTIVA ABIERTO CON PACTO DE PERMANENCIA,6,FIC DE TIPO GENERAL,2026-01-01T00:00:00.000,2026-09-08T00:00:00.000,251,2026
135885,FONDO DE CAPITAL PRIVADO MOMENTUM - COMPARTIMENTO ACTIVOS DE RENTA,16,FONDOS DE CAPITAL PRIVADO,2026-09-03T00:00:00.000,2026-09-08T00:00:00.000,6,2026
88966,FONDO DE CAPITAL PRIVADO INMOBILIARIO SERVITRUST GNB SUDAMERIS,34,FONDOS DE CAPITAL PRIVADO,2026-01-01T00:00:00.000,2026-09-08T00:00:00.000,251,2026
134758,FONDO DE INVERSIÓN COLECTIVA SKANDIA CERRADO CAT XXIX (29),7,FIC DE TIPO GENERAL,2026-03-06T00:00:00.000,2026-09-08T00:00:00.000,725,2026
66857,FONDO DE CAPITAL PRIVADO LA MONTERA COMPARTIMENTO ALEJANDRIA,16,FONDOS DE CAPITAL PRIVADO,2026-01-01T00:00:00.000,2026-09-08T00:00:00.000,251,2026
128275,FONDO DE CAPITAL PRIVADO ECRAS COMPARTIMENTO ECRAS I,16,FONDOS DE CAPITAL PRIVADO,2026-01-01T00:00:00.000,2026-09-08T00:00:00.000,251,2026
127865,CREDICORP CAPITAL ESTRATEGIA ALTERNATIVOS CRÉDITO I,28,FIC DE TIPO GENERAL,2026-01-01T00:00:00.000,2026-05-19T00:00:00.000,140,2026
67673,COMPARTIMENTO C DEL FCP AVENIDA COLOMBIA PEF,20,FONDOS DE CAPITAL PRIVADO,2026-01-01T00:00:00.000,2026-09-08T00:00:00.000,251,2026
99575,FONDO MERCADO DE REDUCCIÓN DE EMISIONES - FORE,3,FONDOS DE CAPITAL PRIVADO,2026-01-01T00:00:00.000,2026-09-08T00:00:00.000,502,2026
95663,FONDO DE CAPITAL PRIVADO INMOBILIARIO PENNY LANE CAPITAL COMPARTIMENTO I,16,FONDOS DE CAPITAL PRIVADO,2026-01-01T00:00:00.000,2026-09-08T00:00:00.000,502,2026
136542,FCP FONDO INMOBILIARIO ESPERANZA,91,FONDOS DE CAPITAL PRIVADO,2026-07-30T00:00:00.000,2026-09-08T00:00:00.000,41,2026
59740,FONDO DE INVERSION COLECTIVA ABIERTO RENTA SOSTENIBLE GLOBAL,22,FIC DE TIPO GENERAL,2026-01-01T00:00:00.000,2026-09-08T00:00:00.000,753,2026
50410,FONDO DE CAPITAL PRIVADO TRIBECA NATURAL RESOURCES FUND COMP. A TRIBECA NATURAL RESOURCES,16,FONDOS DE CAPITAL PRIVADO,2026-01-01T00:00:00.000,2026-09-08T00:00:00.000,251,2026
127287,COMPARTIMENTO INFRAESTRUCTURA DE FONDO DE CAPITAL PRIVADO PATRIA COLOMBIA,31,FONDOS DE CAPITAL PRIVADO,2026-01-01T00:00:00.000,2026-09-08T00:00:00.000,3011,2026
106866,COMPART. LIBRANZAS DEL FCP PRIVADO ALTERNATIVOS PLUS,20,FONDOS DE CAPITAL PRIVADO,2026-01-01T00:00:00.000,2026-09-08T00:00:00.000,502,2026
11407,CARTERA COLECTIVA ABIERTA DE ALTA LIQUIDEZ,12,FIC DE MERCADO MONETARIO,2026-01-01T00:00:00.000,2026-09-08T00:00:00.000,1255,2026
103927,F.I.C. A. LIQUIDEZ 1525 PLUS,20,FIC DE MERCADO MONETARIO,2026-01-01T00:00:00.000,2026-09-08T00:00:00.000,753,2026
58877,FONDO DE INVERSION COLECTIVA ABIERTO CON PACTO DE PERMANENCIA BTG PACTUAL RENTA FIJA COLOMBIA,14,FIC DE TIPO GENERAL,2026-01-01T00:00:00.000,2026-08-11T00:00:00.000,1115,2026
106313,FCP POR COMPARTIMENTOS ODINSA INFRAESTRUCTURA COMPARTIMENTO B,31,FONDOS DE CAPITAL PRIVADO,2026-01-01T00:00:00.000,2026-09-08T00:00:00.000,251,2026
73583,FCP - VALOR FORESTAL - CAUCHO 03(EN LIQUIDACIÓN),38,FONDOS DE CAPITAL PRIVADO,2026-01-01T00:00:00.000,2026-09-08T00:00:00.000,251,2026
58927,CREDICORP CAPITAL BALANCEADO III,28,FIC DE TIPO GENERAL,2026-01-01T00:00:00.000,2026-09-08T00:00:00.000,251,2026
97466,FONDO ABIERTO CON PACTO DE PERMANENCIA RENOVABLE ALTERNATIVOS ALIANZA,16,FIC DE TIPO GENERAL,2026-01-01T00:00:00.000,2026-09-08T00:00:00.000,1757,2026
106810,FONDO DE INVERSIÓN COLECTIVA CERRADO PROGRESIÓN RENTAPLÚS,9,FIC DE TIPO GENERAL,2026-01-01T00:00:00.000,2026-09-08T00:00:00.000,251,2026
127998,FONDO DE CAPITAL PRIVADO LA MONTERA COMPARTIMENTO FAROS,16,FONDOS DE CAPITAL PRIVADO,2026-01-29T00:00:00.000,2026-09-08T00:00:00.000,249,2026
72485,FONDO DE INVERSION COLECTIVA RENTA 4 GLOBAL VISTA,63,FIC DE TIPO GENERAL,2026-01-01T00:00:00.000,2026-09-08T00:00:00.000,1506,2026
90278,FONDO DE INVERSIÓN COLECTIVA INMOBILIARIO SIRENTA,3,FIC INMOBILIARIAS,2026-01-01T00:00:00.000,2026-09-08T00:00:00.000,251,2026
85172,FONDO DE CAPITAL PRIVADO AQUA COMPARTIMENTO TRES AQUA III,63,FONDOS DE CAPITAL PRIVADO,2026-01-01T00:00:00.000,2026-09-08T00:00:00.000,502,2026
102610,FONDO CERRADO SENTENCIAS NACIÓN II ALIANZA,16,FIC DE TIPO GENERAL,2026-01-01T00:00:00.000,2026-09-08T00:00:00.000,753,2026
127164,FCP PATRIA CRÉDITO COP,31,FONDOS DE CAPITAL PRIVADO,2026-01-01T00:00:00.000,2026-09-08T00:00:00.000,1004,2026
50261,FONDO DE CAPITAL PRIVADO INVERLINK ESTRUCTURAS INMOBILIARIAS COMPARTIMENTO UNO TIPO DE UNIDAD A,16,FONDOS DE CAPITAL PRIVADO,2026-01-01T00:00:00.000,2026-09-08T00:00:00.000,251,2026
76414,F.I.C. ACCIONES PLUS,20,FIC DE TIPO GENERAL,2026-01-01T00:00:00.000,2026-09-08T00:00:00.000,251,2026
117569,FONDO CERRADO ALIANZA ALTERNATIVOS LOCAL LARGO PLAZO 7 AÑOS,16,FIC DE TIPO GENERAL,2026-01-01T00:00:00.000,2026-09-08T00:00:00.000,753,2026
69368,FONDO DE INVERSIÓN COLECTIVA ABIERTO CON PACTO DE PERMANENCIA BBVA AM ESTRATEGIA BALANCEADO GLOBAL,3,FIC DE TIPO GENERAL,2026-01-01T00:00:00.000,2026-09-08T00:00:00.000,251,2026
77640,FCP - VALOR INMOBILIARIO - TERMINALES LOGÍSTICOS DE COLOMBIA - BOGOTA,38,FONDOS DE CAPITAL PRIVADO,2026-01-01T00:00:00.000,2026-09-08T00:00:00.000,753,2026
122754,FCP DEUDA INFRAESTRUCTURA III CREDICORP CAPITAL SURA,28,FONDOS DE CAPITAL PRIVADO,2026-01-01T00:00:00.000,2026-09-08T00:00:00.000,502,2026
124209,FIDUCOLDEX OBJETIVO FONDO DE INVERSIÓN COLECTIVA,40,FIC DE TIPO GENERAL,2026-01-01T00:00:00.000,2026-09-08T00:00:00.000,1004,2026
114910,FONDO DE CAPITAL PRIVADO DAVIVIENDA CORREDORES - DEUDA COMPARTIMENTO DEUDA COLOMBIA I,26,FONDOS DE CAPITAL PRIVADO,2026-01-01T00:00:00.000,2026-09-08T00:00:00.000,502,2026
93229,CREDICORP CAPITAL FACTORING,28,FIC DE TIPO GENERAL,2026-01-01T00:00:00.000,2026-09-08T00:00:00.000,753,2026
114017,FCP POR COMPARTIMENTOS ODINSA INFRAESTRUCTURA - COMPARTIMENTO D,31,FONDOS DE CAPITAL PRIVADO,2026-01-01T00:00:00.000,2026-09-08T00:00:00.000,251,2026
108266,FONDO DE INVERSION COLECTIVA ABIERTO LIQUIDEZ DOLAR,26,FIC DE TIPO GENERAL,2026-01-01T00:00:00.000,2026-09-08T00:00:00.000,251,2026
61583,UNIVERSITAS  FONDO DE INVERSION  COLECTIVA ABIERTO CON  PACTO DE  PERMANENCIA,6,FIC DE TIPO GENERAL,2026-01-01T00:00:00.000,2026-09-08T00:00:00.000,251,2026
136598,FIC CERRADO RENTA ESTRUCTURADA,31,FIC DE TIPO GENERAL,2026-08-04T00:00:00.000,2026-09-08T00:00:00.000,36,2026
126766,FONDO DE CAPITAL PRIVADO BPAC COMPARTIMENTO BPAC AEC,14,FONDOS DE CAPITAL PRIVADO,2026-01-01T00:00:00.000,2026-08-11T00:00:00.000,223,2026
121580,FIC BTG PACTUAL MGC EFICIENTE USD,14,FIC DE TIPO GENERAL,2026-01-01T00:00:00.000,2026-08-11T00:00:00.000,1115,2026
59012,FONDO DE CAPITAL PRIVADO TC LATAM - COMPARTIMENTO C,26,FONDOS DE CAPITAL PRIVADO,2026-01-01T00:00:00.000,2026-09-08T00:00:00.000,251,2026
59304,FONDO DE INVERSION COLECTIVA ABIERTO RENTA LIQUIDEZ,22,FIC DE TIPO GENERAL,2026-01-01T00:00:00.000,2026-09-08T00:00:00.000,1695,2026
122687,FONDO DE CAPITAL PRIVADO GRUPO PEGASUS COLOMBIA FONDO II -COMPARTIMENTO IRIS,26,FONDOS DE CAPITAL PRIVADO,2026-01-01T00:00:00.000,2026-09-08T00:00:00.000,502,2026
127290,FCP FDO COLOMBIA COMPARTIMENTO CAPITAL PRIVADO,31,FONDOS DE CAPITAL PRIVADO,2026-01-01T00:00:00.000,2026-03-06T00:00:00.000,779,2026
103702,FONDO BLACKROCK DEUDA INFRAESTRUCTURA COLOMBIA II,31,FONDOS DE CAPITAL PRIVADO,2026-01-01T00:00:00.000,2026-09-08T00:00:00.000,251,2026
78886,FONDO DE INVERSIÓN COLECTIVA RENTA FIJA LARGO PLAZO,26,FIC DE TIPO GENERAL,2026-01-01T00:00:00.000,2026-09-08T00:00:00.000,502,2026
73581,FCP VALOR FORESTAL CAUCHO 2 (EN LIQUIDACIÓN),38,FONDOS DE CAPITAL PRIVADO,2026-01-01T00:00:00.000,2026-09-08T00:00:00.000,251,2026
98414,FCP. CATTLEYA COMPATIMENTO 4,20,FONDOS DE CAPITAL PRIVADO,2026-01-01T00:00:00.000,2026-09-08T00:00:00.000,753,2026
135886,FONDO DE CAPITAL PRIVADO MOMENTUM - COMPARTIMENTO ACTIVOS DE LIQUIDEZ,16,FONDOS DE CAPITAL PRIVADO,2026-09-03T00:00:00.000,2026-09-08T00:00:00.000,6,2026
73593,FCP VALOR FORESTAL CACAO 01 (EN LIQUIDACIÓN),38,FONDOS DE CAPITAL PRIVADO,2026-01-01T00:00:00.000,2026-09-08T00:00:00.000,251,2026
61653,RENDIR FONDO DE INVERSION COLECTIVA ABIERTO,6,FIC DE TIPO GENERAL,2026-01-01T00:00:00.000,2026-09-08T00:00:00.000,251,2026
63301,FONDO DE INVERSION COLECTIVA ABIERTO RENTA ALTA CONVICCION,22,FIC DE TIPO GENERAL,2026-01-01T00:00:00.000,2026-09-08T00:00:00.000,753,2026
121643,FONDO DE INVERSION COLECTIVA ABIERTO CON PACTO DE PERMANENCIA  ACCIONES,9,FIC DE TIPO GENERAL,2026-01-01T00:00:00.000,2026-09-08T00:00:00.000,251,2026
66082,FONDO DE INVERSIÓN COLECTIVA INMOBILIARIO DE RENTA DAVIVIENDA CORREDORES,26,FIC INMOBILIARIAS,2026-01-01T00:00:00.000,2026-09-08T00:00:00.000,251,2026
71258,FONDO DE INVERSION COLECTIVA ABIERTO CON PACTO DE PERMANENCIA BTG PACTUAL ACCIONES INTERNACIONALES,14,FIC DE TIPO GENERAL,2026-01-01T00:00:00.000,2026-08-11T00:00:00.000,1115,2026
98186,FIC BBVA VALORES MONEY MARKET,27,FIC DE MERCADO MONETARIO,2026-01-01T00:00:00.000,2026-09-08T00:00:00.000,502,2026
136442,CREDICORP CAPITAL ESTRUCTURADO XIII,28,FIC DE TIPO GENERAL,2026-06-25T00:00:00.000,2026-09-08T00:00:00.000,76,2026
133669,FCP POR COMPARTIMENTOS GESTION INMOBILIARIA - COMPARTIMENTO 6 CRECIMIENTO URBANO,9,FONDOS DE CAPITAL PRIVADO,2026-01-01T00:00:00.000,2026-09-08T00:00:00.000,251,2026
51959,FONDO DE INVERSIÓN COLECTIVA SKANDIA MULTIPLAZO,7,FIC DE TIPO GENERAL,2026-01-01T00:00:00.000,2026-09-08T00:00:00.000,3012,2026
115734,FONDO DE INVERSIÓN COLECTIVA ABIERTO CON PACTO DE PERMANENCIA SCOTIA DEUDA PÚBLICA COLOMBIA,25,FIC DE TIPO GENERAL,2026-01-01T00:00:00.000,2026-09-08T00:00:00.000,1506,2026
71323,FCP FUTURO INMOBILIARIO COMPARTIMENTO II - VIVIENDA,16,FONDOS DE CAPITAL PRIVADO,2026-01-01T00:00:00.000,2026-09-08T00:00:00.000,502,2026
106811,FONDO DE CAPITAL PRIVADO MEDICAL,9,FONDOS DE CAPITAL PRIVADO,2026-01-01T00:00:00.000,2026-09-08T00:00:00.000,251,2026
76407,FONDO DE CAPITAL PRIVADO MALLPLAZA - COMPARTIMENTO UNO,26,FONDOS DE CAPITAL PRIVADO,2026-01-01T00:00:00.000,2026-09-08T00:00:00.000,251,2026
99250,COMPARTIMENTO NANTES INVERSIONES - FONDO DE CAPITAL PRIVADO LA MONTERA,16,FONDOS DE CAPITAL PRIVADO,2026-01-01T00:00:00.000,2026-09-08T00:00:00.000,251,2026
121149,FIC RENTA DIGITAL MODERADO,22,FIC DE TIPO GENERAL,2026-01-01T00:00:00.000,2026-09-08T00:00:00.000,251,2026
115128,FIC ABIERTO ACCICUENTA MAYOR RIESGO,3,FIC DE TIPO GENERAL,2026-01-01T00:00:00.000,2026-09-08T00:00:00.000,251,2026
58134,FONDO DE INVERSION COLECTIVA FONDO GNB ABIERTO,34,FIC DE TIPO GENERAL,2026-01-01T00:00:00.000,2026-09-08T00:00:00.000,2182,2026
104027,FONDO DE CAPITAL PRIVADO LIBRANZAS COLOMBIA,16,FONDOS DE CAPITAL PRIVADO,2026-01-01T00:00:00.000,2026-09-08T00:00:00.000,251,2026
118007,FCP STATUM COMPARTIMENTO III ? BPAC,20,FONDOS DE CAPITAL PRIVADO,2026-01-01T00:00:00.000,2026-09-08T00:00:00.000,251,2026
134023,CREDICORP CAPITAL ESTRUCTURADO XII,28,FIC DE TIPO GENERAL,2026-01-27T00:00:00.000,2026-09-08T00:00:00.000,225,2026
114986,FONDO DE INVERSIÓN COLECTIVA ABIERTO FIDUCUENTA DÓLARES,22,FIC DE TIPO GENERAL,2026-01-01T00:00:00.000,2026-09-08T00:00:00.000,326,2026
126595,FCP PLENTIA INVERSIONES - COMPARTIMENTO INTERNACIONAL COLPATRIA,97,FONDOS DE CAPITAL PRIVADO,2026-01-01T00:00:00.000,2026-09-08T00:00:00.000,251,2026
11427,CARTERA COLECTIVA ABIERTA EFECTIVO A LA VISTA,12,FIC DE TIPO GENERAL,2026-01-01T00:00:00.000,2026-09-08T00:00:00.000,1506,2026
73590,FCP - VALOR FORESTAL - CAUCHO 09 (EN LIQUIDACIÓN),38,FONDOS DE CAPITAL PRIVADO,2026-01-01T00:00:00.000,2026-09-08T00:00:00.000,251,2026
101471,FIC SURA RENTA FIJA COLOMBIA,58,FIC DE TIPO GENERAL,2026-01-01T00:00:00.000,2026-09-08T00:00:00.000,502,2026
50276,FIC COMPARTIMENTO A SECCIÓN I ASHMORE DEL FONDO DE INFRAESTRUCTURA COLOMBIA ASHMORE - FCP,16,FONDOS DE CAPITAL PRIVADO,2026-01-01T00:00:00.000,2026-09-08T00:00:00.000,251,2026
106820,FONDO DE CAPITAL PRIVADO RED HOSPITALARIA COLOMBIA,9,FONDOS DE CAPITAL PRIVADO,2026-01-01T00:00:00.000,2026-09-08T00:00:00.000,251,2026
34630,FONDO DE INFRAESTRUCTURA BROOKFIELD COLOMBIA - SUBCOMPARTIMENTO LP,16,FONDOS DE CAPITAL PRIVADO,2026-01-01T00:00:00.000,2026-09-08T00:00:00.000,251,2026
121642,FONDO DE INVERSION COLECTIVA ABIERTO GLOBAL VISTA,9,FIC DE TIPO GENERAL,2026-01-01T00:00:00.000,2026-09-08T00:00:00.000,251,2026
69537,FONDO DE INVERSION COLECTIVA ABIERTO FIC 600,39,FIC DE TIPO GENERAL,2026-01-01T00:00:00.000,2026-09-08T00:00:00.000,3205,2026
117765,FIC SURA CREDITO PRIVADO II,58,FIC DE TIPO GENERAL,2026-01-01T00:00:00.000,2026-09-08T00:00:00.000,251,2026
73586,FCP - VALOR FORESTAL - CAUCHO 05(EN LIQUIDACIÓN),38,FONDOS DE CAPITAL PRIVADO,2026-01-01T00:00:00.000,2026-09-08T00:00:00.000,251,2026
50411,FONDO DE CAPITAL PRIVADO TRIBECA NATURAL RESOURCES FUND COMP. B TRIBECA NATURAL RESOURCES,16,FONDOS DE CAPITAL PRIVADO,2026-01-01T00:00:00.000,2026-09-08T00:00:00.000,251,2026
130524,FONDO DE INVERSION COLECTIVA ABIERTO SIN PACTO DE PERMANENCIA RENTA FIJA RECURRENTE,20,FIC DE TIPO GENERAL,2026-01-01T00:00:00.000,2026-09-08T00:00:00.000,502,2026
27283,FONDO DE INFRAESTRUCTURA BROOKFIELD COLOMBIA - COMPARTIMENTO II,16,FONDOS DE CAPITAL PRIVADO,2026-01-01T00:00:00.000,2026-09-08T00:00:00.000,251,2026
129190,FONDO DE INVERSIÓN COLECTIVA ABIERTO CON PACTO DE PERMANENCIA ÓPTIMO,20,FIC DE TIPO GENERAL,2026-01-01T00:00:00.000,2026-09-08T00:00:00.000,251,2026
59079,FIC ACCIONES GLOBALES,26,FIC DE TIPO GENERAL,2026-01-01T00:00:00.000,2026-09-08T00:00:00.000,753,2026
10026,FONDO DE INVERSION COLECTIVA SUPERIOR,42,FIC DE TIPO GENERAL,2026-01-01T00:00:00.000,2026-09-08T00:00:00.000,1730,2026
130189,FCP COLOMBIAN INFRASTRUCTURE EQUITY FUND - CIEF,20,FONDOS DE CAPITAL PRIVADO,2026-01-01T00:00:00.000,2026-09-08T00:00:00.000,251,2026
122574,FONDO DE INVERSIÓN COLECTIVA ABIERTO RENTA DIGITAL ALTO CRECIMIENTO,22,FIC DE TIPO GENERAL,2026-01-01T00:00:00.000,2026-09-08T00:00:00.000,251,2026
133812,FCP CORE COMP. EDIFICA GLOBAL II,20,FONDOS DE CAPITAL PRIVADO,2026-04-06T00:00:00.000,2026-09-08T00:00:00.000,312,2026
2852,FONDO DE INVERSIÓN COLECTIVA ABIERTO FIDUCUENTA,31,FIC DE TIPO GENERAL,2026-01-01T00:00:00.000,2026-09-08T00:00:00.000,251,2026
28080,FONDO DE CAPITAL PRIVADO NEXUS INFRAESTRUCTURA I FCP - COMPARTIMENTO B EN LIQUIDACION,31,FONDOS DE CAPITAL PRIVADO,2026-01-01T00:00:00.000,2026-09-08T00:00:00.000,251,2026
60275,FONDO DE INVERSION COLECTIVA ABIERTO RENTAVAL,91,FIC DE TIPO GENERAL,2026-01-01T00:00:00.000,2026-09-08T00:00:00.000,251,2026
58247,FONDO DE DEUDA SENIOR PARA INFRAESTRUCTURA EN COLOMBIA CAF ASHMORE I,16,FONDOS DE CAPITAL PRIVADO,2026-01-01T00:00:00.000,2026-09-08T00:00:00.000,251,2026
74094,"FONDO DE CAPITAL PRIVADO INMOBILIARIO POR COMPARTIMENTOS AZUR, COMPARTIMENTO BLOCPORT",97,FONDOS DE CAPITAL PRIVADO,2026-01-01T00:00:00.000,2026-09-08T00:00:00.000,251,2026
3644,FONDO DE INVERSIÓN COLECTIVA ABIERTO RENTA ACCIONES LATAM,31,FIC DE TIPO GENERAL,2026-01-01T00:00:00.000,2026-09-08T00:00:00.000,753,2026
102364,FONDO ASHMORE ANDINO III - FCP COMPARTIMENTO C,16,FONDOS DE CAPITAL PRIVADO,2026-01-01T00:00:00.000,2026-09-08T00:00:00.000,502,2026
99251,COMPARTIMENTO ASIS INVEST - FONDO DE CAPITAL PRIVADO LA MONTERA,16,FONDOS DE CAPITAL PRIVADO,2026-01-01T00:00:00.000,2026-09-08T00:00:00.000,251,2026
79146,COMPARTIMENTO SENIOR LIVING I FCP SURA AM INMOBILIARIO,31,FONDOS DE CAPITAL PRIVADO,2026-01-01T00:00:00.000,2026-01-13T00:00:00.000,13,2026
11014,FONDO DE INVERSIÓN COLECTIVA ABIERTO SIN PACTO DE PERMANENCIA ACCION UNO,33,FIC DE TIPO GENERAL,2026-01-01T00:00:00.000,2026-09-08T00:00:00.000,251,2026
116926,FONDO CERRADO ALIANZA ALTERNATIVOS LOCAL MEDIANO PLAZO 5 AÑOS,16,FIC DE TIPO GENERAL,2026-01-01T00:00:00.000,2026-09-08T00:00:00.000,1820,2026
77050,FONDO DE CAPITAL PRIVADO MALLPLAZA - COMPARTIMENTO FARO INMOBILIARIO,26,FONDOS DE CAPITAL PRIVADO,2026-01-01T00:00:00.000,2026-09-08T00:00:00.000,251,2026
97588,FONDO DE INVERSIÓN COLECTIVA CERRADO SENTENCIAS NACIÓN ALIANZA,16,FIC DE TIPO GENERAL,2026-01-01T00:00:00.000,2026-09-08T00:00:00.000,1004,2026
128628,FONDO DE INVERSIÓN COLECTIVA SINERGIA,39,FIC DE TIPO GENERAL,2026-01-01T00:00:00.000,2026-09-08T00:00:00.000,665,2026
59501,INMOVAL FONDO INMOBILIARIO,28,FIC INMOBILIARIAS,2026-01-01T00:00:00.000,2026-09-08T00:00:00.000,251,2026
74174,COMPARTIMENTO B FCP AVENIDA COLOMBIA PEF II,20,FONDOS DE CAPITAL PRIVADO,2026-01-01T00:00:00.000,2026-09-08T00:00:00.000,1255,2026
129593,FONDO DE INVERSIÓN COLECTIVA ABIERTO CON PACTO DE PERMANENCIA ES+,20,FIC DE TIPO GENERAL,2026-01-01T00:00:00.000,2026-09-08T00:00:00.000,753,2026
58883,CREDICORP CAPITAL DEUDA CORPORATIVA,28,FIC DE TIPO GENERAL,2026-01-01T00:00:00.000,2026-09-08T00:00:00.000,753,2026
3049,FONDO DE INVERSION COLECTIVA ABIERTO CON PACTO DE PERMANENCIA PLAN SEMILLA,31,FIC DE TIPO GENERAL,2026-01-01T00:00:00.000,2026-09-08T00:00:00.000,251,2026
93625,FONDO DE INVERSION COLECTIVA ABIERTO RENTA FUTURO,22,FIC DE TIPO GENERAL,2026-01-01T00:00:00.000,2026-09-08T00:00:00.000,341,2026
122444,FONDO DE INVERSIÓN COLECTIVA FINCA RAÍZ INTERNACIONAL,26,FIC DE TIPO GENERAL,2026-01-01T00:00:00.000,2026-09-08T00:00:00.000,502,2026
135020,FONDO DE INVERSION COLECTIVA SKANDIA MONETARIO,7,FIC DE TIPO GENERAL,2026-03-30T00:00:00.000,2026-09-08T00:00:00.000,369,2026
115478,FONDO DE CAPITAL PRIVADO  YELLOWSTONE FLAGSHIP OPPORTUNITY FUND IV,16,FONDOS DE CAPITAL PRIVADO,2026-01-01T00:00:00.000,2026-09-08T00:00:00.000,1255,2026
60678,FONDO BURSÁTIL ISHARES  MSCI COLCAP,73,FIC BURSATILES,2026-01-01T00:00:00.000,2026-09-08T00:00:00.000,251,2026
59009,FONDO DE CAPITAL PRIVADO TC LATAM - COMPARTIMENTO B,26,FONDOS DE CAPITAL PRIVADO,2026-01-01T00:00:00.000,2026-09-08T00:00:00.000,251,2026
58347,FIC INTERÉS,26,FIC DE TIPO GENERAL,2026-01-01T00:00:00.000,2026-09-08T00:00:00.000,2002,2026
133531,FCP NEXUS COMP NEXUS DESARROLLOS INMOBILIARIOS II,20,FONDOS DE CAPITAL PRIVADO,2026-01-01T00:00:00.000,2026-09-08T00:00:00.000,502,2026
133542,FCP MCL IV,20,FONDOS DE CAPITAL PRIVADO,2026-01-01T00:00:00.000,2026-09-08T00:00:00.000,1004,2026
126374,FONDO DE INVERSIÓN COLECTIVA CERRADO SKANDIA ESTRUCTURADO EURO STOXX600 CON CAPITAL PROTEGIDO,7,FIC DE TIPO GENERAL,2026-01-01T00:00:00.000,2026-09-08T00:00:00.000,502,2026
130584,FONDO DE INVERSION COLECTIVA INMOBILIARIO RENTA MAS,20,FIC INMOBILIARIAS,2026-01-01T00:00:00.000,2026-09-08T00:00:00.000,502,2026
128395,FONDO DE CAPITAL PRIVADO UNIVERSA - COMPARTIMENTO I UNIVERSA,97,FONDOS DE CAPITAL PRIVADO,2026-01-01T00:00:00.000,2026-09-08T00:00:00.000,251,2026
65734,FONDO DE CAPITAL PRIVADO TC LATAM - COMPARTIMENTO G TC LATAM,26,FONDOS DE CAPITAL PRIVADO,2026-01-01T00:00:00.000,2026-09-08T00:00:00.000,251,2026
3814,FONDO DE INVERSIÓN COLECTIVA ABIERTO RENTA FIJA PLAZO,31,FIC DE TIPO GENERAL,2026-01-01T00:00:00.000,2026-09-08T00:00:00.000,502,2026
58948,FONDO DE CAPITAL PRIVADO ENERGETICO - COMPARTIMENTO C,26,FONDOS DE CAPITAL PRIVADO,2026-01-01T00:00:00.000,2026-02-11T00:00:00.000,42,2026
128110,FCP POR COMPARTIMENTOS GESTIÓN INMOBILIARIA - COMPARTIMENTO  VITALIA CAPITAL,9,FONDOS DE CAPITAL PRIVADO,2026-01-01T00:00:00.000,2026-09-08T00:00:00.000,251,2026
77049,FONDO DE CAPITAL PRIVADO MALLPLAZA - COMPARTIMENTO AS,26,FONDOS DE CAPITAL PRIVADO,2026-01-01T00:00:00.000,2026-09-08T00:00:00.000,251,2026
121640,FONDO DE INVERSION COLECTIVA CERRADO CREDIT OPPORTUNITIES FUND TITULOS VALORES,9,FIC DE TIPO GENERAL,2026-01-01T00:00:00.000,2026-09-08T00:00:00.000,251,2026
71846,FCP 4G CREDICORP CAPITAL - SURA AM COMP LIQUIDEZ I,28,FONDOS DE CAPITAL PRIVADO,2026-01-01T00:00:00.000,2026-09-08T00:00:00.000,1004,2026
50272,FONDO DE CAPITAL PRIVADO RUTA DEL SOL COMPARTIMENTO A1,16,FONDOS DE CAPITAL PRIVADO,2026-01-01T00:00:00.000,2026-09-08T00:00:00.000,251,2026
129433,FONDO BURSÁTIL GLOBAL X COLOMBIA SELECT DE S&P,20,FIC BURSATILES,2026-01-01T00:00:00.000,2026-09-08T00:00:00.000,251,2026
102363,FONDO ASHMORE ANDINO III - FCP COMPARTIMENTO B,16,FONDOS DE CAPITAL PRIVADO,2026-01-01T00:00:00.000,2026-09-08T00:00:00.000,753,2026
125474,FONDO AXIOS,38,FIC DE TIPO GENERAL,2026-01-01T00:00:00.000,2026-09-08T00:00:00.000,856,2026
13174,F.I.C. A. MERCADO MONETARIO CONFIANZA PLUS,20,FIC DE MERCADO MONETARIO,2026-01-01T00:00:00.000,2026-09-08T00:00:00.000,1506,2026
112099,FONDO DE CAPITAL PRIVADO POR COMPARTIMENTOS AVANTI,9,FONDOS DE CAPITAL PRIVADO,2026-01-01T00:00:00.000,2026-09-08T00:00:00.000,251,2026
124699,FCP POR COMPARTIMENTOS NEGOCIOS DIGITALES - COMPARTIMENTO TRAVEL TECH VENTURES,9,FONDOS DE CAPITAL PRIVADO,2026-01-01T00:00:00.000,2026-09-08T00:00:00.000,251,2026
120187,FONDO CERRADO ALIANZA SENTENCIAS NACIÓN NO 5,16,FIC DE TIPO GENERAL,2026-01-01T00:00:00.000,2026-09-08T00:00:00.000,1004,2026
124259,FCP BANCOLDEX CAPITAL FDF II COMPARTIMENTO IMPULSO TERRITORIAL,40,FONDOS DE CAPITAL PRIVADO,2026-01-01T00:00:00.000,2026-09-08T00:00:00.000,502,2026
65875,FIC FONDO DE SEGURIDAD BOLIVAR,42,FIC DE TIPO GENERAL,2026-01-01T00:00:00.000,2026-09-08T00:00:00.000,251,2026
58918,CREDICORP CAPITAL ACCIONES GLOBALES,28,FIC DE TIPO GENERAL,2026-01-01T00:00:00.000,2026-09-08T00:00:00.000,502,2026
73592,FCP VALOR FORESTAL CAUCHO 11 (EN LIQUIDACIÓN),38,FONDOS DE CAPITAL PRIVADO,2026-01-01T00:00:00.000,2026-09-08T00:00:00.000,251,2026
137409,FIC INMOBILIARIO CERRADO SKANDIA URBANO,7,FIC INMOBILIARIAS,2026-09-02T00:00:00.000,2026-09-08T00:00:00.000,10,2026
106813,FONDO DE INVERSIÓN COLECTIVA RENTA FIJA ABIERTO CON PACTO DE PERMANENCIA MEDIANO PLAZO,9,FIC DE TIPO GENERAL,2026-01-01T00:00:00.000,2026-09-08T00:00:00.000,251,2026
113006,FCP. CATTLEYA COMPATIMENTO 5,20,FONDOS DE CAPITAL PRIVADO,2026-01-01T00:00:00.000,2026-09-08T00:00:00.000,753,2026
106749,FIC SURA CREDITO PRIVADO III,58,FIC DE TIPO GENERAL,2026-01-01T00:00:00.000,2026-09-08T00:00:00.000,502,2026
9645,F.I.C. CON PACTO DE PERMANENCIA CAPITAL PLUS,20,FIC DE TIPO GENERAL,2026-01-01T00:00:00.000,2026-09-08T00:00:00.000,251,2026
8742,FIC ABIERTO BBVA FAM CON PARTICIPACIONES DIFERENCIALES,3,FIC DE TIPO GENERAL,2026-01-01T00:00:00.000,2026-09-08T00:00:00.000,1757,2026
3078,FONDO DE INVERSIÓN COLECTIVA ABIERTO RENTA BALANCEADO,31,FIC DE TIPO GENERAL,2026-01-01T00:00:00.000,2026-09-08T00:00:00.000,251,2026
123120,FONDO DE INVERSIÓN COLECTIVA EVOLUCIÓN 1525,39,FIC DE TIPO GENERAL,2026-01-01T00:00:00.000,2026-09-08T00:00:00.000,533,2026
129831,FONDO DE CAPITAL AGROEMPRESAS COLOMBIA DE SEAF,20,FONDOS DE CAPITAL PRIVADO,2026-01-01T00:00:00.000,2026-09-08T00:00:00.000,251,2026
133538,FCP EWA II - COMPARTIMENTO ESPECIAL,20,FONDOS DE CAPITAL PRIVADO,2026-01-01T00:00:00.000,2026-09-08T00:00:00.000,251,2026
120909,RETIRO FONDO DE INVERSIÓN COLECTIVA ABIERTO CON PACTO DE PERMANENCIA,6,FIC DE TIPO GENERAL,2026-01-01T00:00:00.000,2026-09-08T00:00:00.000,251,2026
82379,FIC ABIERTO CON PACTO DE PERMANENCIA AVANZAR 90 DIAS,62,FIC DE TIPO GENERAL,2026-01-01T00:00:00.000,2026-09-08T00:00:00.000,1757,2026
125072,FONDO DE CAPITAL PRIVADO BPAC COMPARTIMENTO BPAC S-I,14,FONDOS DE CAPITAL PRIVADO,2026-01-01T00:00:00.000,2026-08-11T00:00:00.000,223,2026
121644,FONDO DE CAPITAL PRIVADO POR COMPARTIMENTOS PLATAFORM - COMPARTIMENTO UNO  PLATAFORM EQUITY,9,FONDOS DE CAPITAL PRIVADO,2026-01-01T00:00:00.000,2026-09-08T00:00:00.000,251,2026
65731,FONDO DE CAPITAL PRIVADO TC LATAM - COMPARTIMENTO E TC LATAM,26,FONDOS DE CAPITAL PRIVADO,2026-01-01T00:00:00.000,2026-09-08T00:00:00.000,251,2026
93624,BTG PACTUAL ACCIONES MERCADOS EMERGENTES,14,FIC DE TIPO GENERAL,2026-01-01T00:00:00.000,2026-08-11T00:00:00.000,669,2026
18462,FONDO CASH CONSERVADOR ALIANZA 1525,16,FIC DE TIPO GENERAL,2026-01-01T00:00:00.000,2026-09-08T00:00:00.000,3732,2026
122272,FONDO DE INVERSIÓN COLECTIVA FIDUPREVISORA SOSTENIBLE,12,FIC DE TIPO GENERAL,2026-01-01T00:00:00.000,2026-09-08T00:00:00.000,1160,2026
73317,FONDO DE CAPITAL PRIVADO ARMILLA CAPITAL-COMPARTIMENTO ALPES,16,FONDOS DE CAPITAL PRIVADO,2026-01-01T00:00:00.000,2026-09-08T00:00:00.000,251,2026
128953,FONDO DE INVERSIÓN COLECTIVA ABIERTO SIN PACTO DE PERMANENCIA OCCIRENTA,20,FIC DE TIPO GENERAL,2026-01-01T00:00:00.000,2026-09-08T00:00:00.000,3396,2026
134932,FONDO DE INVERSION COLECTIVA ESTRUCTURADO POTENCIAL USA,3,FIC DE TIPO GENERAL,2026-03-17T00:00:00.000,2026-09-08T00:00:00.000,176,2026
119144,FONDO DE INVERSION COLECTIVA ABIERTO ITAU CORTO PLAZO,88,FIC DE TIPO GENERAL,2026-01-01T00:00:00.000,2026-09-08T00:00:00.000,1506,2026
61112,COMPARTIMENTO DEUDA PRIVADA INFRAESTRUCTURA I,28,FONDOS DE CAPITAL PRIVADO,2026-01-01T00:00:00.000,2026-09-08T00:00:00.000,753,2026
134617,COMPARTIMENTO 9 CONSOLIDACIÓN URBANÍSTICA,9,FONDOS DE CAPITAL PRIVADO,2026-02-26T00:00:00.000,2026-09-08T00:00:00.000,195,2026
131340,FONDO DE CAPITAL PRIVADO IMPACTA,20,FONDOS DE CAPITAL PRIVADO,2026-01-01T00:00:00.000,2026-09-08T00:00:00.000,251,2026
109571,FONDO DE CAPITAL PRIVADO SKANDIA ALTERNATIVO - COMPARTIMENTO IMPACTO,7,FONDOS DE CAPITAL PRIVADO,2026-01-01T00:00:00.000,2026-09-08T00:00:00.000,753,2026
77191,FONDO DE CAPITAL PRIVADO INMOBILIARIO SERVIVALORES GNB SUDAMERIS,91,FONDOS DE CAPITAL PRIVADO,2026-01-01T00:00:00.000,2026-09-08T00:00:00.000,251,2026
50283,FONDO DE CAPITAL PRIVADO TRG FCP LA I,16,FONDOS DE CAPITAL PRIVADO,2026-01-01T00:00:00.000,2026-09-08T00:00:00.000,251,2026
95754,FCP CARTAMA - COMPARTIMENTO GLOBAL,31,FONDOS DE CAPITAL PRIVADO,2026-01-01T00:00:00.000,2026-09-08T00:00:00.000,251,2026
71197,FONDO DE INVERSIÓN COLECTIVA ABIERTO FIC AVANZAR VISTA,62,FIC DE TIPO GENERAL,2026-01-01T00:00:00.000,2026-09-08T00:00:00.000,2008,2026
50439,COMPARTIMENTO ZONA FRANCA DEL FONDO DE CAPITAL PRIVADO INVERLINK ESTRUCTURAS INMOBILIARIAS,16,FONDOS DE CAPITAL PRIVADO,2026-01-01T00:00:00.000,2026-09-08T00:00:00.000,251,2026
113658,FONDO DE INVERSION COLECTIVA DIVERSIFICADO CONSERVADOR,26,FIC DE TIPO GENERAL,2026-01-01T00:00:00.000,2026-09-08T00:00:00.000,251,2026
58756,CREDICORP CAPITAL ALTA LIQUIDEZ,28,FIC DE TIPO GENERAL,2026-01-01T00:00:00.000,2026-09-08T00:00:00.000,1665,2026
50518,FONDO DE CO-INVERSIÓN CON EL FONDO DE INFRAESTRUCTURA ASHMORE I - FCP  COMPARTIMENTO 3 - CODAD S.A,16,FONDOS DE CAPITAL PRIVADO,2026-01-01T00:00:00.000,2026-09-08T00:00:00.000,251,2026
59738,FONDO DE INVERSION COLECTIVA ABIERTO RENTA VARIABLE COLOMBIA,22,FIC DE TIPO GENERAL,2026-01-01T00:00:00.000,2026-09-08T00:00:00.000,753,2026
85697,FONDO DE INVERSIÓN COLECTIVA INMOBILIARIO SURA AM RENTAS INMOBILIARIAS,31,FIC INMOBILIARIAS,2026-01-01T00:00:00.000,2026-09-08T00:00:00.000,502,2026
128954,FONDO DE INVERSIÓN COLECTIVA ABIERTO SIN PACTO DE PERMANENCIA AVANZA RENTA FIJA,20,FIC DE TIPO GENERAL,2026-01-01T00:00:00.000,2026-09-08T00:00:00.000,251,2026
100095,BTG PACTUAL DINAMICO,14,FIC DE TIPO GENERAL,2026-01-01T00:00:00.000,2026-08-11T00:00:00.000,1115,2026
65733,FONDO DE CAPITAL PRIVADO TC LATAM - COMPARTIMENTO F TC LATAM,26,FONDOS DE CAPITAL PRIVADO,2026-01-01T00:00:00.000,2026-09-08T00:00:00.000,251,2026
90256,FONDO DE CAPITAL PRIVADO INMOBILIARIO SALUD COMPARTIMENTO 1,16,FONDOS DE CAPITAL PRIVADO,2026-01-01T00:00:00.000,2026-09-08T00:00:00.000,502,2026
126650,FONDO DE CAPITAL PRIVADO ABACUS III COMPARTIMENTO I IRIS,97,FONDOS DE CAPITAL PRIVADO,2026-01-01T00:00:00.000,2026-09-08T00:00:00.000,251,2026
133543,COMPARTIMENTO INVERLINK ALTERNATIVOS I,20,FONDOS DE CAPITAL PRIVADO,2026-01-01T00:00:00.000,2026-09-08T00:00:00.000,251,2026
67404,FONDO DE INVERSION COLECTIVA ABIERTO CON PACTO PERMANENCIA ALIANZA RENTA FIJA 90,16,FIC DE TIPO GENERAL,2026-01-01T00:00:00.000,2026-09-08T00:00:00.000,2008,2026
58703,FONDO DE CAPITAL PRIVADO CORREDORES CAPITAL I,26,FONDOS DE CAPITAL PRIVADO,2026-01-01T00:00:00.000,2026-09-08T00:00:00.000,251,2026
81171,FONDO DE INVERSIÓN COLECTIVA CERRADO INMOBILIARIO GRANDES SUPERFICIES,7,FIC INMOBILIARIAS,2026-01-01T00:00:00.000,2026-09-08T00:00:00.000,251,2026
82718,FONDO DE INVERSIÓN COLECTIVA ABIERTO CON PACTO DE PERMANENCIA RENTAPAIS,39,FIC DE TIPO GENERAL,2026-01-01T00:00:00.000,2026-09-08T00:00:00.000,251,2026
28405,FONDO DE CAPITAL PRIVADO OXO - PROPIEDADES SOSTENIBLES COMPARTIMENTO II. OXO - PROPIEDADES SOSTENIB,16,FONDOS DE CAPITAL PRIVADO,2026-01-01T00:00:00.000,2026-09-08T00:00:00.000,251,2026
64114,FONDO ASHMORE ANDINO II - FCP COMPARTIMENTO A,16,FONDOS DE CAPITAL PRIVADO,2026-01-01T00:00:00.000,2026-09-08T00:00:00.000,753,2026
133539,FCP MCL I,20,FONDOS DE CAPITAL PRIVADO,2026-01-01T00:00:00.000,2026-09-08T00:00:00.000,251,2026
132223,FONDO DE INVERSIÓN COLECTIVA SIN PACTO DE PERMANENCIA INVERTIR+,20,FIC DE TIPO GENERAL,2026-01-01T00:00:00.000,2026-09-08T00:00:00.000,753,2026
60348,FONDO DE INVERSIÓN COLECTIVA INMOBILIARIO VISUM RENTAS INMOBILIARIAS,14,FIC INMOBILIARIAS,2026-01-01T00:00:00.000,2026-08-11T00:00:00.000,223,2026
110574,CREDICORP CAPITAL INNOVACIÓN LATAM,28,FIC DE TIPO GENERAL,2026-01-01T00:00:00.000,2026-09-08T00:00:00.000,502,2026
115124,FIC ABIERTO ACCICUENTA CONSERVADOR,3,FIC DE TIPO GENERAL,2026-01-01T00:00:00.000,2026-09-08T00:00:00.000,251,2026
2971,FONDO DE INVERSION COLECTIVA ABIERTO CON PACTO DE PERMANENCIA FIDURENTA,31,FIC DE TIPO GENERAL,2026-01-01T00:00:00.000,2026-09-08T00:00:00.000,1255,2026
126932,FONDO DE INVERSIÓN COLECTIVA ABIERTO BTG PACTUAL SOLIDEZ,14,FIC DE TIPO GENERAL,2026-01-01T00:00:00.000,2026-08-11T00:00:00.000,866,2026
132140,FCP COLOMBIAN INFRASTRUCTURE EQUITY FUND B (CIEF B),20,FONDOS DE CAPITAL PRIVADO,2026-01-01T00:00:00.000,2026-09-08T00:00:00.000,251,2026
93197,CREDICORP CAPITAL VISTA,28,FIC DE TIPO GENERAL,2026-01-01T00:00:00.000,2026-09-08T00:00:00.000,1505,2026
119158,FONDO DE INVERSION COLECTIVA ABIERTO ITAU ACCIONES COLOMBIA,88,FIC DE TIPO GENERAL,2026-01-01T00:00:00.000,2026-09-08T00:00:00.000,251,2026
93253,CREDICORP CAPITAL REAL ESTATE 2011 - COMPARTIMENTO UNO EN LIQUIDACIÓN,28,FONDOS DE CAPITAL PRIVADO,2026-01-01T00:00:00.000,2026-09-08T00:00:00.000,251,2026
53954,F.I.C. VALOR PLUS I,20,FIC DE TIPO GENERAL,2026-01-01T00:00:00.000,2026-09-08T00:00:00.000,3012,2026
121932,FCP. NEXT UTILITY VENTURES COMP. 2,20,FONDOS DE CAPITAL PRIVADO,2026-01-01T00:00:00.000,2026-09-08T00:00:00.000,251,2026
53970,FONDO DE INVERSION COLECTIVA CERRADO SURA CREDITO PRIVADO COLOMBIA,58,FIC DE TIPO GENERAL,2026-01-01T00:00:00.000,2026-09-08T00:00:00.000,1004,2026
32814,FONDO DE INVERSION COLECTIVA CCA RENTALIQUIDA FIDUCAFE,42,FIC DE TIPO GENERAL,2026-01-01T00:00:00.000,2026-09-08T00:00:00.000,1199,2026
99377,FONDO DE CAPITAL PRIVADO PLENTIA INVERSIONES COMPARTIMENTO IV ARGO,97,FONDOS DE CAPITAL PRIVADO,2026-01-01T00:00:00.000,2026-09-08T00:00:00.000,251,2026
133540,FCP MCL II,20,FONDOS DE CAPITAL PRIVADO,2026-01-01T00:00:00.000,2026-09-08T00:00:00.000,251,2026
115726,FONDO DE INVERSIÓN COLECTIVA ABIERTO CON PACTO DE PERMANENCIA SCOTIA PORTAFOLIO GLOBAL MÁS CONSERVA,25,FIC DE TIPO GENERAL,2026-01-01T00:00:00.000,2026-09-08T00:00:00.000,753,2026
111307,F.C.P. VID COMPARTIMENTO II JIDUSH,20,FONDOS DE CAPITAL PRIVADO,2026-01-01T00:00:00.000,2026-09-08T00:00:00.000,753,2026
119695,FIC ABIERTO SIN PACTO DE PERMANENCIA ETF 500 US,3,FIC DE TIPO GENERAL,2026-01-01T00:00:00.000,2026-09-08T00:00:00.000,251,2026
72899,FONDO DE CAPITAL PRIVADO INMOBILIARIO GRUPO PEGASUS COLOMBIA FONDO I COMPARTIMENTO 1 PEGASUS VIVIEN,26,FONDOS DE CAPITAL PRIVADO,2026-01-01T00:00:00.000,2026-09-08T00:00:00.000,502,2026
133537,FCP EWA II - COMPARTIMENTO 1,20,FONDOS DE CAPITAL PRIVADO,2026-01-01T00:00:00.000,2026-09-08T00:00:00.000,251,2026
133541,FCP MCL III,20,FONDOS DE CAPITAL PRIVADO,2026-01-01T00:00:00.000,2026-09-08T00:00:00.000,251,2026
119160,FONDO DE INVERSION COLECTIVA ITAÚ DOLAR RENTA FIJA,88,FIC DE TIPO GENERAL,2026-01-01T00:00:00.000,2026-09-08T00:00:00.000,251,2026
50304,FONDO DE CAPITAL PRIVADO VALORAR FUTURO,16,FONDOS DE CAPITAL PRIVADO,2026-01-01T00:00:00.000,2026-09-08T00:00:00.000,251,2026
135946,FIC RENTA FIJA CERRADO 12M PLUS,3,FIC DE TIPO GENERAL,2026-05-27T00:00:00.000,2026-09-08T00:00:00.000,105,2026
59105,CREDICORP CAPITAL ACCIONES COLOMBIA,28,FIC DE TIPO GENERAL,2026-01-01T00:00:00.000,2026-09-08T00:00:00.000,951,2026
126160,FONDO DE CAPITAL PRIVADO AZUR COMPARTIMENTO M116,97,FONDOS DE CAPITAL PRIVADO,2026-01-01T00:00:00.000,2026-09-08T00:00:00.000,251,2026
34644,FONDO DE INFRAESTRUCTURA BROOKFIELD COLOMBIA - SUBCOMPARTIMENTO GP,16,FONDOS DE CAPITAL PRIVADO,2026-01-01T00:00:00.000,2026-09-08T00:00:00.000,251,2026
121928,FCP. CAPITAL PRIVADO NEXT UTILITY VENTURES COMPARTIMENTO I.,20,FONDOS DE CAPITAL PRIVADO,2026-01-01T00:00:00.000,2026-09-08T00:00:00.000,1004,2026
38802,FONDO DE CAPITAL PRIVADO OXO - PROPIEDADES SOSTENIBLES COMPARTIMENTO III. BARRANQUILLA. OXO - PROPI,16,FONDOS DE CAPITAL PRIVADO,2026-01-01T00:00:00.000,2026-09-08T00:00:00.000,251,2026
11962,FONDO DE INVERSIÓN COLECTIVA ABIERTO BBVA PAÍS CON PARTICIPACIONES DIFERENCIALES,3,FIC DE TIPO GENERAL,2026-01-01T00:00:00.000,2026-09-08T00:00:00.000,1004,2026
113579,FONDO CERRADO ALIANZA ALTERNATIVOS LOCAL MEDIANO PLAZO,16,FIC DE TIPO GENERAL,2026-01-01T00:00:00.000,2026-09-08T00:00:00.000,1408,2026
135649,FONDO DE INVERSIÓN COLECTIVA SKANDIA CERRADO CAT XXX,7,FIC DE TIPO GENERAL,2026-05-04T00:00:00.000,2026-05-14T00:00:00.000,11,2026
102266,COMPARTIMENTO A - FCP DEUDA INFRAESTRUCTURA II SURA - CREDICORP CAPITAL,28,FONDOS DE CAPITAL PRIVADO,2026-01-01T00:00:00.000,2026-09-08T00:00:00.000,753,2026
10025,FONDO DE INVERSION COLECTIVA CONSOLIDAR,42,FIC DE TIPO GENERAL,2026-01-01T00:00:00.000,2026-09-08T00:00:00.000,251,2026
67403,FONDO DE INVERSION COLECTIVA ABIERTO CON PACTO DE PERMANENCIA ALIANZA ACCIONES,16,FIC DE TIPO GENERAL,2026-01-01T00:00:00.000,2026-09-08T00:00:00.000,1757,2026
96346,FONDO DE CAPITAL PRIVADO PLENTIA INVERSIONES - COMPARTIMENTO II - INVERLOJA,97,FONDOS DE CAPITAL PRIVADO,2026-01-01T00:00:00.000,2026-09-08T00:00:00.000,251,2026
60273,FONDO DE INVERSIÓN COLECTIVA CERRADO BTG PACTUAL CRÉDITO,14,FIC DE TIPO GENERAL,2026-01-01T00:00:00.000,2026-08-11T00:00:00.000,446,2026
11149,FONDO DE INVERSIÓN COLECTIVA FIDUCOLDEX,40,FIC DE TIPO GENERAL,2026-01-01T00:00:00.000,2026-09-08T00:00:00.000,2761,2026
59076,FIC RENTA FIJA MEDIANO PLAZO MULTIESCALA,26,FIC DE TIPO GENERAL,2026-01-01T00:00:00.000,2026-09-08T00:00:00.000,753,2026
108638,BTG PACTUAL ALTA DURACION COLOMBIA,14,FIC DE TIPO GENERAL,2026-01-01T00:00:00.000,2026-08-11T00:00:00.000,1115,2026
121641,FONDO DE INVERSION COLECTIVA CERRADO RENTA CREDITO,9,FIC DE TIPO GENERAL,2026-01-01T00:00:00.000,2026-08-01T00:00:00.000,213,2026
121648,FONDO DE CAPITAL PRIVADO TAURUS CAPITAL COMPARTIMENTO UNO,9,FONDOS DE CAPITAL PRIVADO,2026-01-01T00:00:00.000,2026-09-08T00:00:00.000,251,2026
67066,CREDICORP CAPITAL DEUDA CORPORATIVA LATAM,28,FIC DE TIPO GENERAL,2026-01-01T00:00:00.000,2026-09-08T00:00:00.000,502,2026
118816,FONDO CERRADO ALIANZA SENTENCIAS NACIÓN NO 4,16,FIC DE TIPO GENERAL,2026-01-01T00:00:00.000,2026-09-08T00:00:00.000,753,2026
133527,FONDO DE CAPITAL NEXUS INMOBILIARIO - COMPARTIMENTO INMUEBLES BANCO DE BOGOTÁ,20,FONDOS DE CAPITAL PRIVADO,2026-01-01T00:00:00.000,2026-09-08T00:00:00.000,251,2026
2713,FONDO DE CAPITAL PRIVADO FONDO INMOBILIARIO COLOMBIA,31,FONDOS DE CAPITAL PRIVADO,2026-01-01T00:00:00.000,2026-09-08T00:00:00.000,251,2026
72905,FONDO DE CAPITAL PRIVADO PALADIN REALTY COLOMBIA COMPARTIMENTO B,26,FONDOS DE CAPITAL PRIVADO,2026-01-01T00:00:00.000,2026-09-08T00:00:00.000,251,2026
119133,FONDO DE INVERSION COLECTIVA ABIERTO ITAU MONEY MARKET,88,FIC DE TIPO GENERAL,2026-01-01T00:00:00.000,2026-09-08T00:00:00.000,1506,2026
54576,FONDO DE INVERSION COLECTIVA ABIERTO CON PACTO DE PERMANENCIA ARCO IRIS TÍTULOS DEUDA PRIVADA,33,FIC DE TIPO GENERAL,2026-01-01T00:00:00.000,2026-09-08T00:00:00.000,251,2026
75995,"FONDO DE CO-INVERSIÓN CON EL FONDO DE INFRAESTRUCTURA ASHMORE I FCP, COMPARTIMENTO I",16,FONDOS DE CAPITAL PRIVADO,2026-01-01T00:00:00.000,2026-09-08T00:00:00.000,502,2026
133544,COMPARTIMENTO INVERLINK ALTERNATIVOS IV,20,FONDOS DE CAPITAL PRIVADO,2026-01-01T00:00:00.000,2026-09-08T00:00:00.000,251,2026
106812,FONDO DE CAPITAL PRIVADO PROGRESION INMOBILIARIO,9,FONDOS DE CAPITAL PRIVADO,2026-01-01T00:00:00.000,2026-09-08T00:00:00.000,251,2026
73591,FCP - VALOR FORESTAL - CAUCHO 10 (EN LIQUIDACIÓN),38,FONDOS DE CAPITAL PRIVADO,2026-01-01T00:00:00.000,2026-09-08T00:00:00.000,251,2026
105499,FONDO DE CAPITAL PRIVADO INMOBILIARIO PLUS COMPARTIMENTO I,20,FONDOS DE CAPITAL PRIVADO,2026-01-01T00:00:00.000,2026-09-08T00:00:00.000,502,2026
